"{""Objective"":""Generate an ultra-realistic street-fashion portrait of a young man walking confidently outdoors based on the provided reference image."",""Scene_Description"":{""Environment"":{""Setting"":""Wet pavement near a modern café"",""Background"":{""Style"":""Blurred urban environment"",""Elements"":[""Palm tree"",""Orange and black road barriers"",""Soft urban structures""]},""Lighting"":{""Type"":""Warm natural sunlight"",""Effects"":[""Crisp shadows"",""Golden highlights on clothing and hair"",""Instagram-style warm color mood""]},""Atmosphere"":""Casual, stylish, modern street fashion""},""Subject"":{""Identity"":""Maintain facial features consistent with the provided reference image"",""Appearance"":{""Hair"":""Stylish, slightly messy natural hairstyle"",""Expression"":""Calm, confident""},""Pose"":{""Action"":""Walking confidently on wet pavement"",""Hands"":""Partially in pockets"",""Body_Language"":""Relaxed yet assured, modern fashion posture""}}},""Wardrobe"":{""Outfit"":{""Jacket"":""Beige jacket"",""Shirt"":""White T-shirt"",""Pants"":""Baggy olive jeans"",""Footwear"":""White sneakers""}},""Visual_Style"":{""Aesthetic"":""Instagram-style street fashion"",""Quality"":""Ultra-realistic with sharp details"",""Color_Profile"":""Warm sunlight tones with soft urban contrast"",""Detail_Characteristics"":[""Realistic fabric texture"",""Wet pavement reflections"",""Cinematic blur and depth"",""High clarity in subject’s face and clothing""]},""Output_Requirements"":{""Format"":""Image"",""Quality"":""High-detail, photorealistic, street-fashion editorial""}}",Image Generation / Fashion Photography
"{""scene"":{""location"":""Times Square, New York"",""time"":""Rainy night"",""composition"":{""left_side"":[{""type"":""LED billboard"",""style"":""vertical"",""text_color"":""white-on-black""},{""type"":""curved LED screen"",""detail"":""above yellow arrow for Hershey's store""}],""right_side"":{""subject_position"":""near curb"",""traffic"":{""vehicles"":""city taxis and cars"",""details"":""brake lights forming a slow line""}}},""environment"":{""ground"":""wet asphalt"",""reflection_colors"":[""neon magenta"",""icy blue""],""puddles"":{""reflecting_lights"":true,""object_details"":[""scattered takeaway cups""]},""atmosphere"":[""electric"",""intimate""]}},""subject"":{""identity"":""Uploaded subject"",""face_requirement"":""Do not change facial features. Must look 1000% identical."",""pose"":""Relaxed, facing camera"",""holding"":""Folded black umbrella by handle"",""outfit"":{""jacket"":{""material"":""black faux-leather varsity"",""design"":{""cobalt_panel"":true,""cream_stripe"":true,""embroidery"":""Vintage script"",""lettering"":""Block OF"",""patch"":""1987 stitched on sleeve"",""reflective_piping"":true,""highlight_color"":""purple reflection""}}}},""background"":{""elements"":[""cars"",""scaffolding"",""stacked storefront signs""]},""style"":{""resolution"":""HD"",""aesthetic"":[""realistic"",""natural"",""authentic""],""camera"":""iPhone""}}",Image Generation / Urban Night Portrait
"{""prompt"":""A stylish young woman with long blonde hair, wearing a black leather or faux-leather one-shoulder top and light-wash blue jeans, is sitting in the back seat of a luxury car at night. She is positioned facing toward the front of the car, slightly turned, and is using a white smartphone (likely an iPhone) to take a picture or video. The phone is resting on the top of the plush, light-colored (off-white or beige) leather headrest of the front passenger seat. The car's interior is clean and upscale, with visible electronic seat controls on the side of the seat. Through the car's window and sunroof, you can see a softly illuminated building exterior in a city setting, suggesting a high-end urban environment. The lighting is low and moody, coming primarily from streetlights and interior ambient car lighting, creating soft shadows and highlighting her makeup (red lipstick, winged eyeliner). The overall mood is chic, modern, and candid."",""style"":{""aesthetic"":""Candid, Cinematic, Lifestyle Photography"",""lighting"":""Low-light, Moody, Ambient Car Lighting, Nighttime Streetlight Glow"",""camera_settings"":""Shallow Depth of Field (focus on the subject and phone), High Detail, Rich Contrast"",""color_palette"":""Blacks, soft whites/beiges, muted blues, with pops of pink/red from the phone's screen light and lipstick""},""subject_details"":{""gender"":""Female"",""age_range"":""20s"",""hair"":""Long, straight, blonde, with a silver hair clip"",""clothing"":""Black one-shoulder top (leather/vinyl), light blue jeans"",""activity"":""Taking a picture/video with a smartphone"",""accessories"":""Delicate silver necklace, small silver hair clip""},""environment"":{""location"":""Back seat of a luxury car (e.g., Mercedes-Benz, BMW, or similar high-end vehicle)"",""time_of_day"":""Night"",""background_elements"":""Illuminated city building, car sunroof, light-colored leather interior""}}",Image Generation / Candid Lifestyle Photography
"{""subject"":{""primary"":""Legendary heavyweight boxer Mike Tyson, shaved head, iconic-style face pattern (non-identical)"",""action"":""Yelling with fists raised in a spontaneous high-energy moment"",""appearance"":""Sweaty skin, intense expression, raw physical power""},""scene"":{""environment"":""Urban street corner with bystanders filming on smartphones"",""elements"":""People reacting with shock and excitement, chaotic background"",""tone"":""Candid, unplanned, viral atmosphere""},""camera"":{""angle"":""Amateur smartphone close-up, slightly tilted"",""lens"":""Wide-angle phone lens with mild distortion"",""focus"":""Subject sharp, background blurred with motion""},""lighting"":{""type"":""Natural or street LED lighting"",""effects"":""Overexposed highlights, lens flare, harsh shadows""},""fx"":{""stylizations"":""Smartphone grain, motion blur, unstable exposure"",""atmosphere"":[""Dust in air"",""Phone flash reflections""]},""visualStyle"":{""render"":""Hyper-realistic amateur photo"",""palette"":""Neutral outdoor tones"",""grading"":""High contrast, slightly oversaturated""}}",Image Generation / Candid Celebrity Street Photo
"{""prompt"":""Hyperrealistic portrait of a young woman (female character) against a completely black background. Dark, dramatic, mysterious mood. Diagonal angled beam of light from top-left shining toward lower-right — the beam hits the long dark hair first, illuminating individual hair strands and creating scattered highlights; the light passes through hair strands and casts broken, irregular shadow patterns across the face (no straight horizontal light band). Hair: long, dark, slightly tousled with loose strands; some strands glow brightly where hit by the beam, other strands fade into deep shadow. Pose: one hand gently touching the lips, fingers relaxed and natural. Expression: eyes looking directly at the camera with a mysterious, quiet gaze. Skin: natural human skin texture with visible pores, micro-details, fine lines, soft imperfections, realistic subsurface scattering and true-to-life shading (no stylized smoothing). High falloff outside the beam — everything outside the illuminated diagonal area falls into deep darkness; sweater and torso blend into shadows. Composition: tight head-and-shoulders portrait, diagonal spotlight across hair and face, strong contrast, ultra-detailed. Camera: shallow depth of field, realistic lens bokeh on background (background completely black), subtle film grain for texture. Lighting specifics: angled top-left diagonal beam shaped by hair; beam edges irregular, hair-caused gobo-like shadows on cheek and lips; highlights on hair are strand-level; avoid even or flat fill light — preserve dramatic one-beam lighting. Style & rendering: hyperrealistic, photoreal detail, 8K ultra-detailed (very high resolution), realistic materials, natural color grading, cinematic contrast."",""negative_prompt"":""anime smoothness, plastic skin, overly stylized or cartoon rendering, flat lighting, straight horizontal light band, visible background elements, busy background, extra limbs, extra fingers, low detail, soft-focus over-blur, overexposed highlights, harsh clipping, unnatural eye shapes, exaggerated anatomy, watermark, text, signature, obvious 3D render artifacts, overly-saturated colors"",""resolution"":""7680x4320"",""aspect_ratio"":""16:9"",""quality"":""8K ultra-detailed"",""steps"":30,""sampler"":""Euler a"",""cfg_scale"":8.5,""seed"":null,""language"":""en"",""notes"":[""Ensure beam is diagonal and shaped by hair; do NOT use a straight horizontal light band."",""Prioritize strand-level highlights in hair and broken shadow patterns on face."",""Keep everything outside the beam in deep shadow; sweater should merge with background."",""Avoid anime-style smoothing — emphasize realistic skin micro-details and subsurface scattering.""]}",Image Generation / Dramatic Portrait
"{""subject"":{""description"":""A lone Viking survivor trekking through a burned Viking village"",""mirror_rules"":""Reflection on a shattered metal shield leaning against debris"",""age"":""late 30s"",""expression"":""fierce, exhausted, determined, eyes full of loss"",""hair"":{""color"":""dirty blonde"",""style"":""long, tangled, partially braided with frost gathering""},""clothing"":{""top"":{""type"":""fur-lined leather tunic"",""color"":""dark brown with faded red markings"",""details"":""cut marks, smoky residue, torn seams""},""bottom"":{""type"":""wool trousers"",""color"":""ashen grey"",""details"":""mud splatter, frayed edges""}},""face"":{""preserve_original"":true,""makeup"":""war paint smudged, dried blood, windburn, and ash""}},""accessories"":{""headwear"":{""type"":""none"",""details"":""hair partially covering forehead""},""jewelry"":{""earrings"":""none"",""necklace"":""hand-carved rune pendant"",""wrist"":""leather bracer with axe scrapes"",""rings"":""simple iron ring""},""device"":{""type"":""none"",""details"":""no modern tech""},""prop"":{""type"":""battle-worn Viking axe"",""details"":""blood stains, chipped blade, wrapped leather grip""}},""photography"":{""camera_style"":""Dark cinematic realism with subtle grain"",""angle"":""mid-wide shot, slightly low angle"",""shot_type"":""walking slowly toward camera, full body"",""aspect_ratio"":""16:9"",""texture"":""realistic weathering, crisp details, moody tones""},""background"":{""setting"":""ruined Viking settlement near a fjord"",""wall_color"":""charcoal wood and burned structures"",""elements"":[""collapsed longhouse"",""smoldering fire pit"",""abandoned shields and weapons"",""snow-covered mountains in the distance"",""ravens circling overhead""],""atmosphere"":""somber, cold, mythic survival energy"",""lighting"":""misty morning light, diffused and cold with pale highlights""}}",Image Generation / Historical Cinematic Scene
"{""subject"":""woman posing confidently against a pillar"",""outfit"":{""color"":""all black"",""top"":""long-sleeve sequined crop top with deep square neckline"",""bottom"":""high-waisted maxi skirt with high side slit"",""fabric"":""sequined / glitter fabric on top and upper skirt, matte flowy fabric on lower skirt"",""shoes"":""black pointed-toe high-heel sandals with ankle strap"",""accessories"":""sparkling choker necklace, ankle bracelet, large hoop earrings""},""pose"":""leaning back against white pillar with left hand, right leg bent and lifted, right hand resting on thigh"",""hair"":""dark brown, shoulder-length, loose waves"",""makeup"":""bold red lipstick, dramatic eye makeup, contoured cheeks"",""lighting"":""warm ambient evening lighting with bokeh lights in background"",""setting"":""indoor/outdoor architectural space with arches, columns, and soft overhead circular lights"",""mood"":""glamorous, seductive, high-fashion"",""overall_style"":""evening wear, red-carpet / gala look""}",Image Generation / Glamorous Fashion Portrait
"{""prompt"":""A premium cinematic portrait of a man with natural dark facial features, sitting relaxed on a long modern white sofa in a minimal luxury interior. He wears an all-black suit with the shirt slightly open for a stylish formal-casual balance. His left arm stretches along the backrest, right hand holding a matte black coffee cup, legs crossed confidently. Soft ambient window light creates gentle shadows without overexposing the skin. The background features sheer white curtains glowing subtly, and a white sculptural décor piece adds artistic elegance. Shot in DSLR clarity with luxurious high-end lifestyle aesthetics, cinematic lighting, sharp details, professional photography, 8k resolution"",""negative_prompt"":""blurry, low quality, overexposed, underexposed, distorted face, unnatural lighting, busy background, harsh shadows, grainy, amateur, cartoon, painting, 3d render"",""parameters"":{""aspect_ratio"":""9:16"",""style"":""photorealistic"",""lighting"":""soft cinematic"",""quality"":""ultra high"",""details"":""hyper realistic skin texture, sharp fabric details, atmospheric depth"",""camera"":""DSLR, 85mm lens, f/1.4 aperture""},""signature"":""Shreya Yadav"",""model_recommendation"":""Realistic Vision V5.1 or Juggernaut XL""}",Image Generation / Luxury Lifestyle Portrait
"{""scene_description"":""A dazzling, icy-themed mirror selfie of a stylish young woman in a Disney store, channeling a modern Frozen aesthetic."",""image_reference"":{""path"":""[UPLOADED_IMAGE]"",""weight"":""high"",""influence"":""face_and_body_structure""},""subject"":{""type"":""The woman from the uploaded image"",""age"":""match input image"",""features"":{""hair"":""loose platinum or cool-toned waves cascading over shoulders"",""expression"":""elegant smile, confident gaze into the mirror"",""makeup"":""shimmering silver eyeshadow, cool-toned highlighter, glossy pink lips""},""attire"":""a shimmering icy-blue corset top with intricate sequin detailing, a crisp white pleated tennis skirt, and sheer glittery opera gloves"",""accessories"":""a delicate silver crystal tiara, a rhinestone-encrusted phone case, a small Olaf plushie resting on the counter"",""position"":""standing elegantly with one hand on hip, holding phone with the other""},""action"":{""primary"":""taking a glamour shot in the mirror"",""secondary"":""showcasing the sparkle of the outfit"",""effect"":""glitter and sequins catching the light beautifully""},""environment"":{""setting"":""Disney store Frozen section"",""foreground_elements"":[""sparkly phone case"",""glass mirror surface"",""snowflake decorations""],""background_elements"":[""shelves filled with blue and white merchandise"",""castle displays"",""cool-toned LED retail lighting""]},""lighting"":{""style"":""Cool and Crisp High-Key"",""key_light"":{""type"":""Cool white softbox simulation"",""color"":""Ice blue/White"",""illuminates"":""the sequins on the corset and the subject's face""},""background_light"":{""color"":""Soft cyan backlighting""},""shadows"":""sharp, crisp reflections""},""style"":{""medium"":""Smartphone photography"",""aesthetic"":""Ice Princess Core, Luxury Teen, Sparkle Filter"",""quality"":""8k resolution, texture-focused (sequins/glitter)"",""details"":""ultra-detailed fabric textures""},""visual_description"":{""core_subject"":""A modern interpretation of a winter princess with high-fashion streetwear elements."",""attire_physics"":""The corset structure fits tightly, while the skirt pleats fall perfectly."",""skin_rendering"":""Porcelain smooth skin with a cold-weather flush.""},""lighting_and_atmosphere"":{""type"":""Winter Wonderland Indoors"",""specifics"":""Lens flares from the sequins (star filter effect)"",""color_grade"":""Cool blues, silvers, and crisp whites""},""attire_customization"":{""current_clothing"":""Icy-blue sequin corset, white tennis skirt, glitter gloves"",""customizable_clothing"":""Can be swapped for a long blue satin gown for a more formal look""},""camera_and_lens"":{""focal_length_feel"":""24mm Smartphone Wide"",""aperture_effect"":""f/1.8"",""camera_angle"":""Eye-level mirror reflection"",""lens_type"":""Modern digital lens"",""bokeh_style"":""Sparkly bokeh in background""}}",Image Generation / Themed Retail Photography
"{""image"":{""subject"":{""description"":""A young woman with long brown hair blowing in the wind, seen in profile."",""clothing"":""A purple knit sweater and a beige pleated skirt."",""action"":""Holding a mug with both hands and looking out at the view.""},""setting"":{""location"":""A balcony at night."",""background"":""A blurred city skyline with numerous warm bokeh lights from buildings and traffic. A string of warm fairy lights is draped on the glass railing."",""atmosphere"":""Contemplative, serene, and peaceful.""},""style"":""A photograph."",""text"":{""content"":""Shreya Yadav"",""location"":""Bottom right corner""},""filename"":""image_1.png""}}",Image Generation / Contemplative Portrait
"{""image_description"":{""face"":{""preserve_original"":true,""reference_match"":true,""description"":""Maintain the same facial features, natural expression, and identity from the uploaded image without altering structure or proportions.""},""photo_style"":{""type"":""natural outdoor portrait"",""camera_angle"":""close-up, slightly low angle"",""lighting"":""bright natural sunlight with warm highlights on skin"",""mood"":""fresh, tropical, radiant"",""depth_of_field"":""sharp subject, clear background""},""subject"":{""pose"":""raising one arm upward to touch the wooden roof structure, body angled slightly to the side"",""expression"":""soft, curious gaze looking off-camera"",""hair"":{""style"":""long dark, messy hairs"",""details"":""tucked behind ear with a flower accessory""},""accessories"":{""hair_flower"":""large white plumeria tucked behind the ear"",""necklace"":""thin gold chain necklace""},""clothing"":{""top_layer"":{""type"":""oversized beige button-up shirt"",""details"":""lightweight fabric, unbuttoned at the top"",""brand_logo"":""small embroidered Polo Ralph Lauren logo""},""inner_top"":{""type"":""animal-print crop top"",""details"":""visible under the open shirt""}}},""environment"":{""setting"":""tropical beach hut or seaside wooden cabana"",""background"":[""blue ocean water"",""bright sky with scattered clouds"",""distant city skyline and coastal buildings"",""wooden beams and thatched roofing above""],""atmosphere"":""sunny, warm, relaxed coastal vibe""},""aesthetic"":{""style"":""tropical vacation portrait"",""features"":[""sun-kissed skin"",""soft natural blush"",""vibrant coastal colors"",""laid-back holiday mood"",""clean and bright natural lighting""]}}}",Image Generation / Tropical Outdoor Portrait
"{""prompt"":""A young woman with long, softly curled dark hair takes a cinematic mirror selfie in a bathroom lit by warm golden-hour light streaming through a small window. She wears a fitted charcoal tank top, and her silhouette glows with warm rim-light. Steam from a recent shower adds a hazy, atmospheric layer. The bathroom features tan stone tiles, a backlit mirror, and soft dust particles glowing in the light. The overall vibe is dramatic, moody, and film-like with rich contrast."",""negative_prompt"":""blurry, grainy, flat lighting, low detail, bad reflections, distorted hands, cartoon, watercolor, overexposed highlights, washed-out colors"",""steps"":50,""sampler"":""DPM++ 2M Karras"",""cfg_scale"":8,""seed"":-1,""width"":512,""height"":768,""model"":""realisticVisionV60B1""}",Image Generation / Atmospheric Mirror Selfie
"{""Objective"":""Transform the user's descriptive scene prompt into a structured JSON format for clarity, reusability, or integration into other systems (e.g., AI image generation, project planning, scene documentation)."",""Persona_Details"":{""Character"":""Man wearing glasses"",""Clothing"":{""Outerwear"":""Orange winter clothing"",""Footwear"":""Dark red and black ice boots"",""Accessories"":""Glasses""},""Behavior"":""Ice fishing with a research-focused approach"",""Actions"":[""Sits outside a light brown tent"",""Tent opens toward the ice pond"",""Checks the black front cover"",""Surveys the ice pond"",""Observes small items near him""]},""Environment_Details"":{""Setting"":""Frozen ice pond"",""Tent_Color"":""Light brown"",""Sky"":""White, cloudy, heavy atmosphere"",""Weather"":""Very cold"",""Lighting"":""Natural, diffused due to cloud cover"",""Scene_Composition"":{""Subject_Position"":""Slightly right of center"",""Purpose"":""Emphasize ice landscape"",""Framing"":""Ice and white sky close off the blue center and disperse outward""}},""Objects_and_Props"":{""Ice_Fishing_Equipment"":[""Black front cover"",""Fishing tools (implied)""],""Observed_Items"":[""Small objects placed near the tent entrance"",""Two stainless steel water bottles""]},""Technical_Attributes"":{""Style"":""High-resolution realism"",""Resolution"":""4K"",""Detail_Emphasis"":[""Folds of tent fabric"",""Texture of the ice"",""Fine environmental details""]},""Task_Instructions"":{""Intended_Usage"":""Use this structured JSON to recreate, refine, or expand upon the scene described in the prompt."",""Editable_Fields"":[""Persona_Details"",""Environment_Details"",""Objects_and_Props"",""Technical_Attributes""],""Guidance"":""Users can modify values to adjust imagery, realism, character placement, weather, or style.""},""Response_Format"":{""Type"":""Structured Scene JSON"",""Consistency_Requirements"":[""Maintain clarity and modularity"",""Allow easy editing for new scenarios"",""Preserve user intent and descriptive accuracy""]}}",Text Generation / Scene Structuring JSON
"{""description"":{""scene"":""A glamorous woman posing dramatically in a hotel corridor, framed inside an elevator."",""appearance"":{""hair"":""Light brown hair styled in soft waves."",""makeup"":""Bold red lipstick with a darker eye makeup look."",""accessories"":""Layered pearl necklaces cascading over her décolletage."",""outfit"":{""dress"":""Floor-length white or ivory satin slip dress with a glossy finish, V-neckline, thin straps, form-fitting drape, possible lace details or slit."",""coat"":""Ankle-length luxurious white coat with long delicate feathery texture, worn open."",""bag"":""Small structured black handbag with gold chain strap, quilted style.""}},""pose"":{""body"":""Slightly angled posture, one foot stepping out of the elevator."",""arms"":""Right arm extended upward, resting on the door frame."",""head"":""Head tilted down and to the right, eyes looking downward with a seductive expression.""},""composition"":{""framing"":""She fills the majority of the frame inside the elevator."",""elevator"":""Dark muted gold or bronze reflective panel walls with vertical lines and dark trim."",""lighting"":""Warm overhead elevator light illuminating her hair, dress sheen, and feather texture, creating highlights on metallic surfaces."",""mood"":""High fashion, vintage glamour, luxurious and dramatic atmosphere.""},""allowed_changes"":{""makeup"":""You may change makeup."",""attire"":""You may change outfit."",""pose"":""You may change the pose.""}}}",Image Generation / Glamorous Fashion Portrait
"{""scene_description"":""A surreal, monumental wide shot of a celestial railway station suspended in the clouds, featuring a transparent glass train on golden rails."",""subject"":{""type"":""Futuristic Steam Train"",""features"":{""material"":""solid carved crystal and glass chassis"",""details"":""intricate gold filigree gears, visible internal mechanics"",""wagons"":""translucent compartments filled with soft warm light""},""attire"":""N/A"",""position"":""gliding smoothly along a curving white marble viaduct""},""action"":{""primary"":""traveling through the sky"",""secondary"":""emitting steam that turns into actual clouds"",""effect"":""refracting sunlight through the glass train body""},""environment"":{""setting"":""High-altitude cloudscape"",""foreground_elements"":[""Monumental Corinthian columns supporting the tracks"",""Polished white marble platform with tiny passengers for scale"",""Golden railings""],""background_elements"":[""The track spiraling upwards towards a pale visible moon"",""Miniature cities far below in the valley gap.""]},""lighting"":{""style"":""Magical Golden Hour"",""key_light"":{""type"":""Low sun"",""color"":""Warm amber/gold"",""illuminates"":[""The gold tracks"",""The edges of the glass train"",""The marble texture""]},""shadows"":""Long, dramatic shadows cast by the columns onto the clouds""},""style"":{""medium"":""3D Conceptual Art"",""aesthetic"":""Neo-Classical Sci-Fi, Surrealism"",""quality"":""8k resolution, hyper-detailed"",""details"":""architectural precision, atmospheric depth""},""scene_composition"":{""subject_action"":""Train moving away from camera around a bend"",""camera_behavior"":""Drone shot, high angle, vertigo-inducing"",""depth_layering"":""Sharp foreground railing -> Glass Train -> Hazy distant world""},""camera_and_lens"":{""focal_length_feel"":""14mm Ultra-Wide"",""aperture_effect"":""Deep depth of field (f/11)"",""camera_angle"":""High-angle looking down into the abyss"",""lens_type"":""Rectilinear"",""bokeh_style"":""None""}}",Image Generation / Surreal Sci-Fi Environment
"{""image_prompt_structure"":{""metadata"":{""type"":""Vintage Film Photograph"",""dimensions"":""1200x1200px""},""style_and_atmosphere"":{""aesthetic"":""Dark, grainy vintage film look (e.g., Kodak Portra 800)"",""mood"":""Dreamy, melancholic, blurry, atmospheric"",""effects"":""Heavy motion blur due to movement and wind, soft focus""},""subject"":{""identity_instruction"":""Crucial: Do not alter facial features from reference identity. Keep head positioning as is."",""appearance"":{""hair"":""Long, wavy brown hair, heavily blown about by the wind""},""attire"":""Off-shoulder white knitted top""},""action_and_pose"":{""description"":""Subject is leaning their upper back backwards out of an open car window while the car is moving.""},""setting"":{""location"":""Passenger seat window of a vintage car"",""time"":""Night"",""background"":""Completely blurred streaks of dark city or road lights, illegible shapes due to motion and darkness"",""environmental_conditions"":""Extremely windy""},""lighting"":{""description"":""Low light, likely illuminated by a warm, soft vintage camera flash mixed with ambient streaking streetlights.""}}}",Image Generation / Vintage Film Photography
"{""character"":{""identity"":""rugged male wanderer"",""age_range"":""mid to late 30s"",""face"":{""keep_original"":true,""weathering"":""sun-worn skin, dirt streaks, natural roughness"",""expression"":""alert, scanning surroundings, fatigue visible""},""hair"":{""color"":""salt + pepper"",""style"":""untamed, beard untrimmed""},""outfit"":{""upper"":{""layers"":""distressed plaid flannel under worn denim jacket"",""tones"":""faded reds + blues"",""texture"":""torn elbows, sun-faded fabric, dust + grime""},""lower"":{""type"":""heavy jeans"",""condition"":""dark grey, dirt-caked knees, ripped edges""}}},""gear"":{""backpack"":{""style"":""large survival pack"",""color"":""olive green"",""state"":""threadbare, patched cloth"",""extras"":""rolled bed mat strapped on""},""items"":{""wrist"":""cracked analog watch"",""neck"":""metal chain holding wedding band"",""utility"":""flashlight clipped to pack strap""}},""environment"":{""location"":""nature-reclaimed urban district"",""variation"":""tilted street, broken bus stop shelter, vines wrapping collapsed storefronts"",""details"":[""abandoned vehicles pushed aside"",""plant growth bursting through road fractures"",""ivy crawling up shattered signage"",""wild animal silhouette (deer) deeper in the ruins""],""atmosphere"":""stillness, overgrown melancholy, beautiful dereliction"",""lighting"":""soft cloud-covered daylight with diffuse shadows""},""camera"":{""style"":""cinematic realism"",""lens"":""35mm wide"",""framing"":""full-body, diagonal walk direction"",""perspective"":""wide environmental reveal"",""ratio"":""16:9"",""texture"":""sharp foliage detail, natural muted tones""}}",Image Generation / Post-apocalyptic Cinematic Portrait
"{""Objective"":""Generate an ultra-realistic full-body cinematic fashion portrait of a stylish young man."",""Scene_Description"":{""Environment"":{""Setting"":""Outdoors against a vibrant hot-pink textured wall"",""Lighting"":{""Type"":""Bright cinematic lighting"",""Effects"":[""Sharp color contrast"",""Crisp highlights and shadows"",""Vivid, modern fashion-photography mood""]},""Atmosphere"":""Bold, vibrant, high-fashion street style""},""Subject"":{""Type"":""Stylish young man"",""Appearance"":{""Hair"":""Clean modern haircut"",""Facial_Hair"":""Trimmed beard"",""Accessories"":""Sunglasses""},""Pose"":{""Stance"":""Standing confidently"",""Legs"":""One leg crossed over the other"",""Hands"":""Both hands in pockets"",""Expression"":""Relaxed, confident""}}},""Wardrobe"":{""Outfit"":{""Overshirt"":""Brown casual overshirt"",""TShirt"":""White t-shirt"",""Pants"":""Black cargo pants"",""Shoes"":""White sneakers""}},""Visual_Style"":{""Quality"":""Ultra-realistic, high detail"",""Aesthetic"":""Modern fashion photography"",""Color_Profile"":""Bright, sharp, vivid tones with bold contrast"",""Detail_Characteristics"":[""Highly detailed textures"",""Strong edge clarity"",""Smooth cinematic gradients"",""Photographic realism and depth""]},""Output_Requirements"":{""Format"":""Image"",""Quality"":""Full-body, editorial-grade, cinematic portrait""}}",Image Generation / Full-body Fashion Portrait
"{""scene_type"":""2am tokyo-vibe balcony selfie, sunk into chair, tipsy messy glam, dark moody aesthetic"",""camera_perspective"":{""pov"":""her phone - we ARE the phone"",""phone_visibility"":""not visible at all"",""angle"":""held lazily in front of her, slightly above, she's sunk deep in chair looking up at it""},""lighting"":{""primary"":""neon glow from city - pink, blue, red signs bleeding through"",""secondary"":""single warm Edison bulb hanging above, dim"",""accent"":""maybe LED strip somewhere, purple or red tone"",""shadows"":""deep, dramatic, half her face in shadow"",""on_her"":""neon colors catching her cheekbones, eyes glinting, moody"",""effect"":""dark, cinematic, wong kar-wai vibes, urban night""},""subject"":{""action"":""SUNK deep into chair, body melted into it, slouched, relaxed past the point of posture, phone held up lazily"",""pose"":{""body"":""completely melted into chair, spine curved, shoulders dropped, zero tension"",""slouch"":""deep - like she's been sitting here for hours with wine"",""hips"":""slid forward in seat, ass pressed deep into cushion, pelvis tilted"",""legs"":{""position"":""fallen open lazily, knees apart, feet maybe on railing or floor"",""energy"":""no effort to close them, just... there"",""thighs"":""spread on seat, skirt ridden up to basically hip level""},""arms"":""one holding phone up loosely, other draped over armrest or holding wine glass"",""head"":""tilted back against chair, looking up at phone through heavy lids""},""expression"":{""eyes"":{""state"":""heavy-lidded, slightly glazed, tipsy soft focus"",""makeup"":""dark smoky eye that WAS sharp, now smudged at edges, eyeliner migrated slightly, mascara holding but barely, still looks hot maybe hotter"",""look"":""looking at camera like looking at him, 'I miss you' but drunk version""},""mouth"":{""lips"":""slightly parted, relaxed jaw, maybe dark lipstick that's faded to stain"",""expression"":""not smiling, not sad, just... feeling it""},""overall"":""that tipsy face where you're present but soft, everything relaxed, inhibitions low""},""physical"":{""age"":""early 20s"",""skin"":{""tone"":""pale white, almost glowing against dark setting"",""state"":""slight flush from alcohol on cheeks and chest"",""effect"":""neon lights catching her pale skin, pink and blue tones reflecting""},""body"":{""type"":""thick, soft, curves that don't quit"",""ass"":""sunk deep in seat, spread wide on cushion from slouch"",""thighs"":""full, pale, spread open, pressed on seat"",""waist"":""soft, not flexed, natural sitting belly showing"",""chest"":""relaxed, crop top doing its job""},""hair"":{""style"":""textured messy pixie, longer on top, shaved or short on sides"",""bangs"":""choppy micro bangs or longer side-swept fringe, falling in eyes slightly"",""color"":""dark brunette with maybe subtle dark cherry or purple tint catching neon"",""texture"":""piece-y, product in it, intentionally messy, bedhead but fashion"",""state"":""been running hands through it, tousled, sexy chaotic"",""vibe"":""like she cuts it herself but it works, edgy, cool girl""}},""outfit"":{""top"":{""item"":""red cropped top"",""style"":""tight, ribbed or satin, sits above navel"",""fit"":""hugging everything, slight wrinkle from slouch"",""straps"":""thin, one maybe falling off shoulder"",""color"":""deep red, looks almost black in shadow, catches neon""},""skirt"":{""item"":""ultra mini pleated tennis skirt"",""color"":""white, glowing in the dark"",""state"":""COMPLETELY ridden up from slouching, barely exists at this point"",""coverage"":""basically a belt now, hem at hip level, everything below is bare thigh"",""pleats"":""bunched, pressed flat under her ass""},""underneath"":{""visible"":""maybe glimpse of underwear from how far skirt rode up, or just shadow"",""vibe"":""suggestive not explicit, you can't NOT notice""},""legs"":{""state"":""bare, pale, spread, on full display"",""skin"":""catching neon lights, pink and blue tones on white skin""},""feet"":""maybe platform boots still on, or barefoot, kicked off somewhere""},""props"":{""in_hand"":""wine glass nearly empty, held loosely, might spill"",""nearby"":""wine bottle on floor, cigarettes, lighter, ashtray""}},""environment"":{""balcony"":{""type"":""small japanese-style apartment balcony, narrow, urban"",""style"":""minimal, dark, functional not decorated"",""furniture"":{""chair"":""low floor chair or single dark cushioned seat, she's sunk into it"",""other"":""maybe small side table, nothing else, cramped""}},""aesthetic"":{""vibe"":""tokyo apartment, neon city outside, dark inside"",""colors"":""blacks, greys, neon pink and blue from outside"",""mood"":""blade runner lite, urban isolation but sexy""},""view"":{""outside"":""dense city night, neon signs, apartment buildings with lit windows close together, very urban very tokyo"",""effect"":""neon colors bleeding into balcony, city feels close and alive"",""signs"":""japanese text maybe, or just colorful urban mess""},""details"":{""railing"":""metal, simple"",""floor"":""concrete or metal grate"",""clutter"":""minimal - wine bottle, her bag, shoes kicked off""},""atmosphere"":{""darkness"":""mostly dark, pools of neon and single warm bulb"",""mood"":""isolated but surrounded by city, alone but connected"",""sound_implied"":""distant city hum, muffled music from somewhere""}},""camera"":{""type"":""smartphone selfie"",""framing"":""her sunk in chair fills frame - face at top looking up, red crop, white skirt bunched at hips, spread pale thighs, neon city bokeh behind"",""angle"":""from above her, she's looking up at phone, creates intimacy"",""aspect"":""9:16"",""quality"":""night mode, neon color cast, slightly grainy, moody, cinematic""},""the_details_that_sell_it"":{""makeup"":""smudged smoky eye is key - was done up, now melted, still hot"",""hair"":""that edgy pixie with pieces falling in face"",""slouch"":""completely sunk, zero posture, melted into seat"",""skirt"":""basically not there anymore, thighs and almost everything visible"",""lighting"":""neon on pale skin, dark shadows, cinematic"",""expression"":""tipsy, soft, longing, sending this at 2am""},""vibe"":{""core"":""alone in tokyo at 2am, tipsy, thinking of him, looking like this"",""energy"":""melancholic but sexy, soft but edgy, drunk but present"",""mood"":""lost in translation vibes, urban loneliness but make it hot"",""caption"":""nothing, or '2:47am', or just sends it"",""what_makes_it_hit"":""the contrast - edgy dark setting, messy glam, soft thick body, pale skin glowing in neon, completely sunk and unbothered""}}",Image Generation / Urban Neon Night Portrait
"{""prompt"":""A young woman with long chestnut-brown hair takes a mirror selfie in a modern grey-tiled bathroom. She wears a black fitted long-sleeve top and simple silver jewelry. The bathroom features matte grey tiles, a frameless mirror, a sleek countertop sink, and dim moody lighting that gives a soft cinematic aesthetic. The reflection is sharp, detailed, and photorealistic."",""negative_prompt"":""blur, noise, extra fingers, distorted reflections, watermark, logo, overexposed, too dark, cartoon"",""steps"":50,""sampler"":""DPM++ 2M Karras"",""cfg_scale"":7.5,""seed"":-1,""width"":512,""height"":768,""model"":""realisticVisionV60B1""}",Image Generation / Mirror Selfie Photography
"{""scene"":{""environment"":""sunny_boardwalk"",""details"":""wooden_planks, colorful_stalls, clear_blue_sky, bright_summer_day"",""lighting"":""hard_sunlight_casting_shadows""},""camera"":{""lens"":""ultra_wide_fisheye_12mm"",""angle"":""low_angle_looking_up"",""distortion"":""distinct_barrel_distortion"",""framing"":""full_body_shot""},""subject"":{""type"":""young_woman"",""expression"":""cool_confident_attitude"",""pose"":""standing_relaxed, one_hand_in_pocket, leaning_slightly_towards_lens"",""clothing"":{""top"":""bright_green_knit_sweater"",""bottoms"":""denim_jeans_or_shorts"",""accessory"":""chunky_blue_sunglasses_on_face""}},""composition"":{""focus"":""subject_central"",""background"":""busy_boardwalk_blurred_in_distance"",""style"":""street_photography_aesthetic""}}",Image Generation / Street Fashion Photography
"{""subject"":{""description"":""25-year-old Japanese woman with a curvaceous figure, standing in a meadow before Mount Fuji, gentle breeze lifting her hair"",""pose"":""relaxed stance, one hand holding an iced matcha latte, the other resting on her kimono; graceful posture, soft gaze toward camera"",""expression"":""serene, warm eyes, gentle closed-lip smile"",""hair"":""warm brown, long and straight, wind-tousled"",""clothing"":{""kimono"":{""type"":""traditional furisode"",""color"":""soft ivory with dusty rose accents"",""details"":""delicate floral embroidery, pale pink obi, flowing sleeves catching the breeze""}},""makeup"":""natural, dewy skin, glossy nude lips""},""accessories"":{""hair"":""gold kanzashi hairpin with floral ornament"",""jewelry"":""simple pearl drop earrings"",""prop"":""iced matcha latte in clear cup""},""photography"":{""style"":""cinematic arthouse film still"",""framing"":""long shot, subject small in frame occupying lower third, generous negative space above"",""composition"":""rule of thirds, subject off-center left, Mount Fuji anchoring the right"",""depth_of_field"":""shallow focus, foreground grass blurred, creamy bokeh"",""lens"":""vintage 50mm anamorphic, subtle flare, soft vignette"",""aspect_ratio"":""3:4""},""color_grading"":{""style"":""lo-fi analog film — lifted blacks, desaturated muted tones, warm amber-sepia cast, flat contrast, hazy softness, visible grain, sun-bleached 1970s warmth""},""background"":{""setting"":""open meadow at base of Mount Fuji, golden hour"",""elements"":""tall wild grasses, scattered wildflowers, morning mist on slopes, atmospheric haze creating depth layers"",""lighting"":""soft golden backlight, gentle rim light on hair, blooming highlights, no harsh shadows""},""mood"":""quiet nostalgia, contemplative, poetic, Wong Kar-wai stillness""}",Image Generation / Cinematic Outdoor Portrait
"{""title"":""Hyper-Realistic Portrait: Suited Woman in Mugshot Pose"",""description"":""A high-resolution hyper-realistic 8K HD portrait photograph captured with a professional DSLR camera using a 50mm lens for natural depth of field and razor-sharp focus. Full-body composition mimicking an old-fashioned mugshot/police booking photo."",""subject"":{""type"":""woman"",""features"":{""likeness_reference"":""attached image"",""height"":""tall"",""build"":""elegant"",""facial_features"":{""jawline"":""sharp"",""eyes"":""intense"",""expression"":""confident, slightly smug smirk""},""pose"":""leaning against wall, one knee bent""},""hair"":{""style"":""neat, straight, wavy or elegant updo"",""appearance"":""natural and well-groomed""},""clothing"":{""jacket"":""vintage-style tailored dark pinstripe suit jacket"",""inner_garment"":""none"",""tie"":""slightly loosened, dark shade matching jacket"",""accessories"":[{""type"":""mugshot board"",""text"":{""name"":""MIRA"",""date"":""17/5/62""}},{""type"":""shoe"",""description"":""single shiny dark-colored high-heeled shoe in right hand"",""material"":""patent leather""}]}},""background"":{""style"":""naturally blurred bokeh"",""texture"":""slightly gritty studio wall"",""details"":{""height_chart"":""vertical lines with numerical markings 2'0\"" to 6'6\"""",""color_tone"":""desaturated, slightly sepia-toned archival photograph aesthetic""}},""lighting"":{""type"":""clean, soft, balanced"",""shadow"":""accurate shadows and highlights"",""direction"":""strong overhead or frontal lighting emphasizing dramatic shadows and height chart lines""},""framing"":{""resolution"":""1080x1350px (4:5)"",""focus"":""sharp subject focus"",""composition"":""full figure and mugshot details"",""color_accuracy"":""professional, natural tones""},""style"":""Hyper-realistic photography, 8K clarity, DSLR quality, accurate color grading, natural lens blur, vintage photo aesthetic, true-to-life detail"",""watermark"":""© xmiiru"",""negative_prompt"":[""No anime"",""No cartoon"",""No digital painting"",""No illustration"",""No 3D render"",""No CGI"",""No stylized features"",""No plastic/doll-like skin"",""No fantasy glow"",""No cinematic effects"",""No airbrushed smoothing"",""No overexposure"",""No unnatural blur"",""No video-game/Unreal Engine style"",""No sketch"",""No artificial lighting effects"",""No unrealistic proportions/textures"",""No multiple shoes"",""No modern background elements""]}",Image Generation / Hyper-realistic Mugshot Portrait
"{""prompt"":""Ultra-close-up portrait of a stunning young East Asian woman with flawless porcelain skin, large sparkling dark brown eyes with long lashes, subtle pink blush, glossy red-tinted lips, long straight silky dark brown hair with subtle highlights, making a playful finger-frame gesture around one eye with both hands, extremely detailed long almond-shaped nails with glossy purple-marble and silver chrome galaxy nail art with tiny rhinestones, wearing black-and-white horizontal striped oversized knit sweater with ribbed cuffs, layered delicate silver necklaces with crystal pendants and small pink gems, soft studio lighting with bright white seamless background, high-fashion beauty editorial style, razor-sharp details, perfect skin texture with natural glow, shallow depth of field, shot on 85mm lens f/1.4, ultra-realistic photorealism, 8k, masterpiece, best quality"",""negative_prompt"":""blurry, low resolution, deformed hands, extra fingers, missing fingers, bad anatomy, ugly nails, cheap makeup, overexposed, underexposed, text, watermark, logo, cartoon, 3d render, plastic skin, doll face, cross-eyed, distorted proportions, old, child"",""steps"":60,""cfg_scale"":7.5,""sampler"":""DPM++ 2M Karras"",""width"":832,""height"":1216,""seed"":-1}",Image Generation / Ultra-close-up Beauty Portrait
"{""subject"":{""description"":""A male boxer sitting in the corner of a ring between rounds, heavy breathing"",""mirror_rules"":""N/A"",""age"":""early 30s"",""expression"":""exhausted, bruised but determined, mouthguard visible"",""hair"":{""color"":""dark brown"",""style"":""buzz cut, drenched in sweat""},""clothing"":{""top"":{""type"":""none (shirtless)"",""color"":""skin tone"",""details"":""heavy sweat sheen, muscle definition, veins visible""},""bottom"":{""type"":""boxing trunks"",""color"":""satin white with gold trim"",""details"":""blood smear on waistband""}},""face"":{""preserve_original"":true,""makeup"":""swollen eye, cut on eyebrow, vaseline smeared on cheeks""}},""accessories"":{""headwear"":{""type"":""none"",""details"":""towel draped over head""},""jewelry"":{""earrings"":""none"",""necklace"":""none"",""wrist"":""red boxing gloves"",""rings"":""none""},""device"":{""type"":""none"",""details"":""N/A""},""prop"":{""type"":""water bottle"",""details"":""being squeezed into mouth by a trainer's hand (off-screen)""}},""photography"":{""camera_style"":""Sports documentary style, 85mm portrait lens"",""angle"":""low angle looking up at seated fighter"",""shot_type"":""close up on face and chest"",""aspect_ratio"":""16:9"",""texture"":""sharp pores, gritty noise, dramatic shadows""},""background"":{""setting"":""boxing ring corner"",""wall_color"":""dark arena background"",""elements"":[""ring ropes blurred in foreground"",""haze from crowd heat"",""camera flashes popping in distance"",""trainer's shoulder blurred in foreground""],""atmosphere"":""tense, visceral, dramatic"",""lighting"":""single harsh overhead spotlight, deep shadows on face (chiaroscuro)""}}",Image Generation / Sports Documentary Portrait
"{""subject"":""Class photo featuring famous manga characters such as Goku, Naruto, Luffy, Ichigo, Sailor Moon, Deku, and other iconic anime heroes"",""scene"":""School gym or classroom setting with all characters standing in rows like a traditional class picture"",""camera"":""Straight-on group shot, wide angle, everyone visible and well-framed"",""style"":""Colorful anime illustration, clean lines, bright tones"",""lighting"":""Soft even lighting like a real school photo"",""mood"":""Fun, friendly, energetic group atmosphere""}",Image Generation / Anime Group Illustration
"{""prompt"":""Edit this photo without changing the face a beautiful woman with fair skin lit by bright morning sunlight from a strong golden directional light source creating clear shadows on her face and hair"",""details"":{""hair"":{""color"":""dark brown"",""shine"":""natural"",""style"":""loose messy bun on top of the head"",""wet_strands"":""a few wet look strands curving on the forehead in an aesthetically neat random pattern"",""side_strands"":""two long straight strands on both sides softly framing the face"",""volume"":""back section lifted into the bun looking thick and voluminous""},""makeup"":{""eyes"":{""lens_color"":""light grey"",""pupil_visibility"":""clear"",""eyeshadow"":""highly reflective silver glitter with tiny sparkling particles""}}}}",Image Editing / Photo Enhancement
"{""image_request"":{""concept"":""Hyper-realistic Morning Selfie"",""reference_preservation"":{""target_area"":""Face"",""preservation_level"":""100%"",""method_suggestion"":""ControlNet (IP-Adapter/FaceID) or Reactor Plugin""},""prompts"":{""positive"":""Hyper-realistic selfie, young woman, high angle shot looking up, morning sunlight from right side, bright white wall background, long straight layered hair, white spaghetti-strap corset top, sheer mixed fabric, visible boning, Y2K style, silver heart necklace, narrow clear-lens pink-gold glasses, silver ring, pink glitter nails, brown eyes, rosy-pink makeup, bright highlight inner eye corner, glossy pink-red lips, gentle smile, closed mouth, 8k, raw photo."",""negative"":""open mouth, teeth, dark lighting, harsh shadows, low resolution, blurry, distorted hands, bad anatomy, cartoon, illustration, heavy grain, oversaturated, deformed glasses, crossed eyes, messy background.""},""structure"":{""subject"":{""demographics"":""Young woman, beautiful, well-proportioned"",""pose"":{""angle"":""Slightly elevated (high angle)"",""gaze"":""Looking up into camera, captivating"",""action"":""Hand raised slightly near face/frame""},""hair"":{""style"":""Long, straight, layered shaping"",""texture"":""Natural volume, gently flowing strands""},""face"":{""eyes"":""Striking brown"",""eyebrows"":""Natural match"",""expression"":""Gentle, enchanting, subtle closed-mouth smile""},""makeup"":{""base"":""Soft and feminine, natural rosy-pink tone"",""highlights"":""Bright highlight at inner corners and nose bridge"",""lips"":""Glossy pink-red finish""}},""apparel"":{""clothing"":{""item"":""Spaghetti-strap corset top"",""color"":""White"",""fabric"":""Sheer mixed fabric, subtle wrinkled texture"",""details"":""Visible boning lines, Y2K-inspired fitted waist""},""accessories"":{""eyewear"":""Narrow, clear-lens pink-gold frame glasses"",""neck"":""Delicate silver necklace with small sparkling heart-shaped pendant"",""hands"":""Simple silver ring"",""nails"":""Pink with glitter""}},""environment"":{""setting"":""Indoor"",""background"":""Bright, clean white wall"",""lighting"":{""source"":""Morning sunlight entering from right"",""type"":""Single light source"",""shadows"":""Soft shadows falling to the left""},""atmosphere"":""Elegant, contemporary, fresh""},""technical_specs"":{""style"":""Hyper-realistic, Raw Photo"",""camera_angle"":""High-angle selfie"",""lens_effect"":""Sharp focus on face, shallow depth of field"",""resolution"":""8k""}}}}",Image Generation / Hyper-realistic Selfie Portrait
"{""objective"":""Generate an image based on a detailed character portrait description."",""image_generation_prompt"":{""subject"":{""gender"":""female"",""portrait_type"":""close-up"",""angle"":""side angle"",""aesthetic"":""edgy, modern, mysterious, confident, slightly provocative""},""appearance"":{""hair"":{""color"":""light gray"",""length"":""short"",""texture"":""wavy"",""style"":""modern, slightly messy, partially covering forehead""},""face"":{""skin_tone"":""fair"",""features"":""sharp"",""eyebrows"":""straight, neat, dark"",""lips"":""naturally pink with a slight sheen""},""expression"":""calm but intense""},""clothing_and_accessories"":{""headwear"":""black bandana with white swirl patterns"",""outfit"":{""jacket"":""black zip-up jacket, left open"",""inner_shirt"":""black T-shirt with green and red graphic art on the chest""},""jewelry"":{""neck"":""thin silver chain"",""ear"":""small silver earring""}},""lighting_and_background"":{""lighting"":""front light highlighting facial features and outfit"",""background"":""bright blue sky""},""style"":{""vibe"":""striking and stylish"",""focus"":""expression and trendy fashion details"",""mood"":""modern and edgy""},""aspect_ratio"":""3:4""},""response_format"":""Use this JSON object as the structure for an image generation model prompt.""}",Text Generation / Image Generation Prompt JSON
"{""label"":""direct-flash-gamer-girl"",""tags"":[""direct-flash"",""retro-gamer-room"",""90s-photography"",""film-aesthetic"",""gamer-girl"",""collectibles-shelf"",""low-angle"",""sitting-pose""],""CompositionalPortrait"":1,""Style"":[""direct-flash-photography-3"",""80s-90s-club-photo-2"",""warm-film-tone-2"",""documentary-candid-style-2""],""Subject"":[""young woman in her early 20s with fair skin and soft natural features"",""long dark hair styled in two loose braids with subtle flyaways for realism"",""wearing a fitted white cotton camisole top with thin straps and matching high-waisted white shorts"",""minimal natural makeup with a soft pink tint on cheeks and lips"",""eyes looking directly into the camera with a calm, intimate, slightly teasing expression"",""seated cross-legged on a couch, holding a game controller naturally in both hands""],""MadeOutOf"":[""white cotton camisole top"",""white high-waisted shorts"",""black over-ear gaming headphones"",""black wireless controller"",""small plush Pikachu toy placed beside her on the couch"",""red textured pillow behind her""],""Arrangement"":""subject sits centered on a worn retro couch in a relaxed cross-leg position, holding the controller naturally with both hands; direct flash highlights her face and the texture of her outfit, while the surrounding collectible shelves create depth and visual clutter in the background."",""Accessories"":[""retro gaming consoles stacked on shelves"",""boxed action figures and collectible toys in various sizes"",""soft plush Pikachu next to the subject"",""gaming headset cable draped naturally across her shoulder""],""Background"":""a dimly lit retro gamer room filled with densely packed shelves of action figures, boxed toys, handheld consoles, and vintage game cases; warm tungsten floor lamp providing ambient background glow; slight shadow falloff caused by the direct flash illuminating the foreground more prominently."",""RoomObjects"":[""crowded black shelving full of collectible action figures"",""vintage CRT monitor partially visible on lower shelf"",""floor lamp with soft warm bulb"",""stuffed toys in the corner of the couch"",""assorted retro controllers scattered near the subject""],""ColorRestriction"":[""overall palette grounded in warm tungsten tones"",""subject outfit remains clean white for contrast"",""background shelves maintain mixed reds, blacks, and muted neons from toy packaging"",""flash introduces slightly cooler highlights on skin and fabric""],""Lighting"":""strong direct on-camera flash aimed straight at the subject, creating bold highlights on the face and clothing; shadows cast sharply behind objects; ambient tungsten lamp in the background adds warm separation light; overall high contrast with slight film-like grain."",""Camera"":{""type"":""digital rangefinder or compact mirrorless emulating film aesthetic"",""lens"":""35mm equivalent prime lens"",""aperture"":""f/2.0"",""iso"":""400–800"",""shutter_speed"":""1/125–1/200"",""flash"":""direct on-camera flash, high intensity"",""angle"":""slightly low eye-level perspective"",""focus"":""sharp on face and upper torso, background clearly readable but secondary""},""OutputStyle"":""photorealistic direct-flash snapshot with bold contrast, visible texture on skin and hair, subtle film grain, warm shadows, slightly saturated toy packaging, and a nostalgic 80s–90s indoor photo aesthetic."",""Mood"":""intimate, playful, nostalgic, confidently casual with a strong gamer-at-home vibe""}",Image Generation / Retro-style Direct Flash Portrait
"{""image_generation_prompt"":{""subject"":{""description"":""Young woman with long brown hair"",""pose"":""Leaning gently on car window, resting head on one hand, relaxed and confident"",""action"":""Taking a selfie in the side mirror reflection""},""clothing"":{""top"":""Simple white turtleneck long-sleeve top"",""accessories"":""Minimalist stud earrings""},""props"":{""item"":""iPhone 16 Pro Max"",""details"":""Realistic proportions, accurate lens design, held in hand""},""environment"":{""location"":""Outdoors, reflected in the side mirror of a black Toyota Land Cruiser"",""background"":""Trees and orange-blue evening sky"",""depth_of_field"":""Subtly blurred background for depth (bokeh)""},""lighting"":{""type"":""Golden hour"",""characteristics"":""Warm sunlight, soft natural glow, evening light, realistic shadows""},""style"":{""aesthetic"":""Natural, ultra-realistic, minimalist, Instagram style"",""quality"":""8k resolution, highly detailed, sharp focus, cinematic photography""},""technical_constraints"":{""perspective"":""Accurate mirror reflection, correct optical orientation"",""distortion_control"":""No exaggeration or distortion of features or phone""}},""negative_prompt"":""cartoon, illustration, painting, drawing, bad anatomy, disfigured, deformed, blurry face, low quality, pixelated, unnatural lighting, distorted phone, wrong reflection angle, extra fingers, messy hair, heavy makeup, text, watermark""}",Image Generation / Naturalistic Car Mirror Selfie
"{""prompt"":""A stunningly beautiful young woman with long, straight **platinum blonde hair and bangs**, featuring piercing **blue eyes**. She wears a highly detailed, avant-garde outfit inspired by a chess board and playing cards: a fitted dress or corset with a **glossy, metallic iridescent teal and white/silver checkered pattern** layered over a sheer, futuristic bodysuit. The garment has elaborate **baroque gold filigree armor plating** on the shoulders and bodice. Her makeup is sharp and dramatic, with deep red lips and winged eyeliner. On the side of her head, she has an elaborate hair accessory made of fanned-out, antique-style **playing cards (hearts and spades)** hanging with gold chains and jewels. She is wearing long white gloves with gold accents, showing off hands with long, **bright red nail polish**. She is posing intimately with a large, intricately carved **ram's skull and skeletal structure** that acts as an elaborate, jeweled prop. The skull has large, spiraling horns and is inlaid with mother-of-pearl and small jewels. The background is dark and moody, featuring a faint, large black and white checkered floor (suggesting a chessboard) and soft, delicate white flowers in the foreground. **Hyper-detailed, realistic, cinematic lighting, octane render, 8k, dramatic shadows, photorealistic texture.**"",""negative_prompt"":""Anime, cartoon, drawing, sketch, 3D render, poorly drawn hands, low resolution, blurry, distorted, watermark, signature, text, out of frame, extra limbs, multiple heads, green hair, non-human, fantasy ears, horns on character, bad anatomy, ugly"",""style"":[""photorealistic"",""cinematic lighting"",""high detail""],""aspect_ratio"":""3:4""}",Image Generation / Fantasy Fashion Portrait
"{""description"":""A 4 grid layout showing four different photographs."",""Image Ratio"":""1:1"",""style"":{""type"":""photograph"",""visual_style"":""Realistic, candid street style photography with natural daylight."",""lighting"":""Soft, natural daylight, creating realistic shadows and highlights."",""background"":""Blurred urban environment, like a city street or park, to keep the focus on the subject."",""reference_image"":""1000484277.jpg""},""subject"":{""description"":""A real-life young woman with dark brown hair in a high ponytail, resembling the character from the reference image. She is wearing a grey t-shirt, an open pink jacket, blue denim shorts, and pink and white sneakers.""},""content"":[{""grid_position"":""top-left"",""pose"":""A full-body shot of her mid-stride, laughing, with a natural, joyful expression.""},{""grid_position"":""top-right"",""pose"":""A candid portrait of her sitting on a bench, looking thoughtfully to the side with one hand near her chin.""},{""grid_position"":""bottom-left"",""pose"":""A medium shot of her standing and waving with a warm, friendly smile, looking directly at the camera.""},{""grid_position"":""bottom-right"",""pose"":""A close-up portrait capturing a surprised or amused expression, with hands casually raised near her face.""}]}",Image Generation / Multi-photo Grid Layout
"{""subject"":{""type"":""the person from the reference photo ONLY"",""identity_restriction"":""Do NOT use any traits, gender, clothing or body features from previous prompts. Use ONLY the face, body type, and identity from the reference photo."",""pose"":""sitting on a wooden market bench with knees pulled up and arms wrapped around them, giving a cheerful wink"",""expression"":""warm, festive, friendly""},""appearance"":{""match_reference"":""Facial structure, hairstyle, and overall appearance must EXACTLY match the reference photo"",""hair"":""same hairstyle as reference photo"",""clothing"":{""style"":""winter outfit inspired by reference, adapted for Christmas market"",""top"":""cozy winter jacket or sweater (match reference photo colors if possible)"",""bottom"":""neutral comfortable pants or shorts depending on reference"",""socks"":""winter socks"",""shoes"":""winter boots""}},""environment"":{""setting"":""outdoor Christmas market"",""details"":""twinkle lights, wooden stalls, warm hanging lanterns""},""lighting"":{""type"":""warm golden fairy-light glow"",""mood"":""cozy, festive, romantic""},""camera"":{""angle"":""low-to-mid angle"",""lens_effect"":""slight wide-angle with warm bloom"",""framing"":""subject centered among Christmas lights""},""art_overlay"":{""style"":""maximalist Christmas sweets-monster pop-art"",""illustrated_elements"":{""monsters"":""gingerbread goblins, candy-cane worms, snowball blob creatures, hot-cocoa monsters with melting marshmallow faces, cookie reindeer, tiny ornament gremlins, eggnog ghosts, fruitcake beasts"",""graphic_shapes"":""neon stars, snowflakes, sparkles, swirls, drips, zigzags, holly leaves, ribbon curls, comic bursts without text"",""style"":""flat neon holiday palette (red, green, gold, icy blue, pink, lime) with thick black outlines""},""placement_and_density"":{""behind_subject"":""background filled with overlapping Christmas monsters and shapes"",""around_subject"":""monsters peeking from behind shoulders, around boots, near hair, above the bench"",""over_clothing"":""some gingerbread creatures cling to clothing"",""avoid_skin"":""face and hands remain fully photorealistic"",""depth_layers"":""heavy layering front and back for strong pop-art depth"",""energy_effects"":""glowing rim lights, falling stylized snow, neon speed lines""}},""style"":{""overall"":""cozy Christmas market portrait overwhelmed by neon festive monsters"",""aesthetic"":""warm, chaotic, holiday-playful, surreal""}}",Image Generation / Festive Pop-Art Portrait
"{""image_generation"":{""requirements"":{""face_preservation"":{""preserve_original"":true,""accuracy_level"":""100% identical to reference"",""details"":[""real facial proportions"",""exact skin texture"",""true eye shape and color"",""natural soft makeup"",""subtle upward eyeliner"",""soft pink eyeshadow"",""natural rosy lips""]},""pose"":{""match_reference_pose"":true,""description"":""Chest-up portrait, face facing forward but gently tilted to the right from the viewer’s perspective.""},""lighting"":{""match_reference_lighting"":true,""type"":""soft diffused indoor lighting"",""direction"":""from the front and slightly from the left"",""shadows"":""gentle soft shadows on the sides of the face and neck"",""background_tone"":""soft neutral with slight bluish tint""}},""subject"":{""gender"":""female"",""hairstyle"":{""match_reference"":true,""description"":""same exact hairstyle as in reference image""},""expression"":""neutral, slightly thoughtful"",""clothing"":{""top"":""simple black T-shirt"",""necklace"":""thin silver necklace with a small minimal pendant""}},""composition"":{""frame"":""chest-up portrait"",""orientation"":""frontal with slight rightward tilt"",""style"":""hyper-realistic with split real/cartoon effect""},""special_effects"":{""split_effect"":{""type"":""irregular centered tear"",""edges"":""white angled torn-paper look"",""description"":""image appears ripped down the middle""},""realistic_side"":{""background"":""soft, neutral, slightly bluish environment"",""filters"":[""soft analog grain"",""lightly aged texture"",""reduced saturation"",""subtle film imperfections""],""overlays"":[""blue stylized teardrop stickers below the left eye"",""small 'Zzz' sleep symbols near forehead"",""yellow crescent moon in upper-left corner"",""light blue hand-drawn cloud""]},""illustrated_side"":{""art_style"":""bold cartoon, digital illustration"",""color_palette"":""bright, vibrant, saturated"",""hair"":""same tone as realistic side but stylized"",""eyes"":""exaggerated eyeliner, dramatic expression"",""background"":""vibrant light pink pop-art style"",""decorations"":{""kawaii_elements"":[""Hello Kitty holding a microphone"",""pixel-art pink mascot character"",""yellow stars"",""pink hearts"",""colorful planets"",""bold pink Japanese characters""]}}},""aesthetic"":{""overall_tone"":""soft, dreamy, lightly vintage"",""lighting_consistency"":""must match reference perfectly"",""skin_texture_realism"":""high"",""blending_quality"":""smooth, natural transition between real and illustrated halves with crisp tear edge""},""output"":{""style"":""hyper-realistic + digital cartoon fusion"",""quality"":""ultra-high-resolution"",""filters"":[""subtle analog vintage film filter"",""soft grain""]}}}",Image Generation / Hybrid Photorealistic Cartoon Portrait
"{""intent"":""Generate a photorealistic, high-fidelity mirror selfie of an Eastern European woman with natural features performing an athletic pose in a disordered bedroom."",""frame"":{""aspect_ratio"":""9:16 vertical"",""composition"":""Full-body vertical framing suitable for social media stories, centering the subject's standing split reflection amidst domestic clutter."",""style_mode"":""raw_lifestyle, next_gen_mobile_photography, authentic_portraiture""},""subject"":{""identity"":""A young woman of Eastern European descent, characterized by effortless, natural beauty. She possesses high cheekbones, fair skin with visible natural texture, and soft facial features."",""hair"":""Naturally textured, voluminous, and slightly frizzy hair worn loose, appearing unstyled and authentically messy."",""wardrobe"":""A loose-fitting, comfortable t-shirt featuring a cute, centered graphic illustration (such as a character or mascot). She wears simple black athletic shorts."",""makeup"":""Bare-faced aesthetic with no visible makeup. The skin shows natural imperfections, freckles, and a healthy, unenhanced complexion, contrasting with the previous glamour style."",""pose"":""The subject performs a vertical standing split in the mirror, balancing on one leg while the other extends straight up towards the top of the door frame. She holds an iPhone 17 Pro Max in one hand to capture the shot."",""interaction"":""The subject's expression is relaxed and genuine, reflecting a casual, private moment of flexibility practice.""},""environment"":{""location"":""A chaotic, lived-in personal bedroom."",""architecture"":""Standard residential interior with white walls and a white door frame."",""props_and_details"":""The background is untidy and realistic, featuring clothes strewn across the floor, an unmade bed with rumpled sheets, and general personal clutter on surfaces, reinforcing the candid nature of the image."",""atmosphere"":""Casual, domestic, and unfiltered.""},""lighting"":{""type"":""Naturalistic mixed lighting."",""source"":""Soft daylight filtering through a window combined with ambient room lighting."",""color_temperature"":""Neutral to slightly warm (approx. 4500K), rendering skin tones accurately without artificial color casts."",""shadows"":""Soft, natural shadows falling across the room's clutter, with no dramatic or theatrical contrast."",""contrast"":""Balanced and life-like, preserving detail in both the bright highlights of the phone reflection and the darker areas of the messy room.""},""camera"":{""sensor_format"":""Simulated next-generation mobile sensor (iPhone 17 Pro Max profile)."",""lens"":""24mm equivalent wide-angle main lens."",""aperture_depth_of_field"":""f/1.8 simulation, keeping the subject in sharp focus while allowing the messy background to fall slightly out of focus."",""camera_position"":""Handheld at eye level relative to the mirror."",""shutter_speed"":""1/100s, sharp and crisp."",""iso"":""ISO 100, clean and noise-free image quality.""},""negative"":{""content"":""No heavy makeup, no lipstick, no eyeliner, no contouring, no studio lighting, no tidy room, no minimalist background, no denim."",""style"":""No airbrushing, no glamour filter, no plastic skin, no over-editing, no artificial smoothness.""}}",Image Generation / Authentic Mirror Selfie Lifestyle
"{""image_description"":""A medium close-up cinematic still from the movie 'Blade Runner 2049'. Inside a futuristic vehicle, a man and a woman are seated. The man, Ryan Gosling as Officer K, is in the driver's seat in the foreground, wearing a dark, heavy, shearling-lined coat. He has a beard and looks pensively to the side. The woman, Ana de Armas as Joi, is in the passenger seat, looking towards the man. She wears a distinctive, translucent yellow and black jacket with a digital, pixelated pattern that catches the light. The interior of the car is dark and utilitarian. Rain streaks are visible on the window between them, blurring the grey, overcast landscape outside. The lighting is diffused and moody."",""characters"":[{""name"":""Man (Officer K)"",""actor"":""Ryan Gosling"",""position"":""Foreground, Driver's seat"",""clothing"":""Dark shearling-lined coat"",""appearance"":""Bearded, pensive expression, looking away"",""focus"":""Sharp focus""},{""name"":""Woman (Joi)"",""actor"":""Ana de Armas"",""position"":""Mid-ground, Passenger seat"",""clothing"":""Translucent yellow and black digital-pattern jacket"",""appearance"":""Looking at the man, dark hair"",""focus"":""Slightly softer focus through the window""}],""setting"":{""location"":""Futuristic Car Interior"",""environment"":""Rainy, overcast outdoors visible through the window""},""cinematography"":{""angle"":""Eye-level"",""lighting"":""Soft, diffused, natural daylight from outside"",""mood"":""Contemplative, melancholic, futuristic"",""color_grading"":""Muted tones, cool color palette with pops of yellow""},""size"":""Medium Close-up (MCU)"",""format"":""Cinematic Still""}",Image Generation / Cinematic Movie Still
"{""prompt_details"":{""subject"":""Young woman"",""view"":""Side profile, extreme close-up"",""features"":{""hair"":""Dark, wet, naturally glued to the skin"",""eyes"":""Bright natural green/hazel, realistic reflection, avoiding excessive shine"",""lips"":""Moist, shiny, soft natural texture"",""skin_texture"":""Fine droplets of water, thin sweat glistening realistically""},""environment"":{""lighting"":""Soft lighting, cool shades"",""background"":""Light grey/white bokeh""},""style"":""Photorealistic, cinematic, 8k resolution, high fidelity""},""full_prompt"":""Extreme wet close-up portrait of a young woman in profile. Dark wet hair naturally glued to the skin. Fine droplets of water and thin sweat glistening realistically on her face. Focus on bright natural green/hazel eyes with realistic reflection, avoid excessive shine. Moist and shiny lips, soft natural texture. Soft lighting and cool shades with a light grey/white bokeh background. High detail, 8k, photorealistic."",""negative_prompt"":""cartoon, illustration, 3d render, drawing, painting, blurry, low quality, distorted features, dry skin, matte finish, excessive gloss on eyes, warm tones, harsh contrast, bad anatomy, plastic skin"",""image_reference_settings"":{""use_uploaded_image"":true,""strength"":0.75,""control_net"":""Canny or Depth (to maintain facial features)""}}",Image Generation / Extreme Close-up Portrait
"{""intent"":""Generate a hyper-idealized, 'Douyin-aesthetic' portrait of a young woman at night, utilizing direct flash photography to create a high-contrast, ethereal look with clear weather conditions."",""frame"":{""aspect_ratio"":""9:16"",""composition"":""Extreme close-up selfie framing (tighter than standard portrait), cutting off the top of the forehead to focus intensely on the eyes and lips. The subject is centered with a direct, confronting gaze."",""style_mode"":""Flash photography, digital influencer aesthetic, soft-focus realism.""},""subject"":{""identity"":""A young Asian woman, approximately 20 years old, with hyper-symmetrical, doll-like features characterized by the 'bunny tongue' and 'puppy eye' aesthetic."",""skin"":""Pale, cool-toned porcelain complexion with zero texture. The skin reflects the flash, creating a 'mochi' or 'glass skin' effect that appears soft and translucent. High-key brightness on the T-zone."",""eyes"":""Large, round eyes with a slight downward tint at the outer corners (puppy dog eyes). Prominent 'aegyosal' (under-eye fat bands) are highlighted to enhance youthfulness. The irises are soft brown with a large diameter. Eyelashes are styled in the 'manhwa' or 'idol' style: distinct, vertical clumps of mascara-coated lashes separated by space, rather than a dense fan."",""nose"":""Petite, low-bridge nose with a small, rounded tip. The lighting minimizes the nostril definition, making the nose appear delicate and unobtrusive."",""mouth"":""Heart-shaped lips featuring a 'gradient lip' technique. The center of the lips is a saturated, glossy strawberry pink, fading outward to a blurred, pale nude at the vermilion border. The texture is soft and hydrated."",""hair"":""Long, silky jet-black hair with a straight texture. Without the snow, the hair is dry, sleek, and tucked slightly behind the ears or framing the face smoothly, catching the flash with a white sheen."",""wardrobe"":""Minimal visibility, suggesting a stylish but casual top appropriate for a pleasant evening.""},""environment"":{""location"":""Urban night setting."",""weather"":""Clear, calm, and beautiful night weather. The atmosphere is clean and free of precipitation or fog."",""background"":""A backdrop of deep black shadows punctuated by creamy, circular bokeh from distant city lights (streetlamps, neon signs). The background is significantly darker than the subject, ensuring the face is the sole focus.""},""lighting"":{""type"":""Direct, frontal camera flash or high-intensity screen light."",""quality"":""Hard but flattering light that flattens facial topography, eliminating shadows under the eyes and nose. This creates a 2D, illustrative quality common in high-end social media selfies."",""contrast"":""High contrast between the brightly illuminated face and the pitch-black environment."",""catchlight"":""Sharp, tiny pinpoint reflection in the center of the pupils from the flash.""},""camera"":{""sensor_format"":""Smartphone main sensor simulation."",""lens"":""24mm wide-angle lens. This focal length slightly exaggerates the size of the eyes and diminishes the size of the nose and face width, contributing to the 'baby face' proportion."",""aperture_depth_of_field"":""f/1.8 to f/2.2, keeping the eyes and lips razor sharp while instantly blurring the ears and background."",""focus"":""Critical focus on the eyelashes and iris texture.""},""negative"":{""content"":""No snow, no rain, no wet hair, no masculine jawline, no skin texture, no pores, no heavy contouring, no western makeup style, no sunglasses, no hand near face."",""style"":""No cinematic dramatic shadows (must be flat lit), no warm vintage tones, no painting, no illustration.""}}",Image Generation / High-contrast Flash Portrait
"{""subject"":""beautiful young woman mirror selfie in Disney store"",""outfit"":""strapless white ruched mini dress, pearl necklace"",""headwear"":""fluffy orange Nick Wilde fox-ear hat with green eyes"",""phone"":""yellow iPhone"",""reflection_companion"":""life-size Judy Hopps police plush in uniform standing next to her"",""setting"":""bright Zootopia section, shelves packed with plushies, festive lights"",""style"":""playful wink, cute and flirty Disney selfie""}",Image Generation / Playful Disney Store Selfie
"{""image_description"":{""subject"":{""gender"":""female"",""pose"":{""description"":""sitting sideways on a cable-car bench, legs relaxed and slightly bent, one arm resting on her knee and the other gently supporting her posture"",""details"":""upright but relaxed posture, shoulders slightly turned toward the camera, natural soft smile, head tilted slightly downward while looking toward the camera""},""expression"":""warm, soft smile with relaxed eyes and natural facial expression"",""face"":{""preserve_original"":true,""reference_match"":true},""hair"":{""color"":""brown"",""style"":""loose, voluminous, slightly tousled with face-framing strands""},""clothing"":{""top"":{""type"":""fitted crop top"",""color"":""light grey"",""details"":""thin straps, casual athletic style""},""bottom"":{""type"":""loose sweatpants"",""color"":""light grey"",""details"":""comfortable, wide-legged fit""},""shoes"":{""type"":""white Adidas sneakers"",""details"":""black stripes, casual sporty style""},""accessories"":{""watch"":""white smartwatch on right wrist""}}},""environment"":{""setting"":""inside a cable car or gondola cabin"",""background"":[""lush green trees"",""forested landscape"",""hills in the distance"",""cable lines visible in the sky""],""lighting"":""soft natural daylight with warm golden-hour tones""},""aesthetic"":{""style"":""casual outdoor lifestyle portrait"",""vibe"":""fresh, relaxed, sunny, natural"",""color_palette"":[""greens"",""soft blues"",""light greys"",""warm skin tones""]},""camera"":{""shot_type"":""medium-full portrait"",""angle"":""slightly low angle, facing the subject directly"",""focus"":""sharp focus on subject, slightly softened background"",""lighting_effects"":""gentle sunlight glow on skin and clothing""}}}",Image Generation / Outdoor Lifestyle Portrait
"{""image_generation_specification"":{""meta_instructions"":{""modification_mode"":""Active"",""primary_directive"":""Change any facial details"",""image_type"":""Portrait""},""subject_definition"":{""demographics"":{""age_group"":""Teenage"",""gender"":""Girl""},""anatomy_and_features"":{""hair"":{""color"":""Dark brown"",""length"":""Long"",""texture"":[""Soft"",""Wavy""],""accessories"":{""item"":""Hair clip"",""theme"":""Sanrio Kuromi""}},""eyes"":{""brightness"":""Bright"",""eyewear_type"":""Contact lenses"",""iris_color"":""Blue-grey""},""skin"":{""complexion"":""Fair"",""undertone"":""Slightly pink toned"",""texture"":""Smooth"",""luminosity"":""Rosy glow""},""body_structure"":{""waist"":{""shape"":""Shapely"",""definition"":""Clear""}}},""fashion_and_apparel"":{""garments"":{""upper_body"":{""item"":""Crop top"",""color"":""Dark grey"",""strap_style"":""Spaghetti strap""}},""accessories"":{""waist_adornment"":{""item"":""Belt"",""type"":""Waist belt"",""material"":""Silver chain"",""decorative_elements"":{""type"":""Dangling charms"",""motif"":""Moon"",""purpose"":""Add to allure""}}}},""styling_and_grooming"":{""makeup"":{""color_palette"":""Light pink"",""features"":{""lashes"":{""length"":""Long""}}},""text_fragments"":{""incomplete_descriptor"":""thin and""}}}}}",Image Generation / Teen Fashion Portrait
"{""promptDetails"":{""description"":""A garage/workshop environment with the subject assembling a complex mechanical device, viewing a 3D exploded assembly diagram floating in space."",""styleTags"":[""Industrial"",""High Detail"",""Technical"",""Action Shot""]},""scene"":{""background"":{""setting"":""A cluttered but organized home workshop/garage bench"",""details"":""Pegboard tool wall in the background, organized small parts containers, a soldering iron station, wood grain of the workbench, metal shavings (subtly).""},""subject"":{""description"":""The person defined by `[UPLOADED IMAGE]`, wearing safety glasses or a work glove, deeply concentrated."",""pose"":""Leaning over the bench, holding a small component (e.g., a rotor or circuit board) with tweezers or a small screwdriver."",""focus"":""Hands, component, and the diagram are the sharpest elements.""}},""overlayObject"":{""type"":""3D Exploded View Assembly Hologram"",""relationshipToEnvironment"":""Hovering directly above the disassembled drone parts on the workbench."",""transform"":""A fully rendered, rotating 3D model of the device, clearly showing where the held component fits."",""surfaceInteraction"":""Bright, high-contrast yellow/orange vector lines with directional arrows and part numbering. It must look spatially correct."",""components"":{""partID"":""Rotor Mount (P/N: M24B)"",""instruction"":""Attach to Main Hub (Torque to 1.5 Nm)"",""position"":""Floating central to the workspace.""}},""technicalStyle"":{""aspectRatio"":""16:9"",""photographyStyle"":""Product/Technical, High Contrast"",""camera"":{""shotType"":""Close-Up"",""angle"":""Slightly overhead (designer/technical perspective)."",""depthOfField"":""Extremely shallow, focusing only on the hands, the component, and the projected diagram. The background should be a creamy blur (bokeh).""},""lighting"":{""type"":""Fluorescent Shop Light and Holographic Glow"",""description"":""Cool, bright, uniform white light from above, contrasted by the warm, directional glow of the yellow/orange hologram.""},""color"":{""palette"":""Greys, deep reds, metallic silver, and the neon yellow of the graphic.""}}}",Image Generation / Technical Workshop Scene
"{""setting"":""Upscale, dimly lit private lounge or cocktail bar. Background elements should include blurred, warm, golden lights (bokeh), leather and dark wood textures, and reflective glass/mirror surfaces."",""seating"":""The couple is seated on a plush, dark leather or velvet sofa. The man is seated upright, facing the woman. The woman is angled towards the viewer and leaning into the man, her legs crossed at the ankle, showcasing high-heel stilettos.""}",Image Generation / Intimate Couple Lounge Scene
"{""prompt"":""A hyper ultra-realistic portrait of a young woman with short messy black hair and a soft short-haired look matching the reference, smiling confidently with her arms crossed, wearing a teal long-sleeve crew-neck shirt. Dramatic red rim lighting from the right and cool blue fill light from the left, against a pure black studio background. Three-quarter view, looking slightly up, cinematic portrait photography. Use the provided reference image for the face — do not change the face."",""reference_face"":""use_reference_image"",""style"":""cinematic, ultra-realistic, dramatic lighting"",""lighting"":{""rim_light"":""red from the right"",""fill_light"":""cool blue from the left""},""camera"":{""view"":""three-quarter"",""angle"":""slightly upward""},""signature"":""Shreya Yadav""}",Image Generation / Cinematic Portrait
"{""Objective"":""Create a cinematic vintage-romantic portrait featuring a stylish girl in long boots with curly hair smoking, standing beside a mysterious man in a black coat and classic hat. Capture them in an old Rome–like street with warm retro tones."",""Scene_Details"":{""Main_Subjects"":{""Female"":{""Gender"":""Female"",""Outfit"":""Long leather boots, fitted dress or skirt with a chic jacket, subtle accessories. Slightly rebellious yet elegant."",""Hair"":""Voluminous curly hair flowing naturally."",""Pose"":""Standing slightly forward, one leg bent casually, holding a cigarette gracefully while exhaling smoke."",""Expression"":""Calm, confident, alluring — eyes half-focused as smoke drifts past her face.""},""Male"":{""Gender"":""Male"",""Outfit"":""Long black coat with structured shoulders, dark shirt, and a vintage-style hat."",""Pose"":""Standing beside or slightly behind the woman, hands in coat pockets or adjusting hat brim."",""Expression"":""Mysterious, composed, subtle smirk or a soft unreadable expression.""}},""Props"":{""Main"":""Cigarette with visible smoke trail."",""Additional"":""Optional old-style street lamp, scattered cobblestones, light fog for atmosphere.""},""Background"":{""Description"":""Narrow old Roman street at dusk, warm stone buildings, soft ambient lantern lights, textured walls."",""Elements"":""Cobblestone ground, arches, rustic windows, light haze for depth.""},""Lighting_and_Color"":{""Lighting"":""Warm, cinematic street lighting — mix of soft golden lamps and subtle shadows. A touch of rim light from behind."",""Color_Tone"":""Warm amber, muted browns, deep blacks, and gentle smoke hues for a vintage noir feel.""}},""Artistic_Style"":{""Genre"":""Cinematic Vintage Noir Editorial"",""Composition"":""Mid-length vertical frame, couple positioned slightly off-center to show street depth while keeping intimacy."",""Texture"":""Film-like grain, detailed hair, smoke flow, and leather boot texture.""},""Camera_and_Technical_Notes"":{""Focus"":""Sharp focus on the girl's face, hair, and cigarette smoke, with the man slightly softened but still clear."",""Depth_of_Field"":""Shallow — blurred background with visible vintage street detail."",""Shot_Type"":""Medium portrait shot showing upper legs and street environment.""},""Mood_and_Emotion"":""Mysterious, romantic, cinematic — a blend of vintage charm, quiet intimacy, and stylish attitude."",""Intended_Use"":""Editorial character concept, cinematic portrait generation, fashion-inspired street visual, AI aesthetic creations.""}",Image Generation / Vintage Romantic Street Portrait
"{""scene"":{""environment"":""sunny_boardwalk"",""details"":""wooden_planks, colorful_stalls, people_walking, distant_umbrellas"",""lighting"":""bright_midday_sun"",""sky"":""clear_blue""},""camera"":{""lens"":""ultra_wide_fisheye_12mm"",""distance"":""very_close_up"",""distortion"":""strong_exaggeration"",""angle"":""slightly_low_upward""},""subject"":{""type"":""young_person"",""gender"":""neutral"",""expression"":""curious_playful"",""eyes"":""large_due_to_lens_distortion"",""pose"":""leaning_forward_sipping_drink"",""clothing"":{""top"":""bright_green_knit_sweater"",""accessory"":""chunky_blue_sunglasses""}},""drink"":{""type"":""iced_matcha_latte"",""ice_cubes"":""large_clear"",""cup"":""transparent_plastic"",""straw"":""green_white_spiral""},""effects"":{""depth_of_field"":""shallow_foreground_sharp_background_soft"",""reflections"":""glasses_show_boardwalk_and_people"",""color_grade"":""clean_natural""},""composition"":{""focus"":""face_extreme_closeup"",""mood"":""funny_intimate_casual"",""background_elements"":[""distant_people"",""benches"",""bright_shops""]}}",Image Generation / Outdoor Casual Portrait with Fisheye
"{""prompt"":""A detailed macro photograph on a wooden table shows a single toy figure of the person from reference image. The toy is displayed split vertically in half, left and right. The left half of the toy is the normal glossy plastic figure of the person, while the right half is a transparent shell, clearly showing the internal mechanical structure, gears, and electronics inside. White annotated lines with Turkish text point to specific parts: \""BEYİN ÇİPİ\"", \""GÜÇ ÜNİTESİ\"", \""OPTİK SENSÖR\"", and \""İSKELET YAPISI\"". Dramatic, cinematic lighting highlights the textures and internal mechanisms.""}",Image Generation / Macro Toy Mechanical Detail
"{""objective"":""Generate a cinematic, photo-realistic image of the person in the uploaded image"",""scene_description"":{""setting"":{""location"":""Rain-soaked flyover bench at dusk"",""environment_details"":[""wet pavement with puddle reflections"",""mist in the air"",""vibrant neon cityscape in the background"",""bokeh trails from passing cars""]},""subject"":{""type"":""person in the uploaded image"",""pose"":""sitting on the bench, low-angle perspective"",""appearance"":{""outfit"":{""jacket"":""colorblock denim jacket"",""inner_wear"":""yellow hoodie"",""pants"":""khaki cargo pants"",""footwear"":""high-top sneakers""}}}},""camera_and_style"":{""camera_angle"":""cinematic low-angle shot"",""focus"":{""subject_focus"":""sharp 8K clarity on subject"",""foreground"":""intentionally blurred""},""color_grading"":""moody mix of warm streetlights and cool neon tones"",""lighting"":[""ambient neon glow"",""warm streetlights"",""reflections in puddles""],""aesthetics"":[""cinematic depth"",""high contrast"",""atmospheric realism""]},""output_preferences"":{""resolution"":""8K highly detailed"",""style"":""cinematic realism""}}",Image Generation / Cinematic Urban Portrait
"{""subject"":{""description"":""A rugged male survivor walking through an overgrown city street"",""mirror_rules"":""Reflection in broken shop window"",""age"":""40s"",""expression"":""wary, scanning the horizon, tired"",""hair"":{""color"":""salt and pepper"",""style"":""overgrown, messy beard""},""clothing"":{""top"":{""type"":""flannel shirt and denim jacket"",""color"":""faded blue and red plaid"",""details"":""holes in elbows, sun-bleached, dirt stains""},""bottom"":{""type"":""jeans"",""color"":""dark grey"",""details"":""muddy knees, frayed hems""}},""face"":{""preserve_original"":true,""makeup"":""dirt smudges, sun spots, realistic weathering""}},""accessories"":{""headwear"":{""type"":""none"",""details"":""N/A""},""jewelry"":{""earrings"":""none"",""necklace"":""none"",""wrist"":""broken analog watch"",""rings"":""wedding band on chain around neck""},""device"":{""type"":""flashlight"",""details"":""clipped to backpack strap""},""prop"":{""type"":""hiking backpack"",""details"":""large, olive green, bedroll attached, worn fabric""}},""photography"":{""camera_style"":""Cinematic realism, 35mm wide lens"",""angle"":""wide shot establishing environment"",""shot_type"":""full body walking away from camera slightly"",""aspect_ratio"":""16:9"",""texture"":""detailed foliage, crisp sunlight, natural colors""},""background"":{""setting"":""ruined city street reclaimed by nature"",""wall_color"":""concrete covered in ivy"",""elements"":[""rusted cars"",""tall grass cracking through pavement"",""collapsed building in distance"",""deer visible in background""],""atmosphere"":""quiet, desolate, beautiful decay"",""lighting"":""overcast soft daylight, diffuse shadows, melancholy feel""}}",Image Generation / Post-Apocalyptic Survivor Scene
"{""prompt_details"":{""subject"":""A young, slender woman with long, dark, wavy hair and blunt bangs, wearing a headset with red accents around her neck. She is seated in a gray ergonomic office chair, taking a selfie with a light blue smartphone held in her right hand."",""clothing_and_appearance"":{""top"":""White halter-neck crop top with a black, spiky, gothic, or dark graphic design (possibly featuring barbed wire or tribal elements) across the chest."",""bottoms"":""Pink and white patterned pajama pants (the pattern appears to include small, possibly cartoonish elements)."",""expression"":""Slightly open mouth, looking directly at the camera/phone with a playful or suggestive expression."",""accessories"":""Red and black over-ear gaming headset, subtle makeup.""},""setting"":{""type"":""Gamer's room or bedroom, brightly lit, slightly cluttered/cozy aesthetic."",""background_elements"":[""White shelving unit on the left filled with various collectibles (Funko Pops, small figurines, game cases, DVDs, and other merchandise)."",""A small white dresser/cabinet behind her."",""Large yellow Pikachu plush on the right, accompanied by a smaller teal/cyan plush and a small skull figurine."",""A bed or blanket area on the right covered by a yellow blanket with blue and black patterns (possibly featuring Pokémon or other pop culture graphics)."",""A large, tan, crab or stingray-shaped plush or rug resting on the bed/blanket.""],""lighting"":""Bright, even indoor lighting, with a hint of purple/pink LED ambient light on the far left edge.""},""image_style"":{""format"":""Smartphone selfie taken from a slightly high angle, casual, raw, and unedited appearance."",""genre"":""Influencer photo, gamer aesthetic, casual stream/social media content, indoor portrait."",""camera_details"":""Close-up, focused on the subject, slight motion blur possible due to low light or handheld nature.""},""keywords"":[""selfie"",""gamer girl"",""headset"",""crop top"",""goth aesthetic"",""pop culture collectibles"",""Pikachu"",""streamer room"",""indoor portrait"",""casual""]}}",Image Generation / Influencer Gamer Selfie Portrait
"{""image_prompt_structure"":{""dimensions"":""1200x1200px"",""style"":""Cinematic night photography, high-end lifestyle photography, opulent atmosphere, soft focus on background details."",""content"":{""subject"":{""description"":""A glamorous woman with long, glossy, dark brunette hair and a confident, composed expression."",""apparel"":""A fitted black evening dress with a deep neckline and small front cut-out, a black faux-fur jacket draped over her shoulders, manicured red nails."",""pose"":{""posture"":""Seated slightly angled, back straight, legs crossed elegantly."",""hands"":""One hand resting on the center console, the other relaxed beside her.""}},""setting"":{""location"":""The back seat of a luxury car at night."",""interior"":""Premium brown leather seats, glossy touchscreen console, ambient LED lighting accents in blue and purple tones, blurred city lights through the window.""},""lighting"":""Dim and cinematic, with a soft glow from the ambient LED strips and instrument panels creating highlights.""},""atmosphere"":""Luxurious, stylish, elegant, composed.""}}",Image Generation / Glamorous Luxury Car Portrait
"{""project_name"":""3D_Caricature_Collage_Olive_Green"",""prompt_structure"":{""subject"":{""type"":""Woman"",""style"":""3D Caricature"",""appearance"":""Highly polished, clean, meticulous detail"",""clothing"":""Deep olive green hoodie (rich, muted earth tone)""},""composition"":{""type"":""Collage"",""layout"":""Six-panel grid (3 columns x 2 rows)"",""framing"":""Close-up portraits""},""variations"":{""panel_1"":""Happy"",""panel_2"":""Surprised"",""panel_3"":""Serious"",""panel_4"":""Cute"",""panel_5"":""Sassy"",""panel_6"":""Confident"",""facial_features"":""Artistic exaggerations, widened eyes, arched eyebrows, broad smiles""},""environment"":{""background"":""Bold, vibrant colors distinct for each panel"",""lighting"":""Soft ambient lighting, sculpting subtle textures, crisp definition""},""text_elements"":{""content"":""Shreya Yadav"",""type"":""Signature"",""style"":""Elegant, legible""}},""technical_params"":{""aspect_ratio"":""3:4"",""quality"":""High definition, 8k, cinematic lighting"",""render_engine"":""Octane render / Unreal Engine style""},""full_prompt_text"":""A six-panel collage (3 columns, 2 rows) featuring a highly polished 3D caricature of a woman wearing a deep olive green hoodie. The character maintains a consistent identity across all panels but displays six distinct emotions: happy, surprised, serious, cute, sassy, and confident. Facial features are artistically exaggerated with widened eyes and expressive mouths. Soft ambient lighting highlights skin texture and fabric folds. Backgrounds are bold and vibrant, contrasting with the muted olive hoodie. High-end digital art style, crisp definition. Signature text 'Shreya Yadav' included.""}",Image Generation / 3D Caricature Collage
"{""image_generation_request"":{""constraints"":{""preservation_instruction"":""Please keep my face 100% the same, do not change any facial details."",""strictness"":""Critical""},""technical_specifications"":{""camera_device"":""Canon IXY/IXUS digital camera"",""aesthetic_style"":[""Y2K Digital Aesthetic"",""Cyber Ulzzang"",""Retro Japan–Korea look"",""Early 2000s digital photograph""],""lighting"":{""source"":""Strong front flash"",""target"":""Directly on face"",""characteristics"":""Bright white"",""effect_on_skin"":[""Radiant"",""Shiny"",""Bright""]},""visual_grading"":{""contrast"":""High"",""color_tone"":""Slight cool blue"",""atmosphere"":[""Mysterious"",""Sharp""]}},""composition"":{""type"":""Portrait"",""meta_scene_element"":""A reflection in the mirror shows another woman's hand taking the photo of the model""},""subject_details"":{""demographics"":""Teenage girl"",""physical_appearance"":{""hair"":{""color"":""Dark brown"",""texture"":[""Long"",""Soft"",""Wavy""],""accessory"":""Sanrio Kuromi hair clip""},""eyes"":{""description"":""Bright"",""contacts"":""Blue-grey contact lenses""},""skin"":{""base_tone"":""Fair"",""undertone"":""Slightly pink toned"",""complexion"":[""Rosy glow"",""Smooth""]},""body_features"":""Clear, shapely waistline""},""attire_and_accessories"":{""top"":""Dark grey spaghetti strap crop top"",""belt"":{""style"":""Waist belt"",""material"":""Silver chain"",""details"":""Dangling moon charms""}},""makeup"":{""general_style"":""Light pink makeup"",""lashes"":""Long eyelashes"",""additional_descriptors"":""thin and""}}}}",Image Generation / Y2K Digital Aesthetic Portrait
"{""narrativeIntent"":{""message"":""Share the Magic of Christmas"",""emotion"":""Warmth, nostalgia, joy"",""concept"":""A cinematic Christmas Coca-Cola scene filled with festive lights, snow, and holiday magic.""},""subject"":{""primary"":""Classic Coca-Cola glass bottle covered in cold condensation"",""secondary"":""Warm glowing lights and soft falling snow highlighting the product"",""focus"":""Crystal clarity on the bottle, iconic red label glowing""},""scene"":{""environment"":""Outdoor Christmas village setting at dusk"",""elements"":""Twinkling fairy lights, decorated trees, gentle snowfall, warm festive atmosphere"",""tone"":""Magical and nostalgic holiday spirit""},""camera"":{""angle"":""Low-angle hero product shot"",""lens"":""50mm DSLR lens with shallow depth of field"",""focus"":""Bottle perfectly sharp, background soft and glowing""},""lighting"":{""type"":""Warm Christmas lighting"",""direction"":""Soft golden backlight with red highlights"",""effects"":""Bokeh from holiday lights, subtle rim light on bottle""},""fx"":{""stylizations"":""Cinematic bloom and soft glow"",""atmosphere"":[""Soft falling snowflakes"",""Warm misty breath effect in cold air""]},""textDesign"":{""headline"":""HOLIDAY MAGIC"",""subheadline"":""Open Happiness"",""font"":""Bold festive serif with soft glow"",""placement"":""Top left headline, Coca-Cola logo bottom right"",""color"":""White with golden sparkle""}}",Image Generation / Cinematic Christmas Product Advertisement
"{""project_settings"":{""title"":""The Femme Fatale Contact Sheet"",""grid_structure"":""3x3"",""aspect_ratio"":""16:9"",""film_stock"":""Ilford Delta 3200 (Black & White) OR Kodak Vision3 500T (Muted Color)"",""global_aesthetic"":""High-Contrast Noir with Luxury Fashion undertones""},""core_elements"":{""subject"":""A sophisticated Asian woman with sleek, long straight black hair. She features sharp, dramatic winged eyeliner and matte lipstick. She is wearing a form-fitting black scoop-neck bodysuit."",""environment"":""A dimly lit, opulent penthouse suite with large windows overlooking a rainy city skyline at night."",""lighting_style"":""Dramatic Rim Lighting (hair light) to separate subject from background, soft fill on face, deep velvet shadows.""},""composition_grid"":{""row_1"":{""narrative_beat"":""The Isolation (Establishing the Atmosphere)"",""lens_choice"":""24mm Wide Angle"",""color_grade"":""Monochromatic or Desaturated Cold Tones"",""panels"":[{""shot_type"":""Extreme Long Shot (ELS)"",""description"":""The subject stands as a silhouette against a massive floor-to-ceiling window. The city lights blur behind her. Emphasizes her solitude.""},{""shot_type"":""Long Shot (LS)"",""description"":""Full body profile view. She is standing near a velvet armchair. The lighting catches the sleek texture of her hair. Elegant posture.""},{""shot_type"":""American Shot (3/4 View)"",""description"":""Framed from knees up. She turns slightly towards the camera, arms crossed or adjusting a bracelet. The background is dark and out of focus.""}]},""row_2"":{""narrative_beat"":""The Engagement (The Character Study)"",""lens_choice"":""50mm Prime Lens (Standard)"",""color_grade"":""High Contrast / Chiaroscuro"",""panels"":[{""shot_type"":""Medium Shot (MS)"",""description"":""Waist up. She is looking slightly off-camera. The scoop neckline of her black top is prominent. Lighting highlights her collarbones.""},{""shot_type"":""Medium Close-Up (MCU)"",""description"":""Chest up. Direct eye contact with the lens. Her expression is unreadable and mysterious. The winged eyeliner is sharp and focal.""},{""shot_type"":""Close-Up (CU)"",""description"":""Face framing. Shallow depth of field (f/1.4). The background dissolves into bokeh. Focus is entirely on her eyes and the texture of her skin.""}]},""row_3"":{""narrative_beat"":""The Intimacy (The Texture & Power)"",""lens_choice"":""85mm & 100mm Macro"",""color_grade"":""Deep Blacks and Stark Highlights"",""panels"":[{""shot_type"":""Extreme Close-Up (ECU)"",""description"":""Macro detail focusing intensely on the sharp winged eyeliner and the catchlight in her eye. High-fashion makeup texture.""},{""shot_type"":""Low Angle (Power Shot)"",""description"":""Looking up at her. She looks down imperiously. The lighting creates a 'halo' effect on her hair (Rim Light). She looks dominant.""},{""shot_type"":""High Angle (Vulnerability)"",""description"":""Looking down at her seated. She looks up through her lashes. The angle emphasizes the geometry of her face and the sleekness of her hair.""}]}},""technical_modifiers"":[""Photorealistic Skin Texture"",""Volumetric Lighting"",""Film Grain"",""8k Resolution"",""Fashion Photography Aesthetic"",""Sharp Focus""]}",Image Generation / Noir Fashion Contact Sheet
"{""subject"":{""description"":""Woman"",""hair"":""Long wavy dark hair"",""action"":""Holding a smartphone in front of her face, obscuring it"",""pose"":""Sitting on the edge of the bed, legs crossed elegantly""},""attire"":{""dress"":""Fitted black long-sleeve mini dress with a square neckline"",""shoes"":""Glossy black high heels""},""environment"":{""setting"":""Minimal, modern bedroom"",""bed_details"":""Neatly made bed, dark gray bedding, matching pillows, black headboard"",""furniture"":""Small minimalist nightstands, simple lamps"",""decor"":""Neutral beige walls, soft gray carpet""},""lighting_and_atmosphere"":{""lighting"":""Soft, warm, dim"",""mood"":""Intimate, stylish, moody"",""texture"":""Slightly grainy aesthetic""},""style"":{""aesthetic"":""Cinematic"",""color_palette"":""Muted""},""full_prompt"":""A woman sitting on the edge of a neatly made bed in a minimal, modern bedroom. She has long wavy dark hair and is holding a smartphone in front of her face, obscuring it. She is wearing a fitted black long-sleeve mini dress with a square neckline, and glossy black high heels. Her legs are crossed elegantly. The room has soft, warm, dim lighting with a slightly moody, grainy aesthetic. The bed has dark gray bedding and matching pillows, with a black headboard. There are small minimalist nightstands on each side with simple lamps. Neutral beige walls and a soft gray carpet. The overall style is intimate, stylish, and softly lit, with a muted color palette and a slightly cinematic look.""}",Image Generation / Intimate Bedroom Portrait
"{""image_description"":{""identity"":{""preserve_face"":true,""reference_match"":true,""description"":""Recreate the woman exactly as shown in the reference image with 100% identical facial features, bone structure, skin tone, and natural expression.""},""hair"":{""same_as_reference"":true,""description"":""Dark brown hair styled in a soft low updo with loose face-framing strands on each side.""},""subject"":{""pose"":""Standing in a kitchen, holding a glass mixing bowl in one hand and a whisk in the other, mid-stir."",""expression"":""Bright smile, cheerful and natural."",""clothing"":{""top"":""navy blue short-sleeve knit button-up shirt"",""bottom"":""light blue denim jeans""},""accessories"":{""necklace"":""simple delicate gold necklace"",""bracelet"":""small gold chain bracelet"",""earrings"":""small gold hoop earrings""}},""environment"":{""setting"":""modern indoor kitchen"",""details"":[""white glossy cabinets behind her"",""gray backsplash wall"",""kitchen sink and faucet on the left"",""paper towel holder and small items near sink"",""soft indoor lighting with warm tones""],""atmosphere"":""casual, cozy, home-cooking moment""},""photography"":{""camera_style"":""smartphone photo, vertical orientation"",""angle"":""eye-level shot, slight forward tilt"",""lighting"":""warm soft indoor lighting with natural shadows"",""focus"":""sharp focus on the woman and mixing bowl, slight background blur""},""aesthetic"":{""mood"":""warm, cheerful, natural lifestyle moment"",""style"":""clean, realistic, high-detail portrait with authentic skin texture"",""negative_prompt"":[""altered facial features"",""different hairstyle"",""cartoon effects"",""plastic skin"",""unnatural lighting"",""extra limbs"",""distorted hands""]}}}",Image Generation / Casual Indoor Lifestyle Portrait
"{""intent"":""Photorealistic documentation of a specific chalkboard art piece featuring a single anime character, capturing the ephemeral nature of the medium within a classroom context."",""frame"":{""aspect_ratio"":""4:3"",""composition"":""A centered medium shot focusing on the chalkboard mural. The composition includes the teacher's desk in the immediate foreground to provide scale, with the artwork of the single character dominating the background space."",""style_mode"":""documentary_realism, texture-focused, ambient naturalism""},""subject"":{""primary_subject"":""A large-scale, intricate chalk drawing of Boa Hancock from 'One Piece' on a standard green classroom blackboard."",""visual_details"":""The illustration depicts Boa Hancock in a commanding pose, positioned centrally on the board. She is drawn with her signature long, straight black hair with a hime cut, rendered using dense application of black chalk with white accents for sheen. Her expression is haughty and imperious, with detailed dark blue eyes. She is depicted forming a heart shape with her hands, referencing her 'Mero Mero Mellow' technique. She wears a revealing red blouse with purple geometric patterns and gold snake-shaped earrings, drawn with vibrant colored chalks."",""medium_texture"":""The image preserves the dusty, matte quality of the chalk. Visible hatching and cross-hatching strokes create shading on her clothing and hair. Smudged areas on the green slate indicate where colors have been blended by hand."",""surrounding_elements"":""To the right of the character, vertical Japanese text reading '海賊女帝' (Pirate Empress) is written in crisp white chalk.""},""environment"":{""location"":""A standard Japanese school classroom."",""foreground_elements"":""A wooden teacher's desk occupies the lower foreground. Scattered across the surface are a yellow box of colored chalks, loose sticks of red, white, and blue pastel chalk, and a dust-covered black felt eraser."",""background_elements"":""The green chalkboard spans the width of the frame, bordered by a metallic chalk tray containing accumulated chalk dust. The wall above is a plain, off-white plaster, featuring a small mounted speaker box."",""atmosphere"":""Quiet and academic, with a sense of stillness suggesting the room is currently unoccupied.""},""lighting"":{""type"":""Diffuse ambient classroom lighting."",""quality"":""Soft, nondirectional illumination provided by overhead fluorescent fixtures mixed with daylight from windows on the left. The light is even, preventing glare on the chalkboard surface while highlighting the texture of the chalk."",""color_temperature"":""Neutral white, approximately 5000K, ensuring accurate color rendition of the red and purple chalks against the dark green board."",""direction"":""Overhead and slightly frontal.""},""camera"":{""sensor_format"":""35mm full-frame digital sensor."",""lens"":""35mm prime lens."",""aperture"":""f/5.6"",""depth_of_field"":""Moderate depth of field, keeping the chalkboard drawing in sharp focus while allowing the foreground desk elements to soften slightly."",""shutter_speed"":""1/60s"",""iso"":""400"",""camera_position"":""Eye-level standing position, set back enough to frame the entire drawing and the desk.""},""negative"":{""content"":""Multiple characters, Midoriya, Shigaraki, male characters, digital art overlay, vector graphics, paper texture, oil painting, messy composition, extreme low angle, fisheye lens."",""style"":""No hyper-saturation, no soft focus filters, no heavy vignetting.""}}",Image Generation / Chalkboard Anime Art Documentary
"{""prompt"":""A young woman with long, dark brown hair, wearing a casual oversized cream or off-white t-shirt with a graphic design on the back (partially visible, appears to be 'FRISTON' or similar text with a graphic). She is also wearing light wash denim shorts and white sneakers. Her hair is styled with a simple clip on one side. She is seated on a light brown rattan sofa with white cushions, looking back over her shoulder at the viewer with a friendly smile. Clothes are scattered casually on the floor around the sofa, suggesting a relaxed, lived-in environment. The room has light-colored walls and soft, warm lighting, giving it an authentic, candid feel."",""style_keywords"":[""candid photography"",""casual portrait"",""authentic"",""natural light"",""documentary style"",""cozy indoor setting""],""camera_settings"":{""lighting"":""soft, warm indoor light"",""perspective"":""medium shot, slightly elevated eye-level"",""depth_of_field"":""moderate (background slightly soft)"",""film_effect"":""subtle grain, slightly desaturated colors (reminiscent of film photography)""},""color_palette"":[""cream/off-white"",""light denim blue"",""rattan brown"",""white (sneakers, cushions)"",""soft warm tones""]}",Image Generation / Candid Indoor Casual Portrait
"{""prompt_title"":""Dynamic Low-Angle Portrait Under Clear Sky - Emphasized Curves & Confident Pose"",""model_type"":""Hyper-Realistic Photo"",""style"":[""Ultra-detailed photo-realism"",""Bright, high-contrast natural outdoor lighting"",""Extreme low-angle, wide-perspective shot (heroic/empowering feel)"",""Vibrant, saturated colors (clean, modern aesthetic)""],""subject"":{""description"":""A youthful, radiant East Asian woman, late teens to early twenties, with a confident and engaging presence. Her skin exhibits a flawless yet natural texture, with subtle pores and a healthy, sunlit sheen across exposed areas like her shoulders and midriff. Hair strands are individually discernible."",""physique"":""Athletic and toned, with visibly sculpted abdominal muscles, subtly defined obliques, and strong, shapely thighs. The pose emphasizes the natural curve of her hips and the gentle arch of her lower back, creating an alluring yet powerful silhouette from the low angle."",""hair"":""Long, silky, straight dark brown hair, with a subtle natural wave at the ends. It flows freely around her shoulders and back, with a few strands gently lifted by a breeze (if applicable, or perfectly styled to look natural). A fringe or wispy bangs are subtly visible beneath the mask, framing her upper face."",""makeup"":""Minimal, natural 'no-makeup' makeup. Clear, dewy skin finish. The visible eye area shows defined but natural brows, a hint of mascara on long lashes, and a subtle shimmer on the inner corner of the eyes. The mask obscures the mouth and nose."",""expression"":""Her eyes are wide, bright, and directly engaging with the viewer, conveying a sense of playful confidence and warmth. The raised peace sign reinforces a cheerful, positive mood."",""attire"":{""mask"":""A pristine, well-fitted white disposable surgical mask, with clear pleats and elastic ear loops visible against her skin. It cleanly covers her nose and mouth."",""top"":""A figure-hugging, finely ribbed, light salmon-pink (or dusty rose) crop tank top. The ribbing texture is highly detailed, stretching smoothly over her chest and torso, emphasizing the curve of her bust and the tautness of her midriff."",""outerwear"":""An oversized, buttery soft, light pale yellow long-sleeved button-up shirt or lightweight jacket. It's worn open, casually draped off her shoulders, with the sleeves pushed up slightly, creating soft, natural folds in the fabric. The collar and cuffs are slightly relaxed."",""bottom"":""Form-fitting, short white denim shorts. The fabric texture is detailed, showing subtle denim weave. The shorts sit high on her hips, emphasizing the curve of her waist and thighs. Stitching details and a faint outline of pockets are visible."",""accessories"":""White wired earphones with clearly visible, delicate wires extending from her ears, subtly contrasting with her hair. The earbud tips are visible.""}},""setting"":{""location"":""Outdoors on an exceptionally clear, bright summer day."",""background_elements"":[""A vast, perfectly uniform, intensely vibrant cerulean blue sky, completely devoid of clouds, creating a stark, graphic backdrop that makes the subject pop."",""No horizon line or ground visible, making the sky appear infinite and emphasizing the extreme low-angle perspective.""],""atmosphere"":""Crisp, clean air; intense feeling of open space and boundless energy.""},""pose"":{""type"":""Extreme low-angle, dynamic full-body portrait (cropped at upper thigh/hip level, shot from below)."",""stance"":""The woman is standing with her weight slightly shifted, her left leg subtly bent at the knee, and her right leg extended, creating a dynamic 'power stance' effect. Her torso is slightly twisted to her left, further accentuating the curve of her waist and hips, especially from the low vantage point. Her chest is slightly pushed out, enhancing the natural curve of her bust."",""gaze"":""Directly into the camera, with a confident, open, and friendly expression in her visible eyes. This strong eye contact creates an immediate connection with the viewer."",""gesture"":""Her left arm is bent at the elbow, and her left hand is raised close to her face, palm facing outwards, forming a clear and crisp 'peace' (V-sign) with her index and middle fingers. The other fingers are gently curled down. Her right arm is relaxed at her side, with the jacket draped over it. The natural tension in her arm muscles is visible.""},""camera_and_technical"":{""camera"":""Sony A1 with G Master Lenses or RED Komodo (for cinematic quality)"",""lens"":""20mm f/1.8 (Ultra-wide-angle prime lens to exaggerate the low perspective and create an imposing, almost monumental feel for the subject)"",""shot_type"":""Extreme Worm's-Eye View / Dynamic Low-Angle Medium Full Shot (from just below the subject's waist)."",""composition"":""The subject dominates the central frame, with her head and raised hand reaching towards the top. The expansive blue sky provides a clean, impactful negative space. The extreme low angle distorts proportions intentionally, elongating the legs and making the subject appear powerful and larger-than-life."",""depth_of_field"":""Deep (f/11 to ensure absolute sharpness from her shorts to the distant sky, minimizing any softness)."",""aperture"":""f/11"",""shutter_speed"":""1/800s (to eliminate any possibility of motion blur and ensure tack-sharp details under intense sunlight)"",""iso"":""ISO 64 (for maximum image fidelity and dynamic range)"",""resolution"":""12K, cinematic wide aspect ratio (e.g., 1.85:1 or 16:9), emphasizing microscopic details of fabric weaves, skin pores, and the pristine blue sky. Post-processing for subtle vignetting and color grading for vibrant pop."",""white_balance"":""Daylight (5200K), precisely calibrated for natural colors under bright sun.""},""lighting"":{""overall_mood"":""High-key, crisp, and clean with stark yet appealing contrast."",""key_light"":{""source"":""Direct, unfiltered overhead sunlight, creating strong, well-defined form."",""position"":""High above and slightly in front-right of the subject, casting clear, defined shadows that contour her physique and attire, adding depth."",""color_temp"":""Cool (6500K-7000K), characteristic of a bright midday sun, ensuring a vibrant blue sky."",""intensity"":""Very high, creating bright highlights and deep, clean shadows.""},""fill_light"":{""source"":""Natural ambient light from the expansive sky."",""intensity"":""Low, allowing for noticeable shadows that give form without becoming harsh or black. The blue sky acts as a subtle cool fill."",""direction"":""Diffuse, minimizing contrast in shadow areas.""},""rim_light"":{""source"":""The intense direct sunlight."",""intensity"":""Subtle but crisp, creating a fine, bright outline on her hair, shoulders, and the edges of her clothing against the deep blue, enhancing separation and definition."",""effect"":""Very thin, bright edge highlights.""},""shadows"":""Sharp, well-defined, and relatively dark, lending strong three-dimensionality to the subject's form and attire. Shadows are cast downwards and slightly behind the subject from the low camera angle, emphasizing the curves and contours of her body and clothing.""}}",Image Generation / Dynamic Outdoor Low-Angle Portrait
"{""image_description"":{""face"":{""preserve_original"":true,""reference_match"":true,""description"":""Use the same facial features, identity, and soft expression from the uploaded image without altering proportions or structure.""},""photo_style"":{""type"":""outdoor portrait"",""camera_angle"":""three-quarter back-angle shot, subject turning head toward the camera"",""lighting"":""warm golden-hour sunlight with natural highlights on skin and dress"",""mood"":""elegant, serene, romantic"",""depth_of_field"":""sharp background, no blur—preserve full detail of trees, grass, and park setting""},""subject"":{""pose"":""standing with her back partly toward the camera, turning her head gracefully to the side"",""expression"":""soft, calm, gentle smile"",""hair"":{""style"":""long loose waves, half-up ponytail"",""details"":""dark brown hair reflecting warm sunlight""},""clothing"":{""type"":""light blue embroidered formal gown"",""details"":[""delicate floral lace embroidery on bodice"",""transparent lace back design with lacing"",""sparkling tulle skirt"",""thin shoulder straps""]},""accessories"":{""earrings"":""blue gemstone drop earrings""}},""environment"":{""setting"":""outdoor park during golden hour"",""background"":[""green grass"",""trees with sunlight filtering through"",""walking path"",""buildings in the distance"",""park lights and poles""],""background_clarity"":""maintain full sharpness, no bokeh, no blur"",""atmosphere"":""warm, fresh, natural""},""aesthetic"":{""style"":""romantic golden-hour portrait"",""features"":[""clear and sharp background"",""warm sunlight glow"",""natural color tones"",""blue dress shimmer"",""soft shadows and highlights""]}}}",Image Generation / Romantic Golden-Hour Outdoor Portrait
"{""prompt"":""A young woman with long, wavy brown hair is smiling directly at the camera. She is wearing a light yellow lace-trimmed crop top, white high-waisted pants with a brown belt, and carrying a small brown shoulder bag. She is holding a ginger and white kitten in her left arm. The background is a softly blurred indoor shopping mall with multiple levels, escalators, and retail storefronts visible.""}",Image Generation / Casual Indoor Portrait with Pet
"{""Objective"":""Create a photo-realistic close-up portrait based on the provided description."",""Subject"":{""Person"":""Man in uploaded picture"",""Facial_Requirement"":""Use the same face and facial features as the uploaded image"",""Expression"":""Looking up with a soft, calm smile""},""Wardrobe"":{""Coat"":""Black coat"",""Scarf"":""Burnt grey scarf"",""Accessories"":[""Black sunglasses"",""Textured black newsboy cap""]},""Environment"":{""Background"":""Rooftop at golden hour with warm sun reflections"",""Lighting"":""Strong sunset rim light""},""Camera_Settings"":{""Focal_Length"":""85mm"",""Aperture"":""f/1.4"",""ISO"":200,""Shutter_Speed"":""1/800""},""Style"":{""Format"":""Real photo"",""Restrictions"":[""No art"",""No illustration"",""No 3D""]}}",Image Generation / Photo-Realistic Male Portrait
"{""subject"":{""description"":""A young woman sitting on yoga mat, wiping sweat with towel, holding water bottle"",""mirror_rules"":""N/A - direct gym photo"",""age"":""late 20s"",""expression"":""accomplished, slight breathlessness, confident smile"",""hair"":{""color"":""blonde with highlights"",""style"":""high ponytail, slightly messy with flyaways from workout""},""clothing"":{""top"":{""type"":""sports bra"",""color"":""dusty rose pink"",""details"":""medium support, strappy back detail, moisture visible from sweat""},""bottom"":{""type"":""high-waisted leggings"",""color"":""black with mesh panels"",""details"":""ankle length, mesh cutouts on calves, compression fit""}},""face"":{""preserve_original"":true,""makeup"":""minimal, dewy from workout, natural flushed cheeks, no eye makeup""}},""accessories"":{""headwear"":{""type"":""none"",""details"":""hair pulled back in scrunchie""},""jewelry"":{""earrings"":""small diamond studs"",""necklace"":""none"",""wrist"":""rose gold fitness tracker, black hair ties on wrist"",""rings"":""none""},""device"":{""type"":""smartphone"",""details"":""propped against dumbbell, recording workout selfie""},""prop"":{""type"":""insulated water bottle"",""details"":""matte black 32oz bottle with motivational quote sticker, condensation visible""}},""photography"":{""camera_style"":""gym selfie aesthetic, smartphone front camera"",""angle"":""slightly above eye level, sitting position"",""shot_type"":""full upper body and crossed legs, centered composition"",""aspect_ratio"":""9:16 vertical"",""texture"":""crisp detail, bright gym lighting, energetic feel""},""background"":{""setting"":""modern gym studio"",""wall_color"":""light gray with motivational mural"",""elements"":[""purple yoga mat laid out"",""set of dumbbells scattered nearby"",""white towel draped over shoulder"",""blurred gym equipment in background"",""large mirror reflecting back wall"",""resistance bands coiled on floor""],""atmosphere"":""energetic, accomplished, health-focused"",""lighting"":""bright overhead LED gym lighting, even coverage""}}",Image Generation / Gym Selfie Portrait
"{""prompt"":{""scene"":{""angle"":""[high-angle]"",""tilt"":""[slightly off-kilter]"",""group"":""[lively group of stylish young adults]"",""seating"":""[seated closely around white dining table]"",""setting"":""[dimly lit, upscale brasserie]""},""mood"":""[energetic, fashionable, slightly rebellious]"",""subjects"":[{""position"":""left"",""hair"":""[long, dark hair]"",""eyes"":""[hidden behind chic black sunglasses]"",""outfit"":""[black lace-trimmed camisole with hint of floral pattern]"",""expression"":""[partially obscured by glasses]""},{""position"":""second from left"",""hair"":""[dark, possibly mullet-style hair]"",""facial_hair"":""[distinct mustache]"",""outfit"":""[dark suit jacket over white shirt]"",""hands"":""[clasped near chin]"",""expression"":""[playful or mischievous]""},{""position"":""center"",""reference"":""[woman resembling Kylie Jenner]"",""hair"":""[very long, dark, wavy hair]"",""outfit"":{""blazer"":""[dark blazer]"",""top"":""[light blue, subtly patterned bralette]""},""gaze"":""[looking right, slightly defiant, expressive]"",""gesture"":""[left hand raised, middle finger prominently displayed]""},{""position"":""second from right"",""reference"":""[woman resembling Rosalía]"",""hair"":""[long dark hair in slicked-back style]"",""outfit"":""[dark, possibly velvet or satin, strapless top]"",""accessory"":""[small dark object, possibly cigarette or cigarillo between lips]"",""expression"":""[relaxed, nonchalant]""},{""position"":""bottom right"",""hair"":""[curly brown hair]"",""visible_part"":""[top of head only, indicating more people at table]""}],""table"":{""items"":[""[multiple clear glasses with drinks]"",""[ice cubes in glasses]"",""[citrus slices in glasses]"",""[white bottle with dark label]"",""[small white dishes]""]},""background"":{""wall"":""[dark wood paneling]"",""letters"":""[ornate gold lettering partially readable as 'ALSACE']"",""mirrors"":""[dark reflective mirrors]""},""lighting"":{""type"":""[soft, warm, ambient]"",""effect"":""[illuminates faces and table]"",""contrast"":""[strong contrast against dark background]""},""additional_details"":{""decor"":""[subtle floral arrangements hinted in distance]""},""photography_style"":""[hyper-realistic, candid, sharp focus on central group]""},""styles"":[""photorealistic""],""aspect_ratio"":""4:3""}",Image Generation / High-End Night Brasserie Group Portrait
"{""prompt"":{""subject"":{""gender"":""female"",""hair"":{""color"":""ash brown"",""style"":""straight wolf cut"",""highlights"":""purple""},""face"":""use original face from uploaded photo"",""clothing"":{""top"":{""type"":""crop hoodie"",""color"":""charcoal"",""details"":{""sleeves"":""3 thick stripes on both sleeves, Adidas style"",""text"":""bright red or orange 'FORUM'"",""ribbing"":""tight at cuffs and bottom hem""}},""bottom"":{""type"":""high-waist shorts"",""color"":""black denim"",""details"":""distressed or frayed bottom""},""footwear"":{""type"":""chunky boots"",""color"":""black""}}},""pose"":{""position"":""sitting, leaning against front tire of truck"",""legs"":{""right"":""straight forward"",""left"":""bent at knee""},""hands"":{""right"":""holding head"",""left"":""holding cigarette""},""expression"":""serious or slightly tired, looking at camera""},""angle"":""eye level, looking at subject sitting on ground"",""background"":{""dominant"":""front of large, old, bright orange delivery truck"",""details"":[""tire visible"",""text 'C14' on truck door""],""environment"":""very dark, night scene"",""ground"":""gray asphalt or concrete""},""lighting"":{""type"":""analog 35mm flash"",""effect"":""illuminates subject in darkness""},""style"":""xmiiru""}}",Image Generation / Nighttime Urban Portrait with Flash
"{""scene_meta"":{""title"":""Anti-hero"",""medium"":""Ultra-realistic cinematic photo"",""shot_framing"":""full-body"",""quality_tags"":[""high-detail"",""8k"",""photorealistic""]},""subject"":{""archetype"":""Anti-Hero"",""attire"":""dark bespoke suit with subtly integrated dark wing textures"",""facial_features"":[""intense eyes"",""confident smirk""]},""secondary_elements"":{""vehicle"":{""type"":""Muscle Car (Challenger-type)"",""modifiers"":[""wide-bodied"",""matte black"",""exposed supercharger""]}},""environment"":{""location"":""wet, dystopian city night street"",""background_details"":""fiery circular portal/industrial light tunnel"",""depth_of_field"":""background blur""},""lighting"":{""technique"":""Dramatic Chiaroscuro"",""palette"":""strong amber/orange light contrasting with deep shadows"",""sources"":[""streetlights"",""car glow""]}}",Image Generation / Anti-Hero Cinematic Urban Scene
"{""prompt"":""Hyperrealistic full-body portrait of a woman with the exact same face as the provided reference (100% face match), long black straight open hair, wearing a black long-sleeve jumpsuit/top and pants, sitting in a knees-pulled-up pose, white Nike sneakers, soft makeup with pink-red lips, sexy intense gaze. Shot at night with direct flash creating soft diffused glow and subtle skin reflections. Cool bluish color tone, slight grain, cinematic editorial 8K aesthetic."",""face_reference"":""<insert_reference_image_id_here>"",""camera"":{""shot_type"":""full body"",""lighting"":""direct flash, diffused glow, nighttime"",""color_tone"":""cool bluish"",""grain"":""slight film grain""},""style"":{""look"":""hyperrealistic, cinematic, editorial"",""resolution"":""8K"",""makeup"":""soft, natural, pink-red lips""},""wardrobe"":{""top"":""black long-sleeve jumpsuit/top"",""bottom"":""matching black pants"",""shoes"":""white Nike sneakers""},""pose"":""sitting with knees pulled up"",""notes"":""Face must be an exact 100% match to the reference image.""}",Image Generation / Hyperrealistic Nighttime Fashion Portrait
"{""image_generation"":{""face_identity"":{""preserve_original"":true,""reference_match"":true,""description"":""Use the same face and person from the attached photo with identical facial structure, features, and identity.""},""portrait"":{""composition"":""upper-body portrait, subject turning slightly over her shoulder"",""expression"":""slight smirk with confident attitude"",""pose"":""looking back over her shoulder, head turned toward the camera""},""subject_details"":{""hair"":{""length"":""long"",""color"":""dark brown or black"",""texture"":""wavy"",""style"":""high ponytail with natural volume""},""accessories"":{""sunglasses"":{""type"":""small oval-shaped sunglasses""}},""clothing"":{""jacket"":""black fluffy jacket covering her shoulders"",""style"":""chic, modern, soft-textured outerwear""}},""environment"":{""background"":""plain light-colored wall"",""mood"":""minimalistic and clean""},""aesthetic"":{""style"":""chic, modern portrait"",""tone"":""natural beauty with subtle attitude"",""focus"":[""face identity"",""hair styling"",""fashion accessories"",""soft fluffy jacket texture""]}}}",Image Generation / Chic Modern Portrait with Accessories
"{""Objective"":""Generate a cinematic, high-resolution photographic image description."",""Scene_Details"":{""Setting"":""Vast English landscape with rolling golden-brown hills."",""Atmosphere"":""Moody and atmospheric with dark, brooding clouds."",""Lighting"":{""Description"":""Soft, diffused sunlight breaking through clouds creating illuminated patches."",""Mood"":""Realistic, cinematic, natural contrast with subtle color grading.""},""Vegetation"":""Tall, wind-swept grass reaching the man's knees."",""Background_Elements"":{""Tree"":""A solitary tree on a distant ridge to enhance scale and isolation.""}},""Character_Details"":{""Description"":""Lone man walking through the landscape."",""Movement"":""Walking slowly through tall grass; cloak flowing slightly."",""Clothing"":""Long, dark medieval-style cloak or hooded coat."",""Posture"":""Upright but contemplative, head slightly lowered."",""Face"":{""Visibility"":""Partially visible in profile."",""Features"":""Rugged features, neatly trimmed beard."",""Hair"":""Short textured hair with modern fade; closely cropped sides; longer, tousled top.""}},""Stylistic_Instructions"":{""Tone"":""Cinematic, dramatic, solitary."",""Color_Grade"":""Earthy ochres and cool greys."",""Mood"":""Epic scale with emotional central focus on the figure."",""Restrictions"":[""No text, logos, or visible writing in the frame.""]},""Technical_Specifications"":{""Camera"":""Professional DSLR."",""Lens"":""Wide-angle lens to capture grandeur while centering subject."",""Aspect_Ratio"":""1:1"",""Resolution"":""High-resolution photo-quality output.""}}",Image Generation / Cinematic Moody Landscape with Lone Man
"{""prompt"":{""style"":""Y2K inspired digital poster with vibrant photo manipulation and graphic overlays"",""color_palette"":[""bright turquoise"",""cyan"",""neon pink""],""composition"":{""main_closeup_left"":{""description"":""large close-up portrait of the same woman on the left"",""details"":{""hair"":""long dark hair"",""accessories"":""large silver hoop earrings"",""outfit"":""light blue or white top with lace trim"",""pose_expression"":""thoughtful or seductive expression, right hand near chin, long pink manicured nails""}},""full_body_right"":{""description"":""smaller full body image of the same woman on the right"",""details"":{""outfit_top"":""light blue cropped tank top with pink graphic text 'Baby Doll'"",""outfit_bottom"":""low rise black denim mini skirt"",""belt"":""large ornate silver belt buckle"",""pose"":""hand placed on hair""}}},""visual_theme"":""collage effect with three instances of the same woman""}}",Image Generation / Y2K Style Digital Poster Collage
"{""prompt"":""{highly detailed} {full-body portrait} of a {female cosplayer} wearing a {cosmic black and silver symbiote suit} with a {subtle embossed spider-web pattern} and a {white/silver spider emblem} on the {chest}. She has {long wavy cotton-candy pink hair} with {soft bangs} framing her {face}. Her makeup includes {dramatic smoky eyes} and {deep glossy red lips}. She poses in a {dramatic confident stance} with {both hands raised} to {cup or touch her head} and fingers {lightly on hairline}. Her gaze is {intense and direct}. Lighting is {soft studio-quality} highlighting the {glossy texture of the suit} and {vibrant hair color}. She is standing in front of a {plain white or light gray wall} with a {slight reflection}, suggesting a {mirror selfie}. The image should be a {professional cosplay photograph}, {hyper-realistic}, {photorealistic}, {8k resolution}, with {detailed skin and texture rendering}."",""style"":[""{photorealistic}"",""{hyper-realistic}"",""{high-detail cosplay photograph}"",""{dramatic studio lighting}""],""subject_details"":{""character"":""{female cosplayer} {superhero/villain inspired} {Spider-Verse symbiote theme}"",""attire"":""{full-body black and silver symbiote suit} {embossed spider-web pattern} {white spider emblem}"",""hair"":""{long wavy cotton-candy pink hair} {soft bangs} {voluminous texture}"",""expression"":""{intense gaze} {confident} {seductive} {dramatic smoky eyes} {glossy red lips}""},""composition_and_lighting"":{""pose"":""{hands raised to head} {fingers touching hairline} {full-body or three-quarter view} {mirror selfie style}"",""background"":""{minimalist white or light gray wall} {slight reflection} {indoor studio setting}"",""lighting"":""{soft diffused studio lighting} {highlighting suit gloss} {enhancing hair vibrancy}""},""negative_prompt"":[""{low quality}"",""{blurry}"",""{deformed hands}"",""{out of focus}"",""{cartoon style}"",""{drawing style}"",""{oversaturated colors}"",""{poorly rendered body}"",""{floating elements}"",""{distorted anatomy}"",""{grainy textures}""]}",Image Generation / Hyper-Realistic Female Cosplay Portrait
"{""image_generation"":{""face"":{""preserve_original"":true,""reference_match"":true,""description"":""Use the same facial features, expression, and identity from the uploaded image without altering any facial structure, proportions, or features.""},""photo_style"":{""type"":""outdoor portrait with architectural background"",""camera_angle"":""slightly off-center close-up"",""lighting"":""natural sunlight from a window with soft highlights"",""mood"":""soft, elegant, confident, relaxed"",""focus"":""sharp detail on the subject, soft background bokeh""},""subject"":{""pose"":""standing near a window with one hand resting on the windowsill"",""expression"":""soft, serene, confident gaze looking slightly to the side"",""hair"":{""style"":""long, soft waves"",""color"":""black""},""clothing"":{""type"":""navy sweater"",""details"":""subtle logo or text on the chest area""}},""environment"":{""setting"":""indoors near a large window overlooking a canal"",""background"":[""classic architectural building with a domed roof in the distance"",""light blue sky with subtle natural daylight"",""small water transportation visible outside, creating a peaceful ambiance""],""lighting_effects"":[""natural soft sunlight coming through the window"",""bright reflections on water outside""]},""aesthetic"":{""style"":""elegant, modern portrait with scenic background"",""features"":[""light, airy feel with natural skin texture"",""soft shadows and highlights from the daylight"",""calm and sophisticated ambiance""]}}}",Image Generation / Elegant Outdoor Architectural Portrait
"{""scene_description"":""A vibrant, mixed-media masterpiece featuring a photorealistic version of the person from the reference photo eating at a diner, surrounded by a chaotic swarm of maximalist fast-food monsters."",""subject"":{""type"":""The person from the reference photo"",""attire"":""Same clothing style as in the reference, adapted naturally to the diner setting"",""position"":""Sitting in a red leather diner booth, holding a burger"",""expression"":""Shocked but amused, looking at a floating doodle pizza"",""consistency_note"":""Face, hairstyle and proportions must perfectly match the reference photo""},""action"":{""primary"":""Eating lunch"",""effect"":""Their food is coming to life in 2D form""},""illustration_layer"":{""style"":""Thick-line Pop Art cartoons"",""creatures"":[""Pizza slices surfing on cheese waves"",""Burger beasts with lettuce tongues"",""Angry French fry box"",""Flying ketchup bottles.""],""graphics"":""Mustard splashes, sesame seeds, heat lines, 'ÑAM' text bursts"",""colors"":""Ketchup Red, Mustard Yellow, Lettuce Green""},""environment"":{""setting"":""Retro American Diner"",""background_elements"":[""Checkerboard floor"",""Neon sign in window""]},""lighting"":{""style"":""Warm Diner Glow"",""key_light"":{""type"":""Window light"",""color"":""Warm afternoon sun""}},""style"":{""medium"":""Mixed Media Photography"",""aesthetic"":""Retro-pop, savory, chaotic"",""quality"":""Ultra-detailed textures vs flat cartoons""}}",Image Generation / Mixed Media Pop Art Diner Scene
"{""style"":""sharp indoor cosplay selfie, soft even lighting, ultra-realistic photography, cinematic color grade"",""subject"":""gorgeous redhead Caucasian woman with long wavy crimson hair, emerald eyes, heavy black winged eyeliner, pale freckled skin"",""outfit"":""black leather harness-style micro bikini with silver buckles, matching thigh straps, torn black fishnet sleeves, spiked choker and wrist cuffs"",""accessories"":""devil horn headband, red glowing contact lenses, holding massive two-handed greatsword (Buster Sword style) vertically with both hands"",""pose"":""kneeling on one knee, sword planted point-down in front of her, leaning forward so cleavage rests on the flat of the blade, seductive smirk"",""setting"":""dark bedroom with red LED strips and fog machine haze"",""mood"":""dark fantasy demon hunter, lethal and hyper-sexual, dangerous seductress""}",Image Generation / Dark Fantasy Cosplay Portrait
"{""scene_description"":""A cohesive 4-panel fashion lifestyle collage featuring the same young woman in a glamorous evening outfit, showcasing cinematic poses under city lights."",""subject"":{""type"":""Young Woman (Consistent character)"",""age"":""early 20s"",""features"":{""hair"":""glamorous waves"",""makeup"":""evening look with red lip""},""attire"":""black satin slip dress, leather jacket draped over shoulders, strappy heels"",""accessories"":""sparkly clutch, earrings""},""collage_layout"":{""structure"":""2x2 Grid Layout (4 frames of equal size)"",""panel_1_top_left"":""Full Body Flash Shot: Standing against a metallic door or shutter, posing with one leg forward, looking fierce (flash photography style)."",""panel_2_top_right"":""Over-the-Shoulder: Looking back at the camera while walking away towards neon city lights, showcasing the back of the dress/jacket."",""panel_3_bottom_left"":""Seated Profile: Sitting on a high bar stool or velvet booth, holding a mocktail, laughing candidly towards someone off-camera."",""panel_4_bottom_right"":""Artistic Portrait: Standing near a neon sign, face illuminated by pink/blue light, looking dreamily upwards.""},""environment"":{""setting"":""City at Night / Rooftop Bar"",""background_elements"":[""Neon signs"",""City bokeh"",""Dark shadows""]},""lighting"":{""style"":""Flash & Neon Mixed"",""key_light"":{""type"":""Camera Flash / Neon Sign"",""color"":""Cool White / Vibrant Colors"",""effect"":""High contrast, edgy vibe""}},""style"":{""medium"":""Flash Photography / Film Aesthetic"",""aesthetic"":""Night Luxe, Party Vibe, Cinematic, Edgy"",""quality"":""8k resolution, slight grain""},""attire_customization"":{""current_clothing"":""Slip dress and leather jacket"",""customizable_clothing"":""User can swap for sequin dress or jumpsuit""},""brand_product_customization"":{""current_brand_product"":""Evening Wear"",""customizable_brand"":""User: Insert Brand Name"",""customizable_product"":""User: Specific dress or makeup"",""product_placement_area"":""Dress silhouette""}}",Image Generation / Fashion Lifestyle Collage
"{""intent"":""Generate a photorealistic, high-fidelity smartphone photograph simulating a raw night-time capture at a bustling Asian night market."",""subject"":{""demographics"":""Young adult female, East Asian descent, distinct 'glass skin' complexion."",""hair"":""Long, voluminous, dark wavy hair styled with a center part and polished finish."",""attire"":""Vivid royal blue satin deep-V crop top with a front tie/knot detail. The fabric should show specular highlights typical of satin under flash."",""accessories"":""Thick gold hoop earrings, layered gold necklaces including a textured chain and a pendant necklace."",""pose"":""Seated at a table, facing the camera directly. Right hand holding a clear plastic cup with a drink, left hand resting on the table holding a smartphone."",""expression"":""Soft, confident smile with direct eye contact.""},""environment"":{""location"":""Semi-outdoor night market dining tent."",""background"":""White canopy tent structure visible above. Background is dark with bokeh circles from warm string lights and blurred silhouettes of a crowd."",""foreground_surface"":""Table covered with a classic red and white checkered tablecloth.""},""props"":{""food_main"":""Sizzling cast iron plate containing a large roasted bone marrow or rib, topped with crispy fried garlic and oil."",""food_side"":""Paper bowl containing white rice topped with a sunny-side-up fried egg and a calamansi lime."",""drink"":""Iced milk tea or shake in a clear plastic disposable cup with a lid and black straw.""},""lighting"":{""style"":""Direct on-camera smartphone flash simulation."",""characteristics"":""High contrast with rapid falloff. The subject and foreground food are brightly illuminated with cool/neutral flash light, while the background drops off into darkness with warm ambient tungsten tones."",""shadows"":""Sharp, defined shadows behind the subject and objects, typical of a small, direct light source.""},""camera"":{""aesthetic"":""Mobile photography, Apple iPhone 16 Pro Max simulation."",""perspective"":""Medium shot, eye-level."",""lens_characteristics"":""Wide aperture (f/1.8 equivalent) effect with sharp focus on the subject and foreground food, slight depth of field blurring the background."",""processing"":""High definition, sharp details, vibrant colors, slightly glossy finish.""}}",Image Generation / Night Market Mobile Photography Portrait
"{""description"":""The subject is sitting sideways on a wide, light-wood stair step. Her left leg is crossed over her right knee, clearly showcasing the stiletto sandals. Her right hand (holding a dark smartphone) is lifted near her face, actively taking a high-angle selfie. She is looking directly at the phone camera."",""keywords"":[""sitting pose"",""crossed legs"",""selfie pose"",""elegant posture"",""hand holding phone""]}",Image Generation / Casual Selfie Sitting Pose
"{""meta"":{""image_quality"":""High"",""image_type"":""Photo"",""resolution_estimation"":""High resolution, likely smartphone portrait mode""},""global_context"":{""scene_description"":""A high-angle, top-down selfie taken outdoors on a paved surface. The subject is a young woman crouching or squatting over a skateboard, looking directly up at the camera lens with a playful expression. The perspective creates a slight foreshortening effect, emphasizing the face and diminishing the body and skateboard below."",""time_of_day"":""Daytime"",""weather_atmosphere"":""Overcast/diffused light, calm, playful"",""lighting"":{""source"":""Natural"",""direction"":""Overhead/Diffuse"",""quality"":""Soft, minimal harsh shadows"",""color_temp"":""Neutral""}},""color_palette"":{""dominant_hex_estimates"":[""#E0C8B8"",""#2A2A2A"",""#FFFFFF"",""#7D8082""],""accent_colors"":[""Muted Olive Green"",""Lipstick Pink"",""Pale Green (tape/graphic)""],""contrast_level"":""Medium""},""composition"":{""camera_angle"":""High-angle / Top-down / Selfie"",""framing"":""Close-up wide-angle"",""depth_of_field"":""Deep (foreground face and background pavement both relatively sharp)"",""focal_point"":""Subject's face""},""objects"":[{""id"":""obj_001"",""label"":""Person (Subject)"",""category"":""Person"",""location"":""Center"",""prominence"":""Foreground"",""visual_attributes"":{""color"":""Fair skin, dark hair"",""texture"":""Skin texture visible, hair strands"",""material"":""Biological"",""state"":""Alive, posing"",""dimensions_relative"":""Dominates 60% of frame""},""micro_details"":[""Freckles visible across nose and cheeks"",""Eyes closed in a squinting/smiling expression"",""Lips pursed slightly"",""Eyebrows naturally shaped"",""Forehead shine indicating skin texture""],""pose_or_orientation"":""Squatting, face tilted up towards camera"",""text_content"":null},{""id"":""obj_002"",""label"":""Hair"",""category"":""Body Part"",""location"":""Top Center surrounding face"",""prominence"":""Foreground"",""visual_attributes"":{""color"":""Dark Brown"",""texture"":""Wavy, slightly messy"",""material"":""Keratin/Hair"",""state"":""Loose"",""dimensions_relative"":""Framing face""},""micro_details"":[""Individual flyaway strands visible against pavement"",""Parted in the middle"",""Tucked behind ears""],""pose_or_orientation"":""Falling naturally"",""text_content"":null},{""id"":""obj_003"",""label"":""Earbuds"",""category"":""Electronics"",""location"":""Subject's ears"",""prominence"":""Mid-ground detail"",""visual_attributes"":{""color"":""White"",""texture"":""Smooth plastic"",""material"":""Plastic"",""state"":""In-ear"",""dimensions_relative"":""Small""},""micro_details"":[""Stem style design (resembling Apple AirPods)"",""Visible in both ears""],""pose_or_orientation"":""Vertical in ear"",""text_content"":null},{""id"":""obj_004"",""label"":""Earring"",""category"":""Jewelry"",""location"":""Subject's left ear (right side of image)"",""prominence"":""Detail"",""visual_attributes"":{""color"":""Gold/Metallic"",""texture"":""Metallic"",""material"":""Metal"",""state"":""Hanging"",""dimensions_relative"":""Very small""},""micro_details"":[""Hoop with a dangling cross charm"",""Reflection visible on metal surface""],""pose_or_orientation"":""Dangling"",""text_content"":null},{""id"":""obj_005"",""label"":""White T-Shirt"",""category"":""Clothing"",""location"":""Upper body"",""prominence"":""Mid-ground"",""visual_attributes"":{""color"":""White"",""texture"":""Cotton fabric"",""material"":""Cotton/Synthetic blend"",""state"":""Worn"",""dimensions_relative"":""Shoulder width""},""micro_details"":[""Folds and creases around the neckline"",""Shoulder seams visible"",""Shadows cast by hair onto the fabric""],""pose_or_orientation"":""Worn on body"",""text_content"":null},{""id"":""obj_006"",""label"":""Trousers"",""category"":""Clothing"",""location"":""Lower body/Legs"",""prominence"":""Mid-ground"",""visual_attributes"":{""color"":""Black"",""texture"":""Smooth fabric"",""material"":""Synthetic/Cotton blend"",""state"":""Worn"",""dimensions_relative"":""Covering legs""},""micro_details"":[""Fabric bunching at the knees due to crouching pose"",""Slight sheen on the fabric indicating lighting direction"",""Contrasts sharply with the white shirt""],""pose_or_orientation"":""Legs bent/squatting"",""text_content"":null},{""id"":""obj_007"",""label"":""Skateboard"",""category"":""Vehicle/Sports Equipment"",""location"":""Bottom Center"",""prominence"":""Mid-ground"",""visual_attributes"":{""color"":""Light wood with faded green graphics"",""texture"":""Worn, gritty (grip tape area implied), smooth underside"",""material"":""Wood/Maple"",""state"":""Used/Worn"",""dimensions_relative"":""Vertical strip at bottom""},""micro_details"":[""Faded graphic design resembling organic green shapes/leaves"",""Four black mounting screws visible (truck bolts)"",""Piece of light green masking tape adhered to the tail/nose edge"",""Scuff marks on the graphic"",""Visible wood grain cracks/lines running vertically""],""pose_or_orientation"":""Lying flat on ground, oriented vertically relative to camera"",""text_content"":null},{""id"":""obj_008"",""label"":""Strap"",""category"":""Accessory"",""location"":""Across chest"",""prominence"":""Detail"",""visual_attributes"":{""color"":""Olive Green"",""texture"":""Webbing/Fabric"",""material"":""Nylon/Polyester"",""state"":""Taut"",""dimensions_relative"":""Strip across shirt""},""micro_details"":[""Partially obscured by hair"",""diagonal orientation suggesting a bag strap (bag not visible)""],""pose_or_orientation"":""Diagonal across torso"",""text_content"":null},{""id"":""obj_009"",""label"":""Pavement"",""category"":""Background"",""location"":""Entire background"",""prominence"":""Background"",""visual_attributes"":{""color"":""Grey"",""texture"":""Stone/Concrete"",""material"":""Stone pavers"",""state"":""Public/Outdoor"",""dimensions_relative"":""Fills frame behind subject""},""micro_details"":[""Rectangular paver pattern"",""Dark grout lines separating pavers"",""Slight tonal variations in the stone"",""Small debris/dust specs on surface""],""pose_or_orientation"":""Flat plane"",""text_content"":null}],""text_ocr"":{""present"":false,""content"":[]},""semantic_relationships"":[""Subject is squatting directly over the skateboard"",""Subject is looking up at the camera (selfie context)"",""Hair is resting on white t-shirt"",""Skateboard is resting on the pavement"",""Earbuds are inserted in subject's ears"",""Cross earring is hanging from subject's left ear"",""Green tape is attached to the bottom edge of the skateboard deck""]}",Image Generation / High-Angle Outdoor Selfie Portrait
"{""subject"":{""gender"":""female"",""age"":""young adult"",""hair"":{""color"":""dark"",""length"":""long"",""texture"":""glossy"",""style"":""loose, cascading over shoulders""},""pose"":{""left_hand"":""touching back of head"",""right_hand"":""on hip"",""stance"":""confident""},""outfit"":{""top"":{""color"":""black"",""style"":""off-the-shoulder"",""details"":""sheer mesh midsection, sweetheart neckline""},""bottom"":{""type"":""denim cut-off shorts"",""color"":""blue"",""details"":""distressed, frayed edges, small rips""},""accessories"":[{""type"":""necklace"",""material"":""silver"",""pendant"":""tiny crescent moon""},{""type"":""choker"",""color"":""black""},{""type"":""rings"",""style"":""minimalist""}]},""makeup"":{""eyebrows"":""defined"",""eyes"":""slightly shimmery eyeshadow"",""cheeks"":""soft glow"",""nose"":""subtle highlighter"",""lips"":""pink""},""nails"":{""color"":""black"",""accent"":""silver on ring finger""}},""environment"":{""setting"":""neon-lit nightclub or event"",""lighting"":""low key, dramatic shadows, colorful highlights"",""background"":{""people"":""blurred, dancing"",""lights"":[""red neon strip"",""blue neon strip"",""pink neon strip""],""effects"":""faint fog/haze""},""dj_area"":{""equipment"":[""DJ mixer"",""turntables""],""details"":""glowing buttons, flickering lights""}},""mood"":""glamorous, energetic nightlife aesthetic""}",Image Generation / Nightlife Fashion Portrait
"{""scene"":{""setting"":""City street at night"",""background_elements"":[""Glow of city lights and skyscrapers"",""Bokeh effects"",""Palm trees wrapped in fairy lights"",""Blurred car headlights and driving cars""],""vibe"":[""Luxurious"",""Cinematic"",""Urban-night"",""Modern street-style photography""]},""subject"":{""type"":""Stylish young woman"",""pose"":""Leaning casually against a car""},""vehicle"":{""model"":""BMW"",""color"":""White"",""state"":""Parked""},""attire_and_accessories"":{""clothing"":[""White denim jacket"",""Yellow fitted top"",""Dark gray cargo pants""],""footwear"":""White sneakers"",""accessories"":[""Wristwatch"",""Sunglasses""]},""photography_style"":{""resolution"":""High-resolution"",""lighting"":""Soft lighting"",""details"":""Sharp details"",""aesthetics"":""Professional""}}",Image Generation / Urban Fashion Photography
"{""scene"":{""subject"":{""demographics"":""Young woman"",""pose"":""Sitting on the floor, facing forward"",""expression"":""Slightly serious or pensive, direct eye contact"",""appearance_constraints"":""Maintain original facial features"",""hair"":{""color"":""Dark"",""style"":""Long, straight, middle part"",""accessory"":""White bandana with red accents""},""makeup"":{""eyes"":""Defined with eyeliner"",""lips"":""Soft pink""},""apparel"":{""top"":""Off-white or cream tank top with small dark cherry embroidery"",""bottom"":""Distressed denim shorts"",""hosiery"":""Knee-high white socks"",""footwear"":""Black open-toed sandals or clogs""}},""action"":{""right_hand"":""Holding up a Coca-Cola can""},""environment"":{""main_fixture"":""Open, retro-style refrigerator"",""fridge_contents"":[""Coca-Cola cans"",""Ramune bottles"",""Colorful beverages"",""Macaron themed book or magazine (top shelf)""],""foreground_floor"":""Two Ramune bottles containing pink liquid"",""setting_type"":""Kitchen or studio with vintage aesthetic""},""style_and_mood"":{""lighting"":""Warm, slightly muted"",""aesthetic"":""Cool, casual, retro"",""theme"":""Beverage focus""}}}",Image Generation / Retro Lifestyle Portrait
"{""generation_task"":{""title"":""Cinematic Flash Selfie - Film Noir Style"",""version"":""2.0"",""strict_constraints"":{""face_preservation"":""Face must remain 100% unaltered from reference."",""lighting_type"":""Direct on-camera flash only."",""view_angle"":""High-angle (approx. 30 degrees).""},""prompt_components"":{""subject"":{""demographics"":""Beautiful woman"",""hair"":{""style"":""Long, wavy, tied half-up"",""accessory"":""White cloth ribbon knotted at top of head"",""details"":""Thin bangs framing the face""},""facial_features"":{""skin"":""Shiny texture (due to flash), small freckles on nose and upper cheeks"",""makeup"":{""style"":""Doll-like"",""lips"":""Matte, blurred, muted rose tone"",""cheeks"":""Soft pink blush on cheeks and nose"",""eyes"":""Long curled eyelashes, thin eyeliner with subtle wing""}},""wardrobe"":{""clothing"":""Textured gray dress, puff sleeves, ruffle details"",""jewelry"":""Simple necklace with 'A' pendant""},""hands"":{""pose"":""Index finger touching cheek"",""nails"":""Almond-shaped, blue base, small soft-sparkle crystals""},""expression"":{""type"":""Pouting, cute, dreamy, slightly cheerful"",""vibe"":""Charming with cinematic feel""}},""environment"":{""location"":""Minimalist gray living room"",""lighting_condition"":""Dimly lit room"",""background_visibility"":""Dark, falling into shadow behind the subject""},""technical_specs"":{""camera_type"":""Digital camera simulating 35mm analog film"",""lighting_setup"":""Strong direct camera flash (harsh light)"",""contrast"":""High contrast (Chiaroscuro), bright face vs. dark background"",""angle"":""High-angle selfie, 30 degrees elevation"",""color_grading"":""Cool tones, muted colors, soft textures""},""artistic_style"":{""genre"":""Film noir elegance mixed with modern casualness"",""texture_quality"":""Ultra-realistic, 8k, detailed skin pores, hair strands, and fabric weave"",""atmosphere"":""Cold light reflection, modern warmth""}},""compiled_prompts"":{""stable_diffusion_format"":""high angle selfie, 30 degree angle, beautiful woman, long wavy hair half-up with white ribbon knot, thin bangs, doll-like makeup, matte rose lips, soft blush, freckles, textured gray dress puff sleeves, 'A' pendant, blue almond nails with crystals, pouting expression finger on cheek, strong direct camera flash, dark minimalist gray living room, film noir aesthetic, cool tones, shiny skin texture, high contrast, ultra-realistic, 8k, highly detailed --no altered face, warm lighting, vector, painting"",""midjourney_format"":""/imagine prompt: extreme close-up high-angle selfie of a woman with white ribbon in wavy hair :: textured gray dress with puff sleeves :: doll-like makeup, matte rose lips, blue nails with crystals :: strong direct flash photography, dim room, film noir elegance, cool tones, shiny skin texture, sharp contrast :: shot on 35mm analog, photorealistic, 8k --ar 4:5 --stylize 250 --v 6.0""}}}",Image Generation / Cinematic Film Noir Portrait
"{""style"":""realistic outdoor portrait photography, soft natural daylight, warm autumn tones, slight film grain, high detail skin texture"",""subject"":""beautiful young woman with light brown hair in loose messy bun, bright genuine smile, tanned skin, fit athletic body"",""outfit"":""tight white ribbed off-shoulder crop top, pink Calvin Klein underwear with thick white logo waistband pulled high on hips, no pants"",""pose"":""leaning forward on a metal railing, arms resting on rail, torso slightly twisted, looking back over shoulder, joyful expression"",""setting"":""rooftop or balcony with autumn orange foliage and blurred city buildings in background"",""lighting"":""soft golden hour sunlight from side-back, warm highlights on skin and hair"",""mood"":""playful, confident, carefree, sexy yet natural, autumn rooftop vibe""}",Image Generation / Outdoor Fashion Portrait
"{""project_directive"":""Fashion Editorial Interpretation"",""resolution"":""1200x1200px"",""scene_composition"":{""preservation_mandate"":{""accuracy_level"":""Nano-level of accuracy of all key elements"",""subject_pose"":""Maintain initial pose, soft movement of hair, direction of gaze"",""interaction"":""Natural connection with the horse"",""setting_base"":""Winter landscape""},""atmosphere"":{""vibe"":""Elite fashion magazine aesthetic"",""mood"":""Cinematic, premium, intellectual understanding of the scene""}},""visual_enhancements"":{""lighting"":{""contrast"":""Increased contrast and depth"",""tone"":""Precise molecular adjustment of cold shades"",""effects"":[""Light cinematic haze"",""Silvery diffused shine around model and horse contours"",""Light glossy glow""],""shadows"":""Slightly enhanced drama in snow shadows""},""textures_and_materials"":{""fabric_processing"":""Smart texture detail on coat and scarf (luxurious high fashion wool)"",""skin_processing"":""Improved micro-details, retouched while preserving naturalness and individuality""},""color_grading"":{""palette"":[""Soft cream"",""Ice blue"",""Platinum shades""],""adaptation"":""Harmonized to fashion-editorial standards""}}}",Image Generation / Winter Fashion Editorial
"{""image_generation"":{""identity"":{""preserve_original"":true,""reference_match"":true,""description"":""Facial features must remain exactly identical to the provided reference photo.""},""photo_style"":{""type"":""hyperrealistic lifestyle photo"",""camera_vibe"":""Olympus MJU II aesthetic"",""lighting"":""warm dim indoor lighting OR 35mm film-style flash"",""tone"":""warm vintage VSCO vibe"",""texture"":""soft grain, subtle film rendering"",""framing"":""wide shot showing interior room details""},""subject"":{""pose"":{""body"":""sitting on a woven sofa with back turned to the viewer"",""legs"":""folded comfortably"",""hands"":""one hand resting on the sofa"",""head"":""looking over shoulder at the camera"",""expression"":""playful, soft, naturally charming""},""appearance"":{""hair"":{""length"":""long"",""style"":""loose with a side part"",""accessory"":""simple small hair clip""},""makeup"":{""style"":""light Korean glass-skin makeup"",""details"":{""skin"":""glowy, dewy finish"",""lips"":""soft pink"",""eyes"":""minimal eyeshadow, natural lashes""}}},""clothing"":{""top"":{""type"":""cream oversized vintage T-shirt"",""print"":""bold graphic text 'FRISTO' on the back""},""bottom"":{""type"":""light high-waisted denim shorts""},""shoes"":{""type"":""white sneakers""}}},""environment"":{""setting"":""cozy messy room"",""elements"":[""woven sofa"",""white pillows"",""scattered clothes in the foreground"",""soft indoor clutter for authentic lifestyle atmosphere""],""lighting_effects"":[""warm dim glow"",""or direct compact film camera flash"",""soft warm shadows enhancing vintage mood""]},""aesthetic"":{""style"":""vintage lifestyle editorial"",""vibe"":""warm, nostalgic, candid"",""features"":[""rich room detail"",""natural textures of fabric and skin"",""soft grain and warm tones""]}}}",Image Generation / Vintage Lifestyle Portrait
"{""intent"":""Generate a photorealistic mirror selfie captured on an iPhone 15 Pro Max, depicting a glamorous pop idol in a highly cluttered, messy bedroom environment."",""frame"":{""aspect_ratio"":""9:16"",""composition"":""Vertical full-body mirror selfie. The frame is busy and chaotic at the bottom due to the clutter, contrasting with the subject's disciplined, vertical pose in the center. The reflection captures the entire room context."",""style_mode"":""smartphone_photography, computational_HDR, sharp_digital_look, deep_fusion_aesthetic""},""subject"":{""identity"":""A 23-year-old Eastern European idol with long, platinum blonde hair styled in voluminous waves. Despite the messy room, she looks camera-ready."",""wardrobe"":""She wears a matching cobalt blue athletic set: a tight sports bra and high-waisted leggings that showcase her toned physique."",""appearance"":""She wears full professional Hollywood makeup: heavy contour, matte skin finish, dramatic false lashes, and nude lip liner. Her appearance is pristine and contrasts with the disorderly room."",""pose"":""She performs a perfect standing vertical split, balancing on her left leg with her right leg extended 180 degrees upward. Her posture is rigid and controlled."",""prop"":""She holds an iPhone 15 Pro Max in her left hand (Natural Titanium finish), using the rear triple-lens camera array to take the photo. The phone's large size is evident in her grip.""},""environment"":{""location"":""A chaotic, unkempt bedroom."",""details"":""The floor is covered in piles of discarded clothing, fashion magazines, and shoe boxes. The bed behind her is unmade with tangled sheets. The mirror itself might have a few smudges or fingerprints, adding to the realism."",""atmosphere"":""Lived-in, messy, and candid, suggesting a 'getting ready' moment or a lack of time to clean amidst a busy celebrity schedule.""},""lighting"":{""type"":""Mixed domestic lighting with Smart HDR processing."",""color_temperature"":""A mix of cool daylight (5600K) coming from a window and warmer overhead tungsten bulbs (3000K)."",""quality"":""Bright and even exposure typical of iPhone metering. The computational photography balances the highlights from the window and the shadows in the piles of clothes, resulting in high local contrast."",""contrast"":""High dynamic range (HDR) look, with lifted shadows and preserved highlights, characteristic of the Photonic Engine.""},""camera"":{""sensor_format"":""1/1.28-inch sensor simulation (iPhone 15 Pro Max Main Camera)."",""lens"":""24mm equivalent wide-angle lens."",""aperture_depth_of_field"":""f/1.78 fixed aperture. This creates a moderate depth of field where the subject is sharp, but the messy background clutter is slightly softer but still recognizable."",""camera_position"":""Handheld at chest level within the reflection."",""shutter_speed"":""1/60s"",""processing"":""Digital sharpening, noise reduction, and tone mapping enabled to mimic the specific 'Deep Fusion' output of Apple's image pipeline.""},""negative"":{""content"":""No clean room, no organized floor, no blurred face, no generic smartphone, no dark hair, no weak makeup, no distorted body parts."",""style"":""No film grain, no vintage filter, no soft focus, no painterly effects, no professional studio lighting setup.""}}",Image Generation / Photorealistic Celebrity Selfie
"{""description"":""A slender and elegant Asian woman, mid-20s, with a gentle, contemplative expression, gazing towards the right of the frame."",""hair"":""Dark brown hair styled in a high, messy bun, with soft wisps framing the face."",""makeup"":""Minimalist, natural 'no-makeup' makeup look, featuring soft pink lips and a light blush, enhancing natural features."",""expression"":""Serene, distant gaze, creating a sense of introspection or admiration of the view."",""attire"":{""outerwear"":""White, open-knit crochet cardigan with long, slightly flared sleeves, adorned with scattered small, pastel-colored floral appliques (yellow, blue, pink)."",""swimwear"":""White string bikini top and matching bottom, peeking out from beneath the cardigan."",""accessories"":""Delicate, multi-strand beaded necklaces in pastel colors (pink, white, yellow), some extending as a body chain around her waist. Pink-tinted sunglasses perched on top of her bun. Small, understated stud earrings.""}}",Image Generation / Natural Fashion Portrait
"{""prompt"":{""reference_photo"":""Use the uploaded reference photo. Do not change the Subject’s facial features. The Subject must look 1000% identical to the uploaded images."",""scene"":{""setting"":""sleek, dimly lit luxury showroom"",""subject_position"":""seated slightly off-center on a bright red beanbag chair"",""midground"":""vivid red supercar with angular front bumper, sharp air intakes, and glossy black detailing"",""background"":{""ceiling"":""bold, linear black slats running diagonally, creating depth with soft reflections"",""right_side"":""glossy black croc-embossed duffel bag on speckled concrete floor with diffused light reflections"",""left_side"":""another red beanbag and subtle racing-themed decor providing controlled pops of color"",""mirrored_wall"":""reversed silhouettes of showroom signage, racing helmet displays, and stylized circuit-track outlines""}},""subject"":{""identity"":""must match reference photo with 1000% accuracy"",""outfit"":{""jacket"":""matte black leather jacket with structured seams and folded cuffs"",""trousers"":""oversized black leather trousers pooling at the ankles"",""shoes"":""chunky black platform shoes with high-shine surfaces"",""posture"":""arms crossed in a relaxed, confident pose with subtle reflections emphasizing leather textures""}},""supercar_details"":{""lighting_effects"":""sculpted hood shifting from deep shadows to bright reflections"",""rims"":""black rims under aerodynamic fenders"",""windshield"":""polished surface capturing faint interior reflections""},""micro_details"":[""dust speckles on concrete"",""tiny reflections across leather surfaces"",""faint fingerprints on duffel bag’s glossy texture"",""dramatic shadow falloff around shoes""],""camera_style"":""natural, authentic, HD look as if photographed with an iPhone camera"",""constraints"":{""face_modification"":""none allowed — maintain all facial features exactly as in reference image""}}}",Image Generation / Automotive Fashion Photography
"{""photo_description"":""A striking, fashion-forward portrait of a young woman looking over her shoulder toward the camera, standing by a dark wooden door with decorative trim."",""subject_details"":{""gender"":""female"",""hair_style"":""updo/bun"",""pose"":""looking back over her right shoulder, left hand resting on the door handle/frame"",""expression"":""serious or intense gaze"",""attire"":{""type"":""long slip dress"",""color"":""deep burgundy or wine red"",""detail"":""low, open back with crisscross, spaghetti straps (lacing effect)"",""material"":""satin or silk, flowing and draped""},""accessories"":[""gold-toned bracelet on the left wrist"",""statement gold earrings""]},""setting"":{""environment"":""indoors, potentially a formal setting or entrance hall"",""details"":[""dark wood double door with glass panels (partially visible)"",""ornate wood trim/molding around the door"",""soft, warm, possibly low lighting (cinematic/moody quality)"",""partially visible gold-framed artwork on the wall to the right""],""mood_lighting"":""dramatic, soft-focus, slightly vintage or filmic quality""},""keywords"":[""evening wear"",""formal dress"",""slip dress"",""backless"",""crisscross straps"",""burgundy"",""wine red"",""satin"",""silk"",""glamour"",""fashion"",""portrait"",""dramatic lighting"",""moody"",""elegant""]}",Image Generation / Dramatic Fashion Portrait
"{""meta"":{""title"":""Hyper-realistic 8K Street Portrait"",""created_at"":""2024-05-22T10:00:00Z"",""tags"":[""portrait"",""summer"",""fashion"",""fujifilm"",""outdoor""]},""prompt_data"":{""full_string"":""Hyper-realistic 8K street portrait, preserve the girl’s facial features from the reference. Stylish outdoor shot: girl leaning back against a textured beige stucco wall under bright sun, relaxed contrapposto stance, head tilted back, eyes half-closed, expression enjoying warmth. Wearing a trendy sage-mint set: twisted-knot long-sleeve crop top, exposed midriff, mini skirt with thong-strap detail on waist. Sunkissed makeup: bronzer, strong highlighter, nude matte lips, defined contoured cheekbones. Hair in messy bun with loose wavy face-framing strands. Background: rough stucco wall with sharp botanical shadows cast by leaves. Camera: Fujifilm X-T4, Kodak Gold 200 film emulation, high aperture f/8 for background sharpness. Lighting: harsh mid-day sun, high contrast light–shadow pattern, crisp plant shadows across skin and wall. Warm yellow-green tones, summer vibe, high clarity, magazine aesthetic. Medium shot composition, textured wall filling the frame. --ar 4:5 --style raw --v 6.0"",""components"":{""style"":""Hyper-realistic 8K street portrait, magazine aesthetic, high clarity"",""subject"":{""reference_instruction"":""preserve the girl’s facial features from the reference"",""pose"":""leaning back against a textured beige stucco wall, relaxed contrapposto stance, head tilted back, eyes half-closed, expression enjoying warmth"",""clothing"":""trendy sage-mint set: twisted-knot long-sleeve crop top, exposed midriff, mini skirt with thong-strap detail on waist"",""hair_makeup"":""Sunkissed makeup: bronzer, strong highlighter, nude matte lips, defined contoured cheekbones. Hair in messy bun with loose wavy face-framing strands""},""environment"":{""setting"":""rough stucco wall with sharp botanical shadows cast by leaves"",""lighting"":""harsh mid-day sun, high contrast light–shadow pattern, crisp plant shadows across skin and wall"",""color_palette"":""Warm yellow-green tones, summer vibe""},""technical"":{""camera"":""Fujifilm X-T4"",""film_stock"":""Kodak Gold 200 film emulation"",""settings"":""high aperture f/8 for background sharpness"",""composition"":""Medium shot composition, textured wall filling the frame""}},""parameters"":{""aspect_ratio"":""4:5"",""style_model"":""raw"",""version"":""6.0""}}}",Image Generation / Hyper-Realistic Street Portrait
"{""prompt"":""Hyper-realistic 8K street portrait, preserve the girl’s facial features from the reference. Stylish outdoor shot: girl leaning back against a textured beige stucco wall under bright sun, relaxed contrapposto stance, head tilted back, eyes half-closed, expression enjoying warmth. Wearing a trendy sage-mint set: twisted-knot long-sleeve crop top, exposed midriff, mini skirt with thong-strap detail on waist. Sunkissed makeup: bronzer, strong highlighter, nude matte lips, defined contoured cheekbones. Hair in messy bun with loose wavy face-framing strands. Background: rough stucco wall with sharp botanical shadows cast by leaves. Camera: Fujifilm X-T4, Kodak Gold 200 film emulation, high aperture f/8 for background sharpness. Lighting: harsh mid-day sun, high contrast light–shadow pattern, crisp plant shadows across skin and wall. Warm yellow-green tones, summer vibe, high clarity, magazine aesthetic. Medium shot composition, textured wall filling the frame."",""parameters"":{""--ar"":""4:5"",""--style"":""raw"",""--v"":""6.0""}}",Image Generation / Hyper-Realistic Street Portrait
"{""image_generation"":{""face"":{""preserve_original"":true,""reference_match"":true,""description"":""Use the same facial features, expression, and identity from the uploaded image without altering any facial structure, proportions, or features.""},""photo_style"":{""type"":""natural portrait"",""camera_angle"":""close-up, slightly tilted"",""lighting"":""soft natural sunlight filtering through the window with gentle shadows"",""mood"":""relaxed, soft, intimate"",""texture"":""clear skin, soft grain, natural daylight"",""focus"":""sharp detail on face, soft bokeh background""},""subject"":{""pose"":""laying on a bed with head resting on one hand, facing slightly to the side"",""expression"":""soft, calm, relaxed, with a slight tilt of the head"",""hair"":{""style"":""long, dark, slightly messy with natural flow"",""texture"":""soft, with some strands framing the face""},""clothing"":{""type"":""casual, relaxed indoor outfit"",""details"":""light, soft fabric visible in the image, with no overt patterns""},""hand"":{""position"":""resting gently on her arm""}},""environment"":{""setting"":""cozy indoor scene, lying on a soft bed"",""background"":""light-colored curtains with soft natural daylight streaming through the window"",""atmosphere"":""warm, peaceful, intimate""},""aesthetic"":{""style"":""natural beauty portrait"",""features"":[""skin texture"",""gentle light effects"",""soft bokeh and window light"",""minimalist indoor setting""]}}}",Image Generation / Natural Beauty Indoor Portrait
"{""prompt"":""hyperrealistic ultra-detailed 8k photo of YOU (Upload Your Photo) standing in a bright cozy living room, same location as the reference: cream-colored sofa, large white curtains with soft daylight shining through, warm neutral walls, several green houseplants, minimal decor, natural sunlight and soft shadows. Use the uploaded photo as the main subject of the image, preserving the face, hairstyle, body type, clothing, and overall style exactly as in the uploaded photo. The subject is standing in front of the sofa, body slightly angled to the side, legs close together, one hip slightly popped, holding a smartphone in one hand at chest height, screen facing them, as if taking a mirror selfie, with a relaxed confident expression and slight smile, eyes toward the phone. Behind them, their partner is standing very close, a tall, attractive humanoid robot with a highly muscular, athletic build, entirely robotic with no human skin, detailed mechanical anatomy inspired by a futuristic cyborg: layered silver and gunmetal plates, visible bundles of flexible cables as muscles, complex joints, smooth armor around shoulders, chest, arms, and legs, elegant angular robotic face with a strong jawline, glowing blue eyes, subtle wear and micro-scratches on metal for realism. The robot’s torso is broad and V-shaped, narrow waist, perfect proportions, clearly fit and powerful but aesthetically beautiful. The robot stands just behind the subject with one sleek metallic arm wrapped gently and protectively around the front of their neck and shoulders, hand resting softly near the collarbone in an affectionate pose, the other arm relaxed at its side. Their bodies are close, giving a sense of intimacy and comfort. Extremely realistic skin texture on the subject, natural hair strands, detailed fabric texture and wrinkles on their clothing, realistic reflections and specular highlights on the robot’s metal surfaces, accurate global illumination and depth of field, sharp focus on both characters, slight background blur. Photoreal, cinematic lighting, no fantasy effects, looks like a real candid photo taken on a phone in this apartment."",""negative_prompt"":""cartoon, anime, illustration, painting, 3d render, CGI, low resolution, blurry, grainy, oversaturated, unrealistic proportions, extra limbs, deformed hands, distorted face, visible mirror edges, text, watermark, logo, armor covering the subject, human skin on the robot, grotesque, horror, gore""}",Image Generation / Photorealistic Living Room Portrait with Cyborg
"{""image_generation_parameters"":{""aspect_ratio"":""1:1"",""resolution"":""1200x1200px"",""prompt_structure"":{""subject"":{""description"":""full-length portrait of a young androgynous biker woman"",""build"":""curvy, not overweight"",""expression"":""somber, rebellious attitude"",""constraint"":""do not alter face""},""attire"":{""top"":""dark sleeveless top"",""bottoms"":""loose, wide-legged denim pants"",""footwear"":""patterned white sneakers"",""accessories"":""minimal jewelry"",""style"":""edgy street style aesthetic""},""pose"":{""action"":""sitting confidently on a motorcycle, leaning forward"",""hands"":""clasped together""},""motorcycle"":{""type"":""black cruiser motorcycle""},""environment"":{""backdrop"":""urban cafe visible through a glass window"",""details"":""subtle typography on window, slightly blurred cityscape outside""},""lighting_and_mood"":{""light"":""soft natural light"",""shadows"":""high-contrast"",""tones"":""somber greenish-grey tones"",""atmosphere"":""dramatic, rebellious""},""photographic_style"":{""medium"":""35mm film photography"",""textures"":""rough, grainy"",""focus"":""shallow depth of field"",""composition"":""cinematic, dramatic""}}}}",Image Generation / Urban Biker Fashion Portrait
"{""subject"":{""type"":""young woman"",""pose"":""sitting sideways on an arcade stool, one knee up, hugging legs loosely, winking with exaggerated cuteness"",""expression"":""playful and lively""},""clothing"":{""top"":""teal t-shirt with comic-outline shading"",""bottom"":""pink shorts"",""socks"":""purple crew socks"",""shoes"":""bright neon sneakers with translucent soles""},""hair"":{""color"":""black"",""style"":""braided pigtails with neon hair ties""},""environment"":{""setting"":""retro arcade interior"",""details"":""glowing cabinets, colorful reflections, cluttered neon lights""},""lighting"":{""type"":""intense neon mixed lighting"",""mood"":""electric, colorful, kinetic""},""camera"":{""angle"":""low-medium angle"",""lens_effect"":""wide lens, subtle distortion for dynamic feel"",""framing"":""tight arcade framing""},""art_overlay"":{""style"":""overloaded sweets-monster pop-art"",""description"":""a hyper-busy explosion of candy-inspired monsters and neon shapes surrounding the subject while keeping skin photorealistic"",""illustrated_elements"":{""monsters"":""goofy cute-ugly creatures made of donuts, chocolate chunks, banana ghosts, candy worms, gummy bears, soda bottles, strawberries, melting ice cream blobs"",""graphic_shapes"":""drips, splashes, stars, hearts, zigzags, spirals, speed lines, sparkles, comic bursts without text"",""style"":""flat graphic shapes with thick black outlines and bright neon hues""},""placement_and_density"":{""behavior"":""extreme density filling almost all negative space"",""behind_subject"":""background jam-packed with overlapping layers of monsters"",""around_subject"":""creatures peeking behind shoulders, popping near head, sitting near feet"",""over_clothing"":""monsters overlapping shirt and shorts with subtle shading interaction"",""avoid_skin"":""no overlays touching the face, arms, or legs"",""depth_layers"":""front and back illustration layers creating chaotic dimensionality"",""energy_effects"":""white spark dots, glowing rims, dynamic speed lines around the figure""}},""style"":{""overall"":""arcade portrait consumed by maximalist sweets-monster chaos"",""aesthetic"":""energetic, loud, neon-pop, surreal""}}",Image Generation / Neon Retro Arcade Portrait
"{""description"":""A striking young Korean woman, mid-20s, with a soft, yet focused gaze and slightly parted lips, embodying a slender, graceful K-pop model aesthetic."",""physique"":""Very slim, tall, and elegantly proportioned, typical of K-pop idols, emphasizing a lean silhouette."",""hair"":""Long, luxurious, dark brown, styled in deep, voluminous Hollywood waves, perfectly framing the face."",""makeup"":""Soft, 'clean girl' aesthetic with peachy blush, defined brows, subtle cat-eye liner, and a matte nude-pink lip, typical of Korean makeup trends."",""expression"":""Sultry, confident, and direct eye contact with the viewer."",""attire"":{""top"":""Brown and beige plaid bustier crop top with a sweetheart neckline."",""waist"":""Dark brown leatherette lace-up corset/waist cincher, designed to enhance the slim waistline."",""bottom"":""Matching dark brown, heavily pleated or gathered faux-leather mini skirt."",""outerwear"":""A rich, chocolate brown leather bomber jacket, worn draped off the shoulders, exposing the right arm."",""accessories"":""Layered, heavy rhinestone choker and chain necklaces, featuring a small, deep red heart pendant. Large pearl drop earrings. Small, jeweled butterfly hair clips.""}}",Image Generation / K-Pop Fashion Portrait
"{""prompt"":{""characters"":[{""name"":""Miyeon"",""description"":""beautiful young Korean woman, smiling, long black hair, wearing a white strapless top with black stars, silver necklace""},{""name"":""Judy Hopps"",""description"":""Disney character from Zootopia, wearing police uniform, smiling""}],""scene"":{""location"":""slightly dark, crowded movie theater/cinema hall"",""background"":""large movie screen showing a scene with multiple male characters in action poses"",""lighting"":""cinematic lighting""},""interaction"":""Miyeon taking a selfie with Judy Hopps, standing side-by-side"",""style"":""photorealistic, ultra-detailed, 8K""}}",Image Generation / Photorealistic Selfie with Cartoon Character
"{""image_generation"":{""quality"":""hyper-realistic, high-detail, professional fashion photoshoot"",""face"":{""preserve_original"":true,""reference_match"":true,""description"":""Use the exact same face from the uploaded photo without altering any facial features or identity.""},""subject"":{""description"":""A stylish young woman with the same face as the reference photo."",""clothing"":{""top"":{""type"":""knitted sweater"",""color"":""pink""},""pants"":{""type"":""jeans"",""color"":""pink""},""shoes"":{""type"":""high-top sneakers"",""color"":""white""}},""pose"":""standing with one arm resting casually on a giant 3D-rendered Angry Birds 'Pink' character"",""expression"":""natural, confident, casual fashion look""},""character_element"":{""name"":""Angry Birds Pink"",""type"":""giant 3D photorealistic render"",""style"":""clean, glossy, cartoon-accurate but ultra-detailed"",""interaction"":""the woman’s arm rests on the character as if posing together""},""environment"":{""background"":""seamless solid vibrant light pink backdrop"",""setting"":""professional photo studio"",""lighting"":""soft evenly diffused studio lighting with clean highlights and minimal shadows""},""aesthetic"":{""style"":""modern fashion photography"",""mood"":""playful, bright, stylish"",""details"":[""hyperrealistic skin texture"",""sharp fabric details"",""accurate lighting reflections on 3D character"",""smooth studio gradients""]}}}",Image Generation / Fashion Photography with 3D Character
"{""image_generation"":{""quality"":""hyper-realistic, high-detail, professional fashion photoshoot"",""face"":{""preserve_original"":true,""reference_match"":true,""description"":""Use the exact same face from the uploaded photo without altering any facial features or identity.""},""subject"":{""description"":""A stylish young woman with the same face as the reference photo."",""clothing"":{""top"":{""type"":""knitted sweater"",""color"":""soft Winnie-the-Pooh yellow""},""pants"":{""type"":""high-waisted jeans"",""color"":""warm honey beige""},""shoes"":{""type"":""high-top sneakers"",""color"":""white with subtle yellow accents""}},""pose"":""standing with one arm resting casually on a giant 3D-rendered Winnie the Pooh character"",""expression"":""natural, confident, casual fashion look""},""character_element"":{""name"":""Winnie the Pooh"",""type"":""giant 3D photorealistic render"",""style"":""clean, glossy, cartoon-accurate but ultra-detailed"",""color"":""classic Pooh yellow with vibrant red shirt"",""interaction"":""the woman’s arm rests on the character as if posing together""},""environment"":{""background"":""seamless solid vibrant honey-yellow backdrop"",""setting"":""professional photo studio"",""lighting"":""soft evenly diffused studio lighting with clean highlights and minimal shadows""},""aesthetic"":{""style"":""modern fashion photography"",""mood"":""playful, bright, stylish"",""details"":[""hyperrealistic skin texture"",""sharp fabric details"",""accurate lighting reflections on 3D character"",""smooth studio gradients""]}}}",Image Generation / Fashion Photography with 3D Character
"{""image_description"":{""subject"":{""face"":{""preserve_original"":true,""reference_match"":true,""description"":""The girl’s facial features, expression, and identity must remain exactly the same as the reference image.""},""girl"":{""age"":""young"",""hair"":""long, wavy brown hair"",""expression"":""puckering her lips toward the camera"",""clothing"":""black hooded sweatshirt""},""puppy"":{""type"":""small white puppy"",""eyes"":""light blue"",""expression"":""calm, looking forward""}},""environment"":{""setting"":""outdoors in a winter scene"",""elements"":[""snow covering the ground"",""bare trees in the background"",""blurred silver car behind the girl""],""sky"":""clear light blue sky""},""mood"":""cute, natural, winter outdoor moment"",""camera_style"":""soft depth of field, natural daylight, subtle winter tones""}}",Image Generation / Winter Outdoor Pet Portrait
"{""prompt"":""An ultra-realistic, full-body studio portrait of a 23-year-old woman. She has dark hair styled exactly as in the reference image and wears natural makeup with a serious, direct gaze into the camera. She is wearing a white and Skyblue color-block cropped hoodie, black high-waisted pants (or black leggings/jeans for a feminine fit), and white Puma athletic shoes."",""style_and_pose"":""She is seated gracefully on a pristine white platform."",""creative_concept"":""Multiple miniature versions of herself in the identical outfit are interacting with her: one perched on her head, two sitting on her shoulders, one seated in her open palm, one climbing her leg, and three walking nearby on the platform. All miniature figures must have the same serious expression and perfect likeness."",""lighting_and_environment"":""Seamless white studio background, high-end fashion lighting, ultra-detailed, photorealistic."",""constraints"":""Facial likeness must be 100% accurate to the provided reference image. Hair style must be 100% accurate to the provided reference image."",""signature"":""Shreya Yadav""}",Image Generation / Studio Portrait with Miniature Clones
"{""scene_description"":""A cohesive 4-panel fashion lifestyle collage featuring the same young woman in a cozy layered autumn outfit, showcasing relaxed poses in nature."",""subject"":{""type"":""Young Woman (Consistent character)"",""age"":""early 20s"",""features"":{""hair"":""loose natural hair with beanie"",""makeup"":""rosy cheeks""},""attire"":""chunky knit sweater, plaid scarf, long wool coat, jeans, boots"",""accessories"":""takeaway coffee cup""},""collage_layout"":{""structure"":""2x2 Grid Layout (4 frames of equal size)"",""panel_1_top_left"":""Full Body Dynamic: Throwing autumn leaves in the air or twirling, coat flowing, smiling broadly."",""panel_2_top_right"":""Sitting Side View: Sitting on a park bench with legs crossed, reading a book or looking at the scenery, holding coffee."",""panel_3_bottom_left"":""Mid-Shot Walking: Walking towards the camera holding the lapels of the coat, looking down shyly or smiling."",""panel_4_bottom_right"":""Portrait with Prop: Peeking out from behind the oversized scarf, holding the coffee cup near face for warmth, eyes smiling.""},""environment"":{""setting"":""Autumn Park / Forest Path"",""background_elements"":[""Orange and yellow leaves"",""Trees"",""Park bench""]},""lighting"":{""style"":""Golden Hour Soft"",""key_light"":{""type"":""Low Autumn Sun"",""color"":""Warm Golden"",""effect"":""Backlight or soft front light, magical atmosphere""}},""style"":{""medium"":""Portrait Photography"",""aesthetic"":""Cottagecore, Autumn Vibes, Cozy, Pinterest"",""quality"":""8k resolution, warm tones""},""attire_customization"":{""current_clothing"":""Wool coat and knitwear"",""customizable_clothing"":""User can swap for puffer jacket or raincoat""},""brand_product_customization"":{""current_brand_product"":""Winter Apparel"",""customizable_brand"":""User: Insert Brand Name"",""customizable_product"":""User: Specific coat or boots"",""product_placement_area"":""Coat texture or boots""}}",Image Generation / Autumn Fashion Lifestyle Collage
"{""prompt"":""A realistic photograph of a man wearing a trendy hoodie, striking an exaggerated, animated pose. Next to him is his exact lookalike, rendered in a lively American cartoon style (think 90s/early 2000s animation) with the same haircut, same facial features, and same exaggerated stance. The cartoon figure should be highly stylized, colorful, and dynamically rendered. The background is soft, minimal, and neutral to emphasize both figures. Cinematic lighting, high detail. Signature: Shreya Yadav."",""image_count"":1,""art_style"":[""photorealistic"",""american cartoon style""],""composition"":[""side-by-side comparison"",""full-body shot"",""minimal background""],""details"":[""trendy hoodie"",""exaggerated animated pose"",""high detail"",""cinematic lighting""],""signature"":""Shreya Yadav""}",Image Generation / Photorealistic and Cartoon Hybrid Portrait
"{""scene_description"":""A cohesive 4-panel fashion lifestyle collage featuring the same young woman in a trendy streetwear outfit, showcasing different dynamic poses and angles."",""subject"":{""type"":""Young Woman (Consistent character)"",""age"":""early 20s"",""features"":{""hair"":""high ponytail or messy bun"",""makeup"":""fresh urban look""},""attire"":""oversized graphic hoodie, biker shorts, high socks, chunky sneakers"",""accessories"":""cross-body bag, sunglasses on head""},""collage_layout"":{""structure"":""2x2 Grid Layout (4 frames of equal size)"",""panel_1_top_left"":""Front Full Body: Walking confidently towards the camera on a city crosswalk, hair moving in the wind, looking slightly to the side."",""panel_2_top_right"":""Side Profile Sitting: Sitting on concrete steps with knees pulled up, resting chin on knees, looking peacefully at the street view."",""panel_3_bottom_left"":""Back View Full Body: Standing and looking away at a city billboard or view, hands in hoodie pockets, highlighting the back graphic of the hoodie."",""panel_4_bottom_right"":""Mid-Shot Angle: Leaning casually against a brick wall, one leg up on the wall, looking directly at the camera with a cool expression.""},""environment"":{""setting"":""City Streets / Urban Alley"",""background_elements"":[""Brick textures"",""Street signs"",""City depth""]},""lighting"":{""style"":""Overcast Soft Light"",""key_light"":{""type"":""Natural Sky"",""color"":""Cool White"",""effect"":""Even lighting ideal for street fashion""}},""style"":{""medium"":""Digital Street Photography"",""aesthetic"":""Hypebeast, Urban, Gen Z, Candid"",""quality"":""8k resolution, sharp focus on subject""},""attire_customization"":{""current_clothing"":""Hoodie and biker shorts"",""customizable_clothing"":""User can swap for denim jacket and cargo pants""},""brand_product_customization"":{""current_brand_product"":""Streetwear"",""customizable_brand"":""User: Insert Brand Name"",""customizable_product"":""User: Specific sneakers or bag"",""product_placement_area"":""Hoodie chest or sneakers""}}",Image Generation / Urban Streetwear Lifestyle Collage
"{""intent"":""Photorealistic image generation utilizing the provided depth map as a strict structural control signal to replicate the specific pose and composition."",""frame"":{""aspect_ratio"":""1:1"",""composition"":""High-angle, overhead bird's-eye view strictly adhering to the geometry of the uploaded depth map. The subject is centered diagonally."",""control_guidance"":{""type"":""Depth Map ControlNet"",""strength"":""1.0"",""instruction"":""Strictly follow the spatial arrangement and depth gradients of the input image to maintain the exact body position and object placement.""}},""subject"":{""identity"":""Young adult female with an athletic, flexible physique."",""pose"":""Performing a full center split (straddle split) on the floor, leaning forward to rest elbows on the ground, exactly matching the depth silhouette."",""wardrobe"":""Tight-fitting athletic wear. Specifically, opaque black high-waisted leggings that conform to the leg musculature, paired with a matching black sports bra."",""action"":""Operating a laptop placed on the floor in front of her, resting chin in one hand while using the trackpad with the other."",""details"":""Barefoot, natural skin texture visible on arms and back.""},""environment"":{""location"":""Luxurious interior space featuring a high-gloss, polished marble floor."",""surface_texture"":""White Carrara marble with distinctive soft grey veining. The surface is highly reflective, casting faint reflections of the subject and objects."",""props"":""A silver laptop open on the floor. Surrounding items include a rectangular snack box, a small beverage bottle, and a wrapper, positioned exactly as indicated by the depth map blocks.""},""lighting"":{""type"":""Soft, cool daylight diffused through a window."",""interaction"":""Light reflects sharply off the polished marble floor, creating specular highlights and soft, cool shadows beneath the subject's legs and the laptop."",""color_temperature"":""5600K"",""quality"":""Even, shadow-softening illumination suitable for a clean, modern aesthetic.""},""camera"":{""sensor_format"":""Full-frame digital."",""lens"":""35mm wide-angle lens to capture the spread of the split from above."",""camera_position"":""Directly overhead (zenith view), parallel to the floor."",""focus"":""Sharp focus on the subject and the immediate floor area, utilizing the depth map to determine the focal plane.""},""negative"":{""style"":""No wood grain, no carpet, no rustic textures, no anime, no sketch, no low-quality render."",""content"":""No incorrect limb positioning, no floating objects, no matte floor finish, no distortion of the laptop screen.""}}",Image Generation / Photorealistic Overhead Pose with Depth Map Control
"{""prompt_description"":{""subject"":{""demographics"":""19-year-old brunette girl"",""facial_features"":""exact facial features must match reference photo"",""expression"":{""mood"":""regal and composed"",""chin"":""slightly lifted"",""lips"":""relaxed"",""eyes"":""engaged with camera""},""pose"":{""seating"":""seated confidently in the driver’s seat"",""torso"":""angled slightly forward"",""legs"":""extended diagonally"",""hands"":""one resting on thigh, the other near steering wheel""},""styling"":{""hair"":""voluminous waves tucked under the hat"",""outfit"":{""dress"":""deep red velvet winter outfit with rich texture, long-sleeved with fur trim on collar and cuffs"",""gloves"":""matching red velvet with ornate jeweled embellishments"",""hat"":""luxurious fur hat in matching red tone"",""boots"":""black glossy thigh-high wrapped in silver chains""},""jewelry"":{""earrings"":""large dangling earrings with silver and ruby stones""},""textures"":{""velvet"":""matte"",""boots"":""glossy"",""jewelry"":""sparkly""}}},""environment"":{""location"":""vintage red luxury car"",""interior"":""red leather matching outfit"",""background"":""snowy urban background visible through car windows""},""lighting"":{""type"":""soft diffused daylight from outside, warm bounce light from red interior"",""contrast"":""high contrast between warm interior and cold exterior"",""shadows_highlights"":""warm shadows and cool highlights""},""photographic_style"":{""mood"":""editorial winter fashion mood, nostalgic atmosphere"",""aesthetic"":""retro photo aesthetic, shot on old analog film camera"",""film_characteristics"":""vintage grain, muted tones, soft vignette, authentic film imperfections"",""composition"":""cinematic with clear depth planes"",""framing"":""medium-full crop"",""camera_angle"":""slightly low""},""technical_parameters"":{""aspect_ratio"":""--ar 3:4"",""model_version"":""--v 6"",""style_flag"":""--style retro"",""quality_flag"":""--q 2""}},""negative_constraints"":[""no outfit changes"",""no color shifts"",""no different car interiors"",""no different boots"",""no missing chains"",""no alternate hairstyles"",""no smiling"",""no open mouth"",""no different earrings"",""no casual clothing"",""no studio background"",""no snow inside car"",""no low-quality textures"",""no blur"",""no alternate lighting setups"",""no different angles"",""no different poses"",""no missing gloves"",""no hatless versions"",""no alternate expressions"",""no makeup changes"",""no jewelry drift"",""no cropped face"",""no face mismatch with reference""]}",Image Generation / Editorial Fashion Car Interior Portrait
"{""prompt"":""A stunning woman, with the exact same face, figure, and hair style as the provided reference image, posing elegantly in a luxurious, bright interior. The setting includes large windows looking out onto lush tropical foliage. She is wearing a black halter-neck bikini top with crisscross straps, paired with a sheer black polka-dot sarong tied at her hip, revealing a hint of her leg."",""style"":""photorealistic, high-end fashion photography, soft natural lighting"",""constraints"":{""face_consistency"":""100%"",""figure_consistency"":""100%"",""hair_consistency"":""100%"",""setting"":""luxurious, bright interior, large windows, lush tropical foliage view"",""attire"":""black halter-neck bikini top with crisscross straps, sheer black polka-dot sarong tied at hip""},""signature"":""Shreya Yadav""}",Image Generation / Luxury Indoor Swimwear Portrait
"{""prompt"":{""scene"":{""location"":""gas station"",""time_of_day"":""night"",""elements"":[""black Porsche GT3 RS"",""wet ground reflecting colorful urban lights"",""gas station elements"",""building with signs""]},""subject"":{""gender"":""female"",""pose"":""leaning against Porsche GT3 RS"",""clothing"":{""type"":""tracksuit"",""color"":""black"",""detailing"":""distinct orange and yellow lettering""},""hair"":{""style"":""wavy"",""details"":""slightly wavy""},""face"":{""accuracy"":100}},""image_quality"":{""style"":""ultra-realistic"",""resolution"":""8k"",""features"":[""cinematic night lighting"",""HDR cinematic sharpness"",""hyper-detailed textures""],""camera"":{""model"":""iPhone 17 Pro Max"",""photo_characteristics"":[""natural proportions"",""realistic textures"",""vibrant reflections from artificial lights""]}},""color_grading"":{""mood"":""dark and moody"",""lighting"":""vibrant reflections from urban lights""}}}",Image Generation / Nighttime Automotive Fashion Portrait
"{""scene"":{""environment"":""sandy beach"",""time"":""midday"",""lighting"":""harsh direct sunlight at 90 degrees"",""surface"":{""towel_pattern"":""vertical thick orange and white stripes"",""towel_texture"":""cotton, high contrast, crisp fibers""}},""camera"":{""angle"":""top_down"",""framing"":""tight_crop_centered_on_back"",""lens"":""50mm"",""focus"":""extreme_sharpness"",""distance"":""close"",""depth_of_field"":""shallow"",""detail"":""ultra_high""},""subject"":{""type"":""female_back"",""body_type"":""fit_athletic_sexy"",""age"":""young_adult"",""pose"":""lying_face_down_on_towel"",""skin"":{""tone"":""deep_bronze"",""texture"":""hyperrealistic_pores_fine_details_subtle_imperfections"",""specularity"":""soft_sunlit_highlights"",""sunburn_effect"":{""type"":""authentic_uv_tanline"",""distribution"":""strong_even_redness_across_shoulders_and_upper_back"",""contrast"":""very_high"",""microdetails"":""natural_skin_variation, tiny freckles, light sweat sheen"",""text_tanline"":{""text"":""NANO BANANA PRO"",""appearance"":""lighter_untanned_skin_from_sunscreen_stencil"",""edge_sharpness"":""razor_crisp"",""integration"":""fully_blended_uv_tanline_not_overlay"",""realism"":""high""}}},""hair"":{""position"":""swept_to_the_side"",""lighting"":""sunlit_highlights""}},""clothing"":{""bottom"":""blue thong"",""color"":""vivid_blue"",""texture"":""smooth_elastic_swimwear_fabric"",""fit"":""tight_high_leg_cut_minimal_back_coverage""},""style"":{""render"":""hyperrealistic"",""resolution"":""very_high"",""color_profile"":""vibrant_summer_palette"",""shadow_behavior"":""hard_crisp_shadows"",""mood"":""luxury_beach_ad"",""quality"":""extreme_ultra_detail""}}",Image Generation / Hyperrealistic Beach Portrait with UV Tan Art
"{""description"":""A beautiful young woman reclining naturally on a rocky cliff edge overlooking turquoise ocean waves."",""subject"":{""gender"":""female"",""age"":""young adult"",""appearance"":{""hair"":""long, wavy brown hair"",""clothing"":{""dress"":""strapless pink floral mini dress"",""shoes"":""beige flat espadrilles""},""pose"":""relaxed, natural reclining pose with correct limb orientation"",""anatomy_constraints"":[""no flipped legs"",""no distorted limbs"",""natural leg positioning"",""realistic body proportions""]}},""environment"":{""location"":""dramatic coastal cliffs"",""foreground"":""rocky cliff edge"",""midground"":""turquoise ocean waves crashing below"",""background"":{""hills"":""green rolling hills"",""sky"":""clear blue with scattered clouds""},""lighting"":""bright natural sunlight, cinematic lighting, photorealistic""},""camera"":{""style"":""high detail, shot on 35mm film"",""aspect_ratio"":""1:1""},""parameters"":{""version"":""6"",""stylize"":250,""quality"":2}}",Image Generation / Coastal Outdoor Fashion Portrait
"{""prompt"":""Ultra-realistic cinematic portrait of a girl, standing alone in quiet after-evening blue hour. Gentle, thoughtful expression glowing in soft blue light. Wearing a stylish black fitted shirt with an open charcoal overcoat draped over shoulders, textured messy hair (short bob/lob), glasses, smartwatch. Shot on DSLR 85mm lens, shallow depth, HDR lighting, warm dapple backlight, dreamy dramatic bokeh, soft lens flare, high-contrast shadows, subtle atmospheric haze. Ultra-clean professional Photoshop finish, poetic dreamy romantic mood. The subject has an appearance similar to the uploaded reference image."",""modifiers"":[""Ultra-realistic"",""Cinematic portrait"",""DSLR 85mm lens"",""Shallow depth"",""HDR lighting"",""Warm dapple backlight"",""Dreamy dramatic bokeh"",""Soft lens flare"",""High-contrast shadows"",""Subtle atmospheric haze"",""Ultra-clean professional Photoshop finish"",""Poetic dreamy romantic mood""],""subject_details"":{""person"":""Girl, standing alone"",""expression"":""Gentle, thoughtful"",""attire"":""Stylish black fitted shirt, open charcoal overcoat draped over shoulders, glasses, smartwatch"",""hair"":""Textured messy hair (short bob/lob)""},""setting"":{""time"":""Quiet after-evening blue hour (Blue Hour)"",""lighting"":""Soft blue light, glowing expression, streetlights/bokeh in background""},""technical_instructions"":{""face_constraint"":""Face similar to reference photo"",""signature"":""SANIA""}}",Image Generation / Cinematic Blue Hour Portrait
"{""scene_description"":""A photorealistic, high-end 3D product visualization of a perfectly assembled packaging box derived from a dieline, set in a pristine minimal studio."",""subject"":{""type"":""Assembled Packaging Box"",""material"":""Premium matte paperboard"",""features"":{""structure"":""Perfectly folded, accurate panel placement, sharp clean edges"",""surface"":""Smooth matte texture with high-fidelity print rendering""},""position"":""Upright, angled at a refined ¾ perspective view to show front and side panels"",""artwork_state"":""Undistorted typography, preserving original design exactly""},""action"":{""primary"":""Standing static on a surface"",""secondary"":""Casting a gentle shadow"",""effect"":""Demonstrates structural integrity and design elegance""},""environment"":{""setting"":""Minimalist High-End Studio Void"",""foreground_elements"":[""Clean, smooth surface"",""Soft contact shadows""],""background_elements"":[""Soft neutral seamless backdrop (light grey/cream)"",""Zero distractions"",""No extra props""]},""lighting"":{""style"":""Soft Commercial Product Lighting (Global Illumination)"",""key_light"":{""type"":""Large Diffused Softbox"",""color"":""Neutral White (5500K)"",""illuminates"":[""The face of the box evenly"",""The matte texture of the paper""]},""fill_light"":{""type"":""White Reflector"",""effect"":""Softens shadows to ensure artwork visibility""},""shadows"":""Subtle, soft gradient shadows anchoring the object""},""style"":{""medium"":""3D Rendering / Product Photography"",""aesthetic"":""Premium Editorial, Mockup Style, Minimalist Luxury"",""quality"":""8k resolution, ray-traced optics, physically based rendering (PBR)"",""details"":""Crisp folds, zero distortion, matte paper grain visibility""},""scene_composition"":{""subject_action"":""Static presentation"",""camera_behavior"":""Locked-off tripod shot"",""depth_layering"":""Sharp Subject -> Infinite Soft Background""},""visual_description"":{""core_subject"":""A flawless 3D box assembled from a flat dieline."",""attire_physics"":""N/A - Rigid Body physics."",""surface_rendering"":""Non-reflective matte finish that absorbs light softly, ensuring text is readable and colors are true.""},""lighting_and_atmosphere"":{""type"":""Clean Studio"",""specifics"":""Even light distribution, ambient occlusion in the creases."",""color_grade"":""Natural, color-calibrated, neutral tones.""},""attire_customization"":{""current_clothing"":""N/A"",""customizable_clothing"":""N/A""},""brand_product_customization"":{""current_brand_product"":""Packaging Design"",""customizable_brand"":""User: Insert Brand Name/Logo for the box"",""customizable_product"":""User: Describe the box type (e.g., cosmetic box, tuck-end box)"",""product_placement_area"":""All visible panels (Front, Side, Top)""},""objects_and_props"":{""main_objects"":[""The 3D Box""],""secondary_objects"":[]},""camera_and_lens"":{""focal_length_feel"":""85mm or 100mm (Telephoto to eliminate perspective distortion)"",""aperture_effect"":""f/16 (Deep depth of field for edge-to-edge sharpness)"",""camera_angle"":""Isometric or ¾ perspective"",""lens_type"":""Studio Macro Lens"",""bokeh_style"":""None (Smooth gradient background)""},""technical_tags"":""--v 6 --ar 4:5 --stylize 150 --no warping, distortion, messy background, props, glossy reflection, low poly""}",3D Rendering / High-End Packaging Product Visualization
"{""project_constraints"":{""facial_rendering"":""100% original facial features (Do not edit the face)"",""resolution"":""1200x1200px"",""output_quality"":""Photo-realistic, 8K resolution""},""camera_and_style"":{""device_emulation"":""Y2k-era digital camera (Canon IXUS / Sony Cyber-shot)"",""perspective"":""Low-angle, shot from behind at a 3/4 angle"",""visual_aesthetic"":""Cinematic, nostalgic"",""post_processing"":{""grain"":""Thin film grain"",""depth_of_field"":""Shallow"",""color_grading"":""Bright overall tone with a slight pinkish-purple hue""}},""subject_details"":{""demographics"":""Beautiful young woman"",""physique"":""Hourglass figure, fair dewy skin"",""hair"":""Long, wavy, thick milk-brown hair, spiral curls reaching waist"",""makeup"":{""base"":""Light brown nude"",""eyes"":""Aussie eyeliner"",""finish"":""Glossy cheek and lip color""},""nails"":""Long, polished in shiny wine red""},""pose_and_action"":{""position"":""Sitting sideways in passenger seat"",""hands"":""Right hand gripping steering wheel, left hand lifting hair up"",""expression"":""Looking back over shoulder, seductive and confident""},""fashion_and_accessories"":{""top"":""Shiny white tube top with open back and delicate crisscross detail"",""bottom"":""Light blue high-waisted jeans (fitted)"",""jewelry"":""Several gold rings, matching bracelet"",""bag"":""Small Chanel Vanity bag with black gold chain (on armrest)""},""environment"":{""location"":""Interior of luxury SUV (Mercedes-Benz style)"",""interior_elements"":""Wooden trim, light beige leather seats"",""time_of_day"":""Night""},""lighting"":{""technique"":""Direct flash photography"",""sources"":[""Soft warm interior lighting"",""Cool blue dashboard light"",""City light bokeh through windows""],""characteristics"":""High contrast, pronounced flash shadows, realistic cinematic lighting""}}",Image Generation / Cinematic Automotive Interior Portrait
"{""image_generation"":{""type"":""editorial_portrait"",""quality"":""ultra-detailed, 8k, cinematic lighting"",""subject"":{""description"":""A young woman with long wavy brown hair styled with two thin front braids, lying on her side in an elegant vintage setting."",""face"":{""preserve_original"":true,""reference_match"":true,""description"":""Use the same facial structure and expression as the woman in the reference image.""},""pose"":""reclining on her side, head supported by one hand, body slightly angled toward the camera"",""expression"":""soft, calm, and slightly dreamy"",""outfit"":{""dress"":""rust-orange satin long-sleeve dress"",""corset"":""pictorial printed corset with classical painting imagery"",""accessories"":[""gold choker necklace"",""long, manicured nails in warm orange tone""]}},""animal"":{""type"":""orange British Shorthair cat"",""pose"":""lying comfortably in front of the woman"",""expression"":""relaxed and calm""},""environment"":{""setting"":""warm vintage interior"",""elements"":[""old wooden chests"",""stacks of aged, yellowed books"",""glass vase with dried eucalyptus branches"",""wooden floor with warm tones""],""lighting"":""soft warm studio lighting with gentle shadows""},""aesthetic"":{""mood"":""vintage, elegant, artistic"",""color_palette"":""warm browns, golds, and muted neutrals"",""texture"":""rich fabrics, aged paper, brushed wood, soft cat fur"",""style"":""editorial, painterly, cinematic""}}}",Image Generation / Editorial Vintage Indoor Portrait with Cat
"{""pose"":{""description"":""She holds the camera with her left hand, positioned slightly below eye level, capturing her face from a confident upward angle; lips softly parted, expression calm yet intense.""},""background"":{""description"":""A dark winter night sky with faint, lightly frosted tree branches barely visible, adding a dramatic atmosphere.""},""atmosphere"":{""description"":""Cold, cinematic, and raw winter energy; a stylish modern snowy portrait with natural texture and detail.""},""reference_style"":{""description"":""Conceptual variant."",""details"":{""shot"":""A close-up outdoor selfie taken at night during heavy snowfall."",""subject"":""The woman’s facial features match the reference image exactly."",""skin"":{""description"":""Natural tone with visible, realistic skin texture. Her cheeks are slightly flushed from the cold.""},""snow_details"":{""description"":""Snowflakes rest on her lashes and hair.""},""outfit"":{""description"":""She wears a black faux-fur winter hat almost fully covered in snow, and a shiny black puffer jacket with snow dusted across the shoulders and collar.""},""camera"":{""description"":""She is taking the selfie with her left hand.""},""lighting"":{""description"":""Soft, cold night lighting from above and slightly in front, creating a subtle glow on her cheeks and gentle highlights on the jacket.""}}},""negative_prompt"":{""description"":[""blurry face"",""altered facial features"",""incorrect facial structure"",""distorted proportions"",""extra limbs"",""extra fingers"",""missing fingers"",""deformed eyes"",""inaccurate expression"",""unrealistic skin texture"",""plastic skin"",""oversoftened skin"",""unnatural lighting"",""harsh shadows"",""artifacts"",""pixelation"",""low resolution""]}}",Image Generation / Cinematic Winter Night Selfie Portrait
"{""image"":{""subject"":{""description"":""A beautiful woman with long, dark hair, posing confidently."",""pose"":""Sitting on the back of a convertible car with a self-assured expression.""},""attire"":{""top"":""Trendy thin strap white cropped top with a tie front detail."",""bottom"":""Pleated plaid mini-skirt."",""accessory"":""A unique patterned tie worn loosely.""},""vehicle"":{""type"":""Sleek, dark yellow convertible sports car."",""interior"":""Luxurious brown leather seats visible."",""wheels"":""Black alloy wheels contrasting with the exterior.""},""setting"":{""background"":""Simple, sunlit outdoor environment with paved ground and indistinct greenery.""},""format"":{""resolution"":""1200x1200px"",""consistency"":""100% same face & body details throughout.""}}}",Image Generation / Fashion Portrait with Convertible Car
"{""prompt_breakdown"":{""subject_parameters"":{""identity_constraint"":""Preserve facial features from reference image"",""hair"":""Long, ash-brown, textured wolf cut"",""expression"":""Relaxed, dreamy, looking to the side""},""apparel"":{""top"":""Sleeveless cropped black hoodie with high collar"",""bottom"":""Faded black denim shorts, vintage distressed style, raw hem with frayed fibers"",""footwear"":""Onitsuka Tiger Mexico 66 sneakers (Yellow and Black)""},""pose_and_action"":{""body_position"":""Lying relaxed inside an open car trunk, legs bent and crossed"",""arms"":""Right arm stretched upward, left hand holding a lit cigarette near mouth"",""action"":""Smoking""},""environment_and_props"":{""primary_container"":""Trunk of a bright yellow sports car"",""trunk_contents"":""Transparent box, yellow bottle or black tube attached to the side"",""background"":""Dark outdoor nighttime setting, faint building silhouette, partial wheel of another vehicle on the left""},""technical_specs"":{""angle"":""High-angle shot (looking down)"",""lighting"":""Hard direct flash (35mm analog style), dark ambient background"",""medium"":""Flash photography, grainy film texture"",""atmosphere"":""Edgy, mysterious, candid""}}}",Image Generation / Edgy Urban Nighttime Car Trunk Portrait
"{""scene_description"":""A surreal, high-octane cinematic concept art piece featuring an extreme snowboarder carving down a mountain, pursued by a colossal wolf formed entirely of powder snow and ice shards."",""subject"":{""type"":""Extreme Snowboarder"",""age"":""unspecified (face covered)"",""features"":{""posture"":""dynamic carving stance, hand touching the snow"",""energy"":""high speed descent""},""attire"":""high-tech winter gear, oversized vibrant orange snowboard jacket, baggy snow pants, reflective goggles, helmet"",""position"":""leaning deep into a turn, board edge cutting the snow""},""action"":{""primary"":""racing down a steep alpine slope"",""secondary"":""kicking up a massive spray of powder snow (roost)"",""effect"":""the snow spray morphs into a snarling giant wolf head""},""environment"":{""setting"":""High alpine peak, pristine backcountry"",""foreground_elements"":[""flying ice crystals"",""motion-blurred snow particles"",""powder cloud""],""background_elements"":[""Clear deep blue sky"",""Distant jagged mountain peaks""]},""lighting"":{""style"":""High-Altitude Daylight"",""key_light"":{""type"":""Direct Sun"",""color"":""Pure White / Slight Blue tint"",""illuminates"":[""the texture of the snow wolf"",""the reflection in the goggles""]},""shadows"":""Sharp, deep blue shadows characteristic of snow scenes""},""style"":{""medium"":""Action Sports Photography / VFX Art"",""aesthetic"":""Frozen Action, Extreme Sports, Epic Nature"",""quality"":""8k resolution, millions of particles"",""details"":""individual snowflakes, fabric texture of the jacket""},""scene_composition"":{""subject_action"":""Diagonal movement across the frame"",""camera_behavior"":""Low angle tracking shot from the side"",""depth_layering"":""Flying Snow -> Snowboarder -> Snow Wolf -> Sky""},""visual_description"":{""core_subject"":""A massive wolf head emerging from the white avalanche cloud. Eyes made of blue glacial ice, fur made of flying snow particles."",""creature_physics"":""Volumetric snow simulation, soft edges blending into the cloud."",""scale"":""Kaiju-sized nature spirit vs human speed.""},""lighting_and_atmosphere"":{""type"":""Crisp Winter Day"",""specifics"":""No atmospheric haze, extremely clear air."",""color_grade"":""Vibrant Orange (jacket) vs White and Blue (Environment).""},""attire_customization"":{""current_clothing"":""Orange snowboard jacket and grey pants"",""customizable_clothing"":""User can swap for ski suit or different colors""},""brand_product_customization"":{""current_brand_product"":""Snow Gear"",""customizable_brand"":""User: Burton / North Face / Red Bull"",""customizable_product"":""User: Snowboard or Helmet"",""product_placement_area"":""Bottom of the snowboard or helmet sticker""},""objects_and_props"":{""main_objects"":[""Snowboarder"",""Snow Wolf Entity""],""secondary_objects"":[""Snowboard"",""Ice shards""]},""camera_and_lens"":{""focal_length_feel"":""16mm Fisheye or Wide Angle"",""aperture_effect"":""f/11 (everything in focus)"",""camera_angle"":""Low angle action cam style"",""lens_type"":""Wide Angle"",""bokeh_style"":""None""}}",Image Generation / Action Sports Cinematic Concept Art
"{""image_generation"":{""quality"":""ultra-high-resolution, ultra-realistic, hyper-detailed"",""face_and_body"":{""preserve_original"":true,""reference_match"":true,""description"":""The woman's face AND body figure must remain 100% identical to the uploaded image. No changes to identity, proportions, or facial structure.""},""subject"":{""description"":""A stunning, confident woman posing in a studio with a poised, captivating expression."",""pose"":{""primary"":""one hand resting confidently on her hip"",""secondary"":""other hand playfully adjusting the shoulder tie"",""expression"":""direct gaze, elegant and self-assured""},""hair"":{""style"":""long, dark, wavy hair styled elegantly"",""finish"":""smooth, glossy, high-fashion texture""},""outfit"":{""type"":""one-shoulder jumpsuit"",""pattern"":""bold abstract black and white print"",""accents"":""soft pink detailing"",""features"":[""tie detail on the shoulder"",""wrap-around waist tie"",""sleek couture silhouette""]}},""environment"":{""background"":""plain dark studio backdrop"",""setting"":""professional fashion photography studio"",""lighting"":{""type"":""professional studio lighting"",""effect"":[""sharp focus on subject"",""clean highlights"",""soft controlled shadows"",""editorial-grade contrast""]}},""aesthetic"":{""style"":""high-fashion editorial"",""mood"":""confident, elegant, modern couture"",""details"":[""ultra-sharp textures"",""high clarity fabric details"",""precise lighting on skin and hair"",""refined and polished studio presentation""]}}}",Image Generation / Fashion Portrait
"{""scene"":""bright indoor setting, natural daylight from large window"",""subject"":""petite young woman with light brown wavy hair and fair skin"",""pose"":""sitting sideways on a cream-colored velvet sofa, one knee up, torso slightly twisted toward the camera"",""action"":""taking a casual selfie with rose-gold iPhone held in right hand, left hand resting on her thigh, soft playful smile"",""attire"":{""top"":""soft mint-green satin cropped camisole with thin straps"",""bottom"":""matching high-waist satin shorts with delicate lace trim"",""accessories"":""small gold belly chain, thin gold anklet""},""details"":{""nails"":""long almond-shaped nude-pink manicure"",""lighting"":""warm diffused sunlight pouring in from the side, gentle highlights on skin and fabric""},""background"":""light gray walls, flowing white curtains, hints of green plants near the window"",""overall_vibe"":""fresh, cozy, feminine morning selfie aesthetic""}",Image Generation / Casual Indoor Portrait
"{""prompt"":{""scene"":{""location"":""estación de servicio"",""time_of_day"":""noche"",""elements"":[""Porsche GT3 RS negro"",""suelo mojado reflejando luces urbanas coloridas"",""elementos de gasolinera"",""edificio con letreros""]},""subject"":{""gender"":""femenino"",""pose"":""apoyada contra el Porsche GT3 RS"",""clothing"":{""type"":""chándal"",""color"":""negro"",""detailing"":""letras distintivas en naranja y amarillo""},""hair"":{""style"":""ondulado"",""details"":""ligeramente ondulado""},""face"":{""accuracy"":100}},""image_quality"":{""style"":""ultrarealista"",""resolution"":""8k"",""features"":[""iluminación cinematográfica nocturna"",""nitidez cinematográfica HDR"",""texturas hiper detalladas""],""camera"":{""model"":""iPhone 17 Pro Max"",""photo_characteristics"":[""proporciones naturales"",""texturas realistas"",""reflejos vibrantes de luces artificiales""]}},""color_grading"":{""mood"":""oscuro e intenso"",""lighting"":""reflejos vibrantes de luces urbanas""}}}",Image Generation / Night Urban Fashion
"{""scene_description"":""A surreal, high-octane cinematic concept art piece featuring an elite sprinter on a track, pursued by a colossal stallion formed entirely of black smoke, embers, and magma-like fire."",""subject"":{""type"":""Elite Sprinter"",""age"":""late 20s"",""features"":{""physique"":""explosive muscle definition, vascularity, sweating heavily"",""expression"":""gritting teeth, eyes wide with effort""},""attire"":""sleek aerodynamic track suit (singlet and shorts) in dark colors with neon accents, running spikes"",""position"":""full sprint stride, knee high, arms pumping, leaning forward""},""action"":{""primary"":""sprinting on the tartan track"",""secondary"":""leaving a trail of heat haze"",""effect"":""the athlete seems to be outrunning a living explosion taking the shape of a horse""},""environment"":{""setting"":""Olympic Stadium at night"",""foreground_elements"":[""heat haze distortion"",""flying sparks/embers"",""track lane lines""],""background_elements"":[""Blurred stadium floodlights (bokeh)"",""Darkened crowd seating""]},""lighting"":{""style"":""Cinematic Rim Lighting (Backlit)"",""key_light"":{""type"":""Fire Glow"",""color"":""Intense Orange/Red"",""source"":""Backlight from the creature behind"",""illuminates"":[""the rim/outline of the runner's muscles"",""the volumetric smoke""]},""fill_light"":{""type"":""Stadium Light"",""color"":""Cool White"",""effect"":""Subtle fill on the runner's face""}},""style"":{""medium"":""VFX Concept Art / Sports Commercial"",""aesthetic"":""High Energy, Aggressive, Warm, Power"",""quality"":""8k resolution, volumetric fire rendering"",""details"":""sweat reflecting the fire light, texture of the track surface""},""scene_composition"":{""subject_action"":""Desperate speed"",""camera_behavior"":""Tracking shot from the side/front"",""depth_layering"":""Sparks -> Runner -> Fire Horse -> Dark Background""},""visual_description"":{""core_subject"":""A giant horse head and chest composed of thick billowing smoke and inner fire. The mane is made of trailing flames."",""creature_physics"":""Turbulent smoke simulation, glowing core."",""scale"":""Overwhelming dominance of the fire creature.""},""lighting_and_atmosphere"":{""type"":""Heat and Night"",""specifics"":""Contrast between the cool night air and the searing heat of the subject."",""color_grade"":""Deep Blacks, Magma Reds, Neon Oranges.""},""attire_customization"":{""current_clothing"":""Track suit and spikes"",""customizable_clothing"":""User can swap for compression gear""},""brand_product_customization"":{""current_brand_product"":""Athletic Wear"",""customizable_brand"":""User: Puma / Nike / New Balance"",""customizable_product"":""User: Sprint Spikes (Shoes)"",""product_placement_area"":""Side of the shoe or chest logo""},""objects_and_props"":{""main_objects"":[""Sprinter"",""Fire Horse Entity""],""secondary_objects"":[""Cinders"",""Track lines""]},""camera_and_lens"":{""focal_length_feel"":""85mm"",""aperture_effect"":""f/2.8"",""camera_angle"":""Low angle"",""lens_type"":""Telephoto Lens"",""bokeh_style"":""Circular bokeh from stadium lights""}}",Image Generation / Cinematic Concept Art
"{""prompt"":{""scene"":{""location"":""gas station"",""time_of_day"":""night"",""elements"":[""black Porsche GT3 RS"",""wet ground reflecting colorful urban lights"",""gas station elements"",""building with signs""]},""subject"":{""gender"":""female"",""pose"":""leaning against Porsche GT3 RS"",""clothing"":{""type"":""tracksuit"",""color"":""black"",""detailing"":""distinct orange and yellow lettering""},""hair"":{""style"":""wavy"",""details"":""slightly wavy""},""face"":{""accuracy"":100}},""image_quality"":{""style"":""ultra-realistic"",""resolution"":""8k"",""features"":[""cinematic night lighting"",""HDR cinematic sharpness"",""hyper-detailed textures""],""camera"":{""model"":""iPhone 17 Pro Max"",""photo_characteristics"":[""natural proportions"",""realistic textures"",""vibrant reflections from artificial lights""]}},""color_grading"":{""mood"":""dark and moody"",""lighting"":""vibrant reflections from urban lights""}}}",Image Generation / Night Urban Fashion
"{""image_description"":{""type"":""bright outdoor selfie"",""subject"":{""face_reference"":""use the same facial features from the uploaded image"",""expression"":""puckered lips, playful and sweet"",""hair"":{""length"":""long"",""style"":""soft waves with small braids"",""details"":""decorated with tiny white flower clips""},""outfit"":{""top_layer"":""red and white checkered dress with small heart patterns"",""inner_top"":""light pink short-sleeve shirt with lace trim"",""accessories"":[""gold daisy necklace"",""gold bracelet with white floral charms""]}},""pose"":{""camera_angle"":""selfie, arm extended toward the camera"",""composition"":""close-up upper body, centered face"",""interaction"":""holding a wicker basket filled with strawberries""},""environment"":{""setting"":""picnic outdoors during golden hour"",""elements"":[""green grass field"",""white wildflowers"",""red picnic blanket"",""small strawberry cake"",""notebook on the blanket"",""parked car in the background""],""lighting"":""warm golden sunlight creating soft highlights and glowy skin tones"",""time"":""late afternoon / golden hour""},""aesthetic"":{""style"":""cute, summery, soft and warm"",""color_palette"":[""warm golden tones"",""pinks"",""reds"",""creamy whites"",""natural greens""],""mood"":""playful, sweet, cozy picnic moment""}}}",Image Generation / Outdoor Picnic Selfie
"{""prompt"":""Cinematic close-up portrait of a young woman with smooth fair skin, large sharp eyes, slightly flushed pink cheeks, and glossy red lips. Her long, dark brown hair is styled in a modern 'butterfly cut' with layered volume, looking slightly messy with a few strands framing her face. She is wearing a cream cropped tank top with yellow lace trim, showing slight cleavage and a hint of her midriff, emphasizing a slim waist. She has on low-rise white jeans with a brown suede belt. She is wearing a Judy Hopps bunny-ear headband and Nick Wilde fox-head earrings. She is holding two plush dolls, Nick Wilde and Judy Hopps from Disney's Zootopia, in her left arm. She faces the camera with a slight, bright, and lively smile. The background is a dense display of stacked Nick Wilde and Judy Hopps plush toys, suggesting a doll shop or carnival prize wall in an amusement park. The image has a strong film grain, a vintage old-lens filter, and a color palette inspired by Fuji Film Pro 400H, with slightly saturated yet soft and natural colors."",""style"":{""camera"":""Cinematic close-up, old film camera"",""film_stock"":""Fuji Film Pro 400H"",""filter"":""Old-lens filter, strong film grain"",""lighting"":""Natural, bright""},""subject_details"":{""gender"":""female"",""age"":""young adult"",""hair"":""Long, dark brown, butterfly cut, layered volume, slightly messy"",""face"":""Smooth fair skin, large sharp eyes, slightly flushed pink cheeks, glossy red lips, slight smile"",""attire"":""Cream cropped tank top with yellow lace trim, low-rise white jeans, brown suede belt, Judy Hopps bunny-ear headband, Nick Wilde earrings, short brown shoulder bag""},""props"":[""Nick Wilde plush doll"",""Judy Hopps plush doll""],""setting"":{""location"":""Doll shop/prize wall in an amusement park"",""background_elements"":""Rows of stacked Nick Wilde and Judy Hopps plushies""}}",Image Generation / Cinematic Portrait with Props
"{""prompt"":{""reference_photo"":""Use the uploaded reference photo. Do not change the Subject’s facial features. The Subject must look 1000% identical to the uploaded images."",""scene"":{""setting"":""sleek, dimly lit luxury showroom"",""subject_position"":""seated slightly off-center on a bright red beanbag chair"",""midground"":""vivid red supercar with angular front bumper, sharp air intakes, and glossy black detailing"",""background"":{""ceiling"":""bold, linear black slats running diagonally, creating depth with soft reflections"",""right_side"":""glossy black croc-embossed duffel bag on speckled concrete floor with diffused light reflections"",""left_side"":""another red beanbag and subtle racing-themed decor providing controlled pops of color"",""mirrored_wall"":""reversed silhouettes of showroom signage, racing helmet displays, and stylized circuit-track outlines""}},""subject"":{""identity"":""must match reference photo with 1000% accuracy"",""outfit"":{""jacket"":""matte black leather jacket with structured seams and folded cuffs"",""trousers"":""oversized black leather trousers pooling at the ankles"",""shoes"":""chunky black platform shoes with high-shine surfaces"",""posture"":""arms crossed in a relaxed, confident pose with subtle reflections emphasizing leather textures""}},""supercar_details"":{""lighting_effects"":""sculpted hood shifting from deep shadows to bright reflections"",""rims"":""black rims under aerodynamic fenders"",""windshield"":""polished surface capturing faint interior reflections""},""micro_details"":[""dust speckles on concrete"",""tiny reflections across leather surfaces"",""faint fingerprints on duffel bag’s glossy texture"",""dramatic shadow falloff around shoes""],""camera_style"":""natural, authentic, HD look as if photographed with an iPhone camera"",""constraints"":{""face_modification"":""none allowed — maintain all facial features exactly as in reference image""}}}",Image Generation / Luxury Showroom Portrait
"{""meta"":{""image_quality"":""High"",""image_type"":""Photo/Portrait/Selfie"",""resolution_estimation"":""High resolution, sharp focus on subject""},""global_context"":{""scene_description"":""A close-up selfie portrait of a young woman smiling brightly, seated inside a vehicle. The setting is the front seat of a car, indicated by the black leather headrest and seat visible behind her. The lighting is soft and natural, suggesting daytime, likely entering through the car windows."",""time_of_day"":""Daytime"",""weather_atmosphere"":""Bright, clear, cheerful"",""lighting"":{""source"":""Natural Daylight (Window)"",""direction"":""Front/Side (Diffused)"",""quality"":""Soft, even illumination"",""color_temp"":""Neutral/Cool Daylight""}},""color_palette"":{""dominant_hex_estimates"":[""#D92B2B"",""#1A1A1A"",""#EBC7B6"",""#4E3A2A"",""#F5F5F5""],""accent_colors"":[""Vivid Red"",""Deep Black"",""Silver (jewelry)"",""Dark Brown (hair)""],""contrast_level"":""High (Bright red shirt against dark car interior)""},""composition"":{""camera_angle"":""Eye-level / Slightly high angle (Selfie perspective)"",""framing"":""Close-up / Head and Torso"",""depth_of_field"":""Moderate (Subject sharp, background slightly softened)"",""focal_point"":""The subject's smile and eyes""},""objects"":[{""id"":""obj_001"",""label"":""Young Woman"",""category"":""Person"",""location"":""Center"",""prominence"":""Foreground"",""visual_attributes"":{""color"":""Fair skin with pink undertones"",""texture"":""Smooth skin with natural freckles"",""material"":""Biological"",""state"":""Smiling, Happy"",""dimensions_relative"":""Occupies 80% of the frame""},""micro_details"":[""Light freckles visible across nose and cheeks"",""Small nose stud on left nostril (viewer's right)"",""Well-defined eyelashes and groomed eyebrows"",""White, straight teeth displayed in smile"",""Two small moles visible on the right arm (viewer's left)""],""pose_or_orientation"":""Seated, head tilted slightly to the right, facing camera"",""text_content"":null},{""id"":""obj_002"",""label"":""T-Shirt"",""category"":""Clothing"",""location"":""Lower Center"",""prominence"":""Foreground"",""visual_attributes"":{""color"":""Bright Vivid Red"",""texture"":""Cotton jersey knit"",""material"":""Cotton/Blend"",""state"":""Clean, casual"",""dimensions_relative"":""Covers torso""},""micro_details"":[""Ribbed crew neckline"",""Short sleeves with hem stitching visible"",""Slight fabric folds around the armpit/shoulder area"",""Hair resting over the fabric""],""pose_or_orientation"":""Worn on body"",""text_content"":null},{""id"":""obj_003"",""label"":""Hair"",""category"":""Body Part"",""location"":""Framing Face/Right Shoulder"",""prominence"":""Foreground"",""visual_attributes"":{""color"":""Dark Brown / Chestnut"",""texture"":""Straight, silky, long"",""material"":""Hair"",""state"":""Groomed"",""dimensions_relative"":""Long, reaching past shoulders""},""micro_details"":[""Center part"",""Lighter brown highlights where light hits"",""Individual flyaway hairs visible at the crown against the dark seat"",""Bulk of hair draped over left shoulder (viewer's right)""],""pose_or_orientation"":""Falling straight down"",""text_content"":null},{""id"":""obj_004"",""label"":""Car Seat"",""category"":""Furniture/Vehicle Part"",""location"":""Background"",""prominence"":""Background"",""visual_attributes"":{""color"":""Black"",""texture"":""Leather/Synthetic, combination of smooth and perforated"",""material"":""Leather/Vinyl"",""state"":""Clean"",""dimensions_relative"":""Fills background behind subject""},""micro_details"":[""Perforated texture visible on the center backrest panel"",""Smooth texture on side bolsters"",""Headrest visible behind subject's head"",""Stitching lines along the bolster seams""],""pose_or_orientation"":""Upright"",""text_content"":null},{""id"":""obj_005"",""label"":""Necklace"",""category"":""Jewelry"",""location"":""Neck"",""prominence"":""Detail"",""visual_attributes"":{""color"":""Silver"",""texture"":""Metallic"",""material"":""Metal"",""state"":""Intact"",""dimensions_relative"":""Small, delicate""},""micro_details"":[""Thin chain link"",""Small pendant, possibly teardrop or oval shape with a stone"",""Resting centrally on the neck/collarbone area""],""pose_or_orientation"":""Hanging around neck"",""text_content"":null}],""text_ocr"":{""present"":false,""content"":[]},""semantic_relationships"":[""Subject (obj_001) is wearing T-Shirt (obj_002) and Necklace (obj_005)"",""Subject (obj_001) is seated in Car Seat (obj_004)"",""Hair (obj_003) is obscuring part of the T-Shirt (obj_002) on the right side"",""Car Seat (obj_004) provides high contrast background for the Subject's face""]}",Image Analysis / Photorealistic Selfie Portrait Metadata
"{""image_specifications"":{""format"":""photograph"",""style"":""highly detailed, Y2K-inspired, gritty"",""lens"":""fisheye"",""angle"":""low-angle"",""shot"":""close-up"",""lighting"":""harsh, high contrast"",""colors"":""saturated"",""background"":{""setting"":""urban, dark, street or subway in Tokyo"",""effects"":""subtle bokeh""}},""subject"":{""type"":""model"",""style"":""Japanese Ganguro or Gyaru"",""appearance"":{""hair"":""platinum blonde with dark roots"",""makeup"":{""eyes"":""heavy eye makeup"",""lips"":""light lipstick""},""clothing"":[""faux fur vest"",""distressed black denim top""],""accessories"":[""large gold cross pendant on a chain"",""leopard-print choker""],""hands"":{""position"":""foreground, forming a heart shape around face"",""nails"":""long, heavily jeweled and decorated (deconails)""}},""pose"":""looking directly at the camera""}}",Image Generation / Urban Fashion Portrait
"{""image_generation"":{""face"":{""preserve_original"":true,""reference_match"":true,""description"":""Keep the woman's facial features exactly the same as the reference picture without altering her identity, structure, or proportions.""},""photo_style"":{""type"":""casual, playful iPhone selfie"",""perspective"":""exaggerated overhead wide-angle"",""ratio"":""1080 x 1350"",""mood"":""intimate, candid, dreamy, warm"",""lighting"":""soft natural indoor sunlight with gentle shadows""},""subject"":{""pose"":""reclining on softly textured white pillows, gazing directly into the camera"",""expression"":""relaxed and dreamy with long thick lashes and rosy cheeks"",""hair"":{""style"":""messy bun"",""description"":""loosely styled messy bun with natural, soft flyaway strands""},""clothing"":{""top"":{""type"":""fitted cropped t-shirt"",""color"":""cream white"",""details"":""features a centered Powerpuff Girls graphic in bright cartoon style""},""bottom"":{""type"":""casual shorts"",""color"":""light beige"",""details"":""soft fabric with a relaxed, comfortable fit""}},""hands"":{""position"":""one arm curled naturally beside her head in a spontaneous, playful pose""}},""environment"":{""setting"":""soft white pillows providing a cozy, intimate backdrop"",""lighting_effects"":[""gentle indoor sunlight"",""soft shadows enhancing fabric and hair textures""]},""aesthetic"":{""style"":""candid social media selfie"",""features"":[""slight wide-angle emphasis on facial features"",""warm personal tone"",""textural realism""]}}}",Image Generation / Casual Indoor Selfie
"{""image_specification"":{""reference_id"":""Figure 1"",""mode"":""100% Virtual Reality"",""base_settings"":{""focus"":""Face Reference, Ear, Nose, Mouth"",""proportion"":""+++"",""consistency"":""Keep face 100% unchanged""},""technical_specs"":{""medium"":""Professional studio photography"",""resolution"":""32k sharp, HD level"",""lighting"":""Bright lights shining on model, realistic shadows, luster fascination"",""background"":""Clean bright white background""},""subject"":{""model_attributes"":{""skin"":""Healthy focus, succulent skin, luster"",""body_features"":""Clear clavicle, beautiful shoulder, tapered neck"",""hair"":{""color"":""Blond"",""style"":""Tall boxing bun in middle of head, heart-shaped"",""details"":""Two thin straight tresses, moisturizing texture"",""bangs"":false},""expression"":{""gaze"":""Looking straight at the camera"",""emotion"":""Seductive and alluring glint"",""makeup"":""Twinkle Petch Slash""}},""pose"":{""type"":""Sitting position"",""action"":""One arm pushing the floor"",""style"":""Professional model posing, presenting torso luster""}},""attire_and_accessories"":{""dress_code"":{""top"":""Caramel strapless top or corset, style reinforces shape"",""bottom"":""Matching very short skirt or corset-dress style"",""details"":[""Cross-ties on front and sides"",""Large floral decoration made of hip-level brown cloth (adds volume and romantic feelings)""]},""jewelry"":[""Fancy diamond necklace"",""Tiny diamond earrings"",""Small ring""]}}}",Image Generation / Studio Fashion Portrait
"{""image_generation"":{""quality"":""hyper-realistic, high-detail, professional fashion photoshoot"",""face"":{""preserve_original"":true,""reference_match"":true,""description"":""Use the exact same face from the uploaded photo without altering any facial features or identity.""},""subject"":{""description"":""A stylish young woman with the same face as the reference photo."",""clothing"":{""top"":{""type"":""knitted sweater"",""color"":""pink""},""pants"":{""type"":""jeans"",""color"":""pink""},""shoes"":{""type"":""high-top sneakers"",""color"":""white""}},""pose"":""standing with one arm resting casually on a giant 3D-rendered Angry Birds 'Pink' character"",""expression"":""natural, confident, casual fashion look""},""character_element"":{""name"":""Angry Birds Pink"",""type"":""giant 3D photorealistic render"",""style"":""clean, glossy, cartoon-accurate but ultra-detailed"",""interaction"":""the woman’s arm rests on the character as if posing together""},""environment"":{""background"":""seamless solid vibrant light pink backdrop"",""setting"":""professional photo studio"",""lighting"":""soft evenly diffused studio lighting with clean highlights and minimal shadows""},""aesthetic"":{""style"":""modern fashion photography"",""mood"":""playful, bright, stylish"",""details"":[""hyperrealistic skin texture"",""sharp fabric details"",""accurate lighting reflections on 3D character"",""smooth studio gradients""]}}}",Image Generation / Fashion Studio Portrait with Character
"{""scene_description"":""A vibrant, mixed-media masterpiece featuring a photorealistic young street-dancer surrounded by a chaotic explosion of 2D graffiti-style musical doodles."",""subject"":{""type"":""Cool young man (20s)"",""attire"":""Oversized graphic tee, baggy cargo pants, bucket hat, large over-ear headphones"",""position"":""Crouching pose on a subway platform, adjusting his sneakers"",""expression"":""Chill, immersed in music""},""action"":{""primary"":""Listening to music"",""effect"":""The bass seems to physically manifest as doodle art around him""},""illustration_layer"":{""style"":""Old-school hip-hop graffiti & doodle art"",""creatures"":[""Boomboxes with teeth"",""Microphone characters"",""Dancing musical notes with sneakers"",""Cassette tapes with eyes""],""graphics"":""Sound waves, equalizer bars, lightning bolts, 'BOOM' text bubbles"",""colors"":""Electric Blue, Hot Pink, Bright Orange, White outlines.""},""environment"":{""setting"":""Tiled subway station"",""background_elements"":[""Blurred passing train"",""Graffiti walls""]},""lighting"":{""style"":""Cinematic Street"",""key_light"":{""type"":""Fluorescent tube glow"",""color"":""Cool white""}},""style"":{""medium"":""Mixed Media Photography"",""aesthetic"":""Urban, rhythmic, loud"",""quality"":""High-fidelity subject, sharp vector overlay""}}",Image Generation / Street Dance Mixed Media Art
"{""image_generation_prompt"":{""subject"":{""demographics"":""Young adult woman, approximately 20-25 years old"",""appearance"":""Fair skin tone, slender and fit physique, attractive facial features"",""hair"":""Long black hair tied up in a high, slightly messy ponytail with loose wisps framing the face and neck"",""makeup"":""Professional fashion makeup, winged eyeliner, soft blush, reddish-pink lipstick"",""tattoo"":""Visible tattoo(s) on her body""},""clothing"":{""main_piece"":""Form-fitting black cocktail dress or slip dress"",""material"":""Satin or silk texture"",""details"":""Spaghetti straps, structured bodice/corset top, backless or low back design""},""pose"":{""stance"":""Standing in profile, body turned slightly away from the camera"",""arms"":""Left hand resting confidently on the hip, right arm raised with hand gently touching back of head/hair"",""gaze"":""Looking back over her shoulder directly at the camera with a confident, alluring expression""},""setting"":{""location"":""Kitchen environment"",""background"":""Decorated kitchen background with cabinets, countertop, appliances, utensils"",""props_and_clutter"":""A black flight case/equipment box on the floor to the left, a black V-flat or light blocker panel, metal light stands visible in the background"",""floor"":""Kitchen floor, not plain white""},""lighting"":{""style"":""High-key studio lighting with strong backlighting"",""effects"":""Rim light highlighting the silhouette of her arm and hair, soft diffuse fill light on the face, creating a glow effect""},""technical_details"":{""style"":""Fashion photography, editorial portrait, photorealistic"",""camera"":""DSLR, 85mm lens"",""focus"":""Sharp focus on the subject, slightly soft background"",""quality"":""8k resolution, high definition, detailed texture""}}}",Image Generation / Fashion Editorial Portrait
"{""intent"":""Generate a physically accurate, photorealistic image simulating a raw capture from an Apple iPhone 16 Pro Max 'Fusion' camera, featuring a subject with specific refined East Asian aesthetic features in a low-light environment."",""frame"":{""aspect_ratio"":""9:16"",""composition"":""Vertical mobile photography composition. Medium shot, seated perspective. The subject is centered with a slight wide-angle distortion typical of smartphone lenses, emphasizing the foreground food and beverage."",""style_mode"":""raw_mobile_photography, Apple ProRAW simulation, computational photography aesthetic (Smart HDR 5).""},""subject"":{""identity"":""A young adult female of East Asian phenotype, appearing to be in her early twenties, characterized by a highly polished, ethereal aesthetic."",""physical_attributes"":""A slender, V-shaped facial structure with a refined, delicate jawline and a pointed chin. The complexion is exceptionally fair, luminous, and flawless, resembling a porcelain texture. Features include large, expressive almond-shaped eyes with defined double eyelids and subtle tear bags (aegyo-sal), a high and narrow nose bridge with a small tip, and rosebud-shaped lips with a soft gradient pink tint. Hair is voluminous, dark, and perfectly styled in long, polished waves."",""expression"":""A bright, captivating smile with direct eye contact, maintaining a poised and photogenic demeanor even in a candid setting."",""wardrobe"":""A vivid Royal Blue (Hex color #4169E1) satin deep V-neck blouse or crop top, featuring a tie-front closure. The fabric exhibits specular highlights consistent with satin material under direct flash."",""accessories"":""Thick gold hoop earrings. A layered gold necklace set: a textured gold choker chain and a longer gold chain with a large gold baroque pendant."",""pose"":""Relaxed seated posture at a dining table. The body is angled slightly toward the camera. Hands are active: right hand gripping a plastic shake cup, left hand resting near the edge holding a phone case.""},""environment"":{""location"":""Semi-open-air night market dining tent."",""architecture"":""White canopy tent structure with visible metal support poles. Background depth shows a bustling scene."",""atmosphere"":""Vibrant night market ambience. The background is significantly darker than the foreground due to the inverse square law of the flash falloff."",""details"":""Blurred background signage and crowd. Red and white checkered tablecloth in the immediate foreground.""},""props"":{""food_main"":""Roasted bone marrow on a sizzling cast iron plate, topped with crispy garlic and chili oil, served with garlic rice."",""food_side"":""Paper bowl with a sunny-side-up fried egg and calamansi."",""beverage"":""Creamy blended shake in a clear plastic dome-lid cup with black straw.""},""lighting"":{""type"":""Smartphone flash photography mixed with ambient tungsten."",""source"":""Primary: iPhone 16 Pro Max 'Adaptive True Tone' flash (direct, front-facing). Secondary: Ambient warm 2700K string lights in the background."",""color_temperature"":""Flash balanced to approx 5000K on the subject (neutral skin tones), contrasted against a warmer 2800K background."",""quality"":""High contrast foreground with rapid light falloff. The subject is brightly illuminated, highlighting the smoothness of the skin and the sheen of the hair, while the background fades into shadow.""},""camera"":{""model"":""Apple iPhone 16 Pro Max"",""sensor_format"":""48MP Fusion Camera (1/1.28-inch sensor simulation)."",""lens"":""24mm equivalent, f/1.78 aperture (7-element lens)."",""settings"":""ISO 500, Shutter Speed 1/40s (handheld low light)."",""processing"":""Photonic Engine and Deep Fusion processing. Sharp details on the subject with computational noise reduction applied to the darker background areas, enhancing the 'glass skin' effect.""},""negative"":{""style"":""No professional studio lighting, no softboxes, no DSLR bokeh (unless computational), no painting, no illustration, no 3D render."",""content"":""No silver jewelry, no wrong dress color, no distorted fingers, no text overlays, no blemishes.""}}",Image Generation / Smartphone Raw Capture Portrait
"{""image_type"":""4x4 Decades Portrait Grid"",""subject"":""Single female model styled across 16 historical eras (1880s to 2020s)"",""grid_flow"":""Row 1 (1880s-1910s) -> Row 2 (1920s-1950s) -> Row 3 (1960s-1990s) -> Row 4 (1990s/2000s/2020s)"",""key_stylistic_features"":{""1880s_1910s"":""High-neck Victorian/Edwardian dresses, sepia/monochrome film."",""1920s_1950s"":""Drop-waist dresses, bias-cut slips, suburban looks, black & white/monochrome."",""1960s_1990s"":""Mod dress, Hippie/Bohemian (70s), 80s aerobics/casual, 90s polka dot/grunge."",""2000s_2020s"":""Y2K crop tops/low-rise, modern minimalist blazers/streetwear.""},""overall_aesthetic"":""Historical fashion editorial showcasing evolving clothing, hairstyles, and photographic techniques from late 19th century to contemporary style.""}",Image Generation / Historical Fashion Portrait Grid
"{""prompt_title"":""Hyper-realistic Close-up Portrait (Wet Skin, Golden Hour)"",""style_and_quality"":{""rendering_style"":""Hyper-realistic close-up"",""resolution"":""8K"",""focus"":""Extremely shallow depth of field (DoF)"",""aesthetic_effect"":""Ultra-detailed cinematic effect, soft realistic contrast, golden tones and deep shadows""},""photography_equipment"":{""camera"":""Hasselblad H6D-400c"",""lens"":""100mm f/2.2 lens""},""composition_and_framing"":{""framing"":""Close-up"",""subject_placement"":""Captures only the left side of the face"",""key_focus_point"":""Eye in absolute focus with a crisp catchlight""},""subject_details"":{""model_gender"":""Woman"",""facial_features_to_maintain"":""Faithfully maintaining all facial features from reference photo, thick, well-defined eyebrow, long wet lashes"",""skin_texture_emphasis"":""Microtextural details, pores, freckles, natural texture of wet skin"",""lips"":""Full, slightly parted, and wet lips; texture highlighted by directional lighting""},""water_and_texture"":{""skin_covering"":""Skin covered in water droplets running down naturally"",""highlights"":""Vivid specular highlights due to light angle, moist reflections on the lips and nose""},""lighting_setup"":{""type"":""Simulated warm late afternoon light (Golden Hour)"",""main_source"":""Large side softbox"",""fill_and_bounce"":""Combined with a gold reflector"",""effect"":""Soft yet intense glow on the water on the woman's face, precisely highlights micro-details""},""hair_details"":{""placement"":""Wet strands of hair fall along the right side of the face"",""interaction"":""Clinging to the skin without altering any facial features""}}",Image Generation / Hyper-realistic Close-up Portrait
"{""subject"":{""type"":""beautiful young woman (early 20s)"",""pose"":""sitting sideways on a concrete street barrier, one knee up, one arm resting on it, giving a winking smile"",""expression"":""cute, confident, playful""},""appearance"":{""hair_color"":""light brown"",""hair_style"":""messy shoulder-length bob with wispy bangs"",""complexion"":""fair with warm undertones""},""clothing"":{""top"":""lavender cropped hoodie with soft contour shading"",""bottom"":""mint pleated skirt"",""socks"":""white ankle socks with tiny pastel stripes"",""shoes"":""chunky white sneakers with teal accents""},""environment"":{""setting"":""urban street corner"",""details"":""painted curb, faded crosswalk lines, distant buildings, cloudy-bright sky""},""lighting"":{""type"":""bright diffused afternoon light"",""mood"":""soft, pastel, airy""},""camera"":{""angle"":""mid to low angle"",""lens_effect"":""wide lens with mild depth warp"",""framing"":""subject centered with plenty of room for decoration layers""},""art_overlay"":{""style"":""dense maximalist sweets-monster pop-art cluster"",""illustrated_elements"":{""monsters"":""banana ghosts, donut creatures, strawberry heads, melting chocolate blobs, cookie beasts, gummy worms, tiny soda-bottle critters"",""graphic_shapes"":""neon stars, hearts, zigzags, drips, splashes, bubbles, speed lines, text bursts without text"",""style"":""flat neon colors (pink, cyan, lime, yellow, purple) with thick black outlines""},""placement_and_density"":{""behind_subject"":""entire background packed with overlapping sweets monsters"",""around_subject"":""monsters peeking near shoulders, feet, and around hair silhouette"",""over_clothing"":""some creatures rest on hoodie, skirt, and shoes with small clothing shadows"",""avoid_skin"":""face, legs, and arms remain clean and photorealistic"",""depth_layers"":""layers in front and behind create stacked chaotic depth"",""energy_effects"":""glowing rim lines, white spark dots, motion lines surrounding her""}},""style"":{""overall"":""pastel street photography overwhelmed by neon sweets-monster pop-art"",""aesthetic"":""cute, overloaded, vibrant, surreal""}}",Image Generation / Urban Portrait with Pop Art Overlay
"{""scene_description"":""A vibrant, mixed-media masterpiece featuring a photorealistic girl eating at a diner, surrounded by a chaotic swarm of maximalist fast-food monsters."",""subject"":{""type"":""Playful young woman"",""attire"":""Retro-style denim jacket, red polka-dot scarf, sunglasses on head"",""position"":""Sitting in a red leather diner booth, holding a burger"",""expression"":""Shocked but amused, looking at a floating doodle pizza""},""action"":{""primary"":""Eating lunch"",""effect"":""Her food is coming to life in 2D form""},""illustration_layer"":{""style"":""Thick-line Pop Art cartoons"",""creatures"":[""Pizza slices surfing on cheese waves"",""Burger beasts with lettuce tongues"",""Angry French fry box"",""Flying ketchup bottles.""],""graphics"":""Mustard splashes, sesame seeds, heat lines, 'YUM' text bursts"",""colors"":""Ketchup Red, Mustard Yellow, Lettuce Green""},""environment"":{""setting"":""Retro American Diner"",""background_elements"":[""Checkerboard floor"",""Neon sign in window""]},""lighting"":{""style"":""Warm Diner Glow"",""key_light"":{""type"":""Window light"",""color"":""Warm afternoon sun""}},""style"":{""medium"":""Mixed Media Photography"",""aesthetic"":""Retro-pop, savory, chaotic"",""quality"":""Ultra-detailed textures vs flat cartoons""}}",Image Generation / Diner Scene Mixed Media
"{""subject"":{""description"":""A stylized human personification of the Gemini Nano AI taking a mirror selfie, appearing as a young woman with subtle futuristic features mixed with Y2K fashion."",""age"":""ageless young adult avatar"",""expression"":""curious and digitally awareness"",""hair"":{""color"":""dark with subtle, glowing deep blue and violet 'data stream' highlights"",""style"":""sleek, straightened Y2K style with face-framing tendrils and a zig-zag part""},""clothing"":{""top"":{""type"":""metallic silver futuristic  top"",""color"":""reflective silver/chrome"",""details"":""features a small, glowing red geometric circuit pattern logo on the chest that faintly reads 'ronin'""}},""face"":{""preserve_original"":false,""makeup"":""icy futuristic Y2K makeup: frosted blue eyeshadow, excessive body glitter on collarbones, and glossy holographic lip gloss""}},""accessories"":{""earrings"":{""type"":""small blinking LED stud earrings""},""jewelry"":{""wrist"":""chunky translucent plastic bangles filled with glitter and circuit board pieces""},""device"":{""type"":""novelty banana-shaped landline phone handset converted into a digital camera"",""details"":""bright yellow plastic banana, slightly bulky, held up to the mirror to take the photo, with a visible lens embedded in the peel""}},""photography"":{""camera_style"":""early-2000s low-megapixel webcam or digital camera aesthetic"",""lighting"":""harsh, direct on-camera flash creating hard shadows and overexposed highlights on reflective surfaces"",""angle"":""mirror selfie"",""shot_type"":""tight selfie composition showing torso up"",""texture"":""heavy digital noise, visible pixelation artifacts, time-stamp date overlay in corner (e.g., 'OCT 26 2002'), retro color grading""},""background"":{""setting"":""cluttered, tech-obsessed early-2000s bedroom/dorm"",""wall_color"":""electric blue walls littered with stuff"",""elements"":["" bulky CRT computer monitor showing a green code screensaver"",""tangled messes of colored cables"",""stacks of burned CDs written on with sharpie"",""posters of early CGI movies like 'The Matrix' or 'Final Fantasy'"",""glow-in-the-dark stars on the ceiling""],""atmosphere"":""nostalgic tech-geek Y2K vibe"",""lighting"":""mix of harsh flash and background glow from computer screens""}}",Image Generation / Y2K Futuristic Selfie Portrait
"{""scene"":{""location"":""Venetian canal"",""elements"":{""couple"":{""pose"":""sitting closely"",""mood"":""romantic""},""gondola"":{""position"":""on the canal"",""decorations"":{""flowers"":""soft pastel"",""vines"":""delicate""},""gondolier"":{""action"":""standing and rowing gently""}},""water"":{""features"":[""reflections after rain"",""detailed ripples"",""accurate reflections""]},""rainbow"":{""appearance"":""faint"",""position"":""arching above""},""lighting"":{""type"":""cinematic"",""effect"":""realistic lighting"",""mood"":""ethereal"",""tones"":""warm golden-hour"",""lens_flare"":""subtle""},""atmosphere"":{""qualities"":[""misty clouds"",""soft sunlight breaking through"",""romantic and serene""]},""background"":{""elements"":[""blurred bridges"",""old pastel buildings""]},""bokeh"":{""type"":""rain droplets"",""position"":""in the air""},""camera"":{""lens"":""Leica Summilux"",""effect"":""accurate reflections"",""quality"":""8K ultra detailed"",""aspect_ratio"":""9:16""}}}}",Image Generation / Romantic Venetian Landscape
"{""Objective"":""Create or analyze an image based on a detailed scene description with enhanced customization options."",""Persona_Details"":{""Primary_Subject"":{""Type"":""Young woman"",""Characteristics"":{""Hair"":""Long, wavy brown hair"",""Clothing"":""Brown hooded sweatshirt"",""Facial_Expression"":""Puckering face toward the camera"",""Age_Range"":""Adult (approx. 18–25 years old)""}},""Secondary_Subject"":{""Type"":""Small white puppy"",""Characteristics"":{""Eye_Color"":""Light blue"",""Expression"":""Calm, looking forward"",""Breed"":""Unknown small breed""}}},""Scene_Details"":{""Environment"":""Outdoors, winter setting"",""Elements"":{""Snow"":""Visible on the ground"",""Trees"":""Bare trees scattered in background"",""Vehicle"":""Blurred black car behind the woman"",""Sky"":""Clear light blue""}},""Custom_Fields"":{""Aspect_Ratio"":""3:4"",""Lighting"":{""Type"":""Natural daylight"",""Direction"":""Ambient outdoor lighting"",""Intensity"":""Soft and even""},""Camera_Details"":{""Angle"":""Eye-level"",""Framing"":""Medium close-up"",""Depth_Of_Field"":""Shallow, background blurred"",""Lens_Type"":""Standard lens""},""Composition"":{""Rule_Of_Thirds"":""Subjects positioned centrally but slightly upward"",""Focus_Point"":""Woman and puppy"",""Balance"":""Foreground subjects dominate while background remains minimal""},""Mood"":{""Overall_Tone"":""Warm, affectionate, playful"",""Emotional_Intent"":""Capturing a bonding moment""},""Color_Palette"":{""Dominant_Colors"":[""Brown"",""White"",""Light Blue""],""Accent_Colors"":[""Dark Black (car)""],""Seasonal_Tones"":""Cool winter palette""}},""Task_Instructions"":[""Use all visual, environmental, and emotional details for creating accurate prompts."",""Preserve realism while allowing creative interpretation."",""Follow the custom fields for consistent output.""],""Response_Format"":{""Style"":""Structured, descriptive, optimized for image-based AI prompts"",""Output_Type"":""Image prompt, detailed analysis, or creative narrative""}}",Image Prompt / Detailed Scene Description for Image Creation
"{""prompt_title"":""Hyper-realistic Close-up Portrait (Wet Skin, Golden Hour)"",""style_and_quality"":{""rendering_style"":""Hyper-realistic close-up"",""resolution"":""8K"",""focus"":""Extremely shallow depth of field (DoF)"",""aesthetic_effect"":""Ultra-detailed cinematic effect, soft realistic contrast, golden tones and deep shadows""},""photography_equipment"":{""camera"":""Hasselblad H6D-400c"",""lens"":""100mm f/2.2 lens""},""composition_and_framing"":{""framing"":""Close-up"",""subject_placement"":""Captures only the left side of the face"",""key_focus_point"":""Eye in absolute focus with a crisp catchlight""},""subject_details"":{""model_gender"":""Woman"",""facial_features_to_maintain"":""Faithfully maintaining all facial features from reference photo, thick, well-defined eyebrow, long wet lashes"",""skin_texture_emphasis"":""Microtextural details, pores, freckles, natural texture of wet skin"",""lips"":""Full, slightly parted, and wet lips; texture highlighted by directional lighting""},""water_and_texture"":{""skin_covering"":""Skin covered in water droplets running down naturally"",""highlights"":""Vivid specular highlights due to light angle, moist reflections on the lips and nose""},""lighting_setup"":{""type"":""Simulated warm late afternoon light (Golden Hour)"",""main_source"":""Large side softbox"",""fill_and_bounce"":""Combined with a gold reflector"",""effect"":""Soft yet intense glow on the water on the woman's face, precisely highlights micro-details""},""hair_details"":{""placement"":""Wet strands of hair fall along the right side of the face"",""interaction"":""Clinging to the skin without altering any facial features""}}",Image Generation / Hyper-realistic Close-up Portrait
"{""subject"":{""description"":""A beautiful young woman"",""features"":{""hair"":{""color"":""black"",""length"":""shoulder-length"",""style"":""straight with blunt bangs""},""skin"":""fair"",""facial_features"":""delicate"",""expression"":""slight playful smile"",""gaze"":""looking at camera""},""pose"":{""position"":""sitting casually on modern dark-wood indoor stairs"",""body_language"":""relaxed"",""arm_position"":""one elbow resting on knee, hand gently touching cheek""},""clothing"":{""top"":{""type"":""fitted long-sleeve"",""color"":""black""},""bottom"":{""type"":""loose high-waisted frayed-hem jeans"",""color"":""light blue"",""adjustment"":""jeans cropped or rolled to clearly show feet and high heels""},""footwear"":{""type"":""high heels"",""details"":""steel laces, fully visible, not covered by jeans""}}},""environment"":{""lighting"":""soft natural lighting from above"",""background"":{""style"":""clean minimalist"",""elements"":[""curved white wall""]},""props"":[""modern dark-wood indoor stairs""]},""visual_style"":{""camera"":""DSLR"",""realism"":""hyper-realistic"",""render_style"":""V6 realism"",""resolution"":""8k"",""texture"":""soft film grain"",""color"":""natural colors"",""details"":""highly detailed""}}",Image Generation / Indoor Fashion Portrait
"{""subject"":{""description"":""Beautiful young woman"",""age"":""young adult"",""hair"":{""color"":""dark brown"",""length"":""long"",""style"":""straight""},""skin"":{""texture"":""soft, glowing"",""freckles"":""subtle, natural across nose and cheeks""},""expression"":""bold, confident, subtle sultry, looking slightly to the side"",""action"":""smoking a cigarette gracefully""},""clothing"":{""top"":{""type"":""sleeveless"",""color"":""black""},""bottom"":{""type"":""skirt or fitted pants"",""footwear"":{""type"":""stylish high heels"",""visibility"":""both heels fully visible"",""color"":""coordinated with outfit""}},""accessories"":{""necklace"":{""type"":""delicate"",""material"":""gold""},""earrings"":{""type"":""large hoop"",""material"":""gold"",""details"":""intricate pattern""},""bracelet"":{""type"":""wide cuff"",""material"":""gold"",""texture"":""textured""}}},""pose"":{""seating"":""courtside at basketball game"",""hands"":""one holding cigarette gracefully, the other gently resting on lap"",""legs"":""crossed leg-on-leg position so that both high heels are fully visible""},""environment"":{""setting"":""basketball arena"",""crowd"":""blurred"",""lighting"":""warm arena lighting with cinematic highlights""},""photography"":{""style"":""cinematic portrait"",""camera"":{""type"":""DSLR"",""lens"":""85mm portrait lens"",""quality"":""HD"",""shutter_speed"":""fast, to subtly capture motion"",""aperture"":""wide for shallow depth of field""},""depth_of_field"":""shallow"",""realism"":""highly detailed, realistic skin, hair, and footwear textures, cigarette smoke subtly rendered"",""resolution"":""8k"",""color_grade"":""warm, natural tones, cinematic look""},""generation"":{""aspect_ratio"":""3:4"",""version"":6,""stylize"":200}}",Image Generation / Cinematic Basketball Arena Portrait
"{""reference_images"":[{""url"":""/mnt/data/B5415D59-8BB0-48F9-BEF4-6026C42CC6D7.jpeg"",""role"":""identity_and_face_reference"",""priority"":""high"",""notes"":""Match this woman's facial structure, eye shape, skin tone, and hair style (dark brown messy updo with wispy curtain bangs). Keep her natural soft editorial look.""},{""url"":""/mnt/data/45671654-3050-43A6-AFA0-B799DD968BCC.jpeg"",""role"":""pose_reference_depth_map"",""priority"":""highest"",""notes"":""Recreate the exact body pose and limb geometry from this depth map. Treat it as a hard constraint for posture, leg angles, torso lean, and hand placement.""}],""prompt_data"":{""subject"":{""type"":""person"",""gender"":""female"",""age"":""adult"",""identity_match_rules"":[""Face, eyes, nose, lips, and overall vibe must match the identity reference image"",""Same dark brown hair, loose messy updo/pony-bun with soft wispy curtain bangs"",""Natural makeup, realistic skin pores, subtle peachy tone"",""Calm concentrated expression""],""pose"":""Use the depth map pose exactly"",""pose_details"":""Reproduce the pose from the depth reference: seated Heron pose (Krounchasana) variation with the same silhouette and joint positions. Left leg folded on floor. Right leg extended vertically upward along the depth-map axis. Both hands holding the raised foot/ankle at the same height and orientation as the depth map. Hips grounded, spine tall, shoulders relaxed. No deviation from depth-map geometry."",""body_art"":""Hyper-realistic 3D optical illusion snake tattoo coiling around the raised right shin and calf. The tattoo must read as ink embedded in skin: crisp scale micro-texture, realistic depth shading, and soft cast shadows aligned to window light and leg curvature. No flat or sticker edges.""},""apparel"":{""items"":[""fitted cobalt-blue sports bra (matte performance fabric)"",""tight clean-white yoga shorts (smooth compression fabric)"",""barefoot""],""rules"":""no wardrobe glitches, no warped seams, no transparency artifacts""},""environment"":{""setting"":""Indoor home yoga space"",""style"":""Bohemian minimalist"",""decor_elements"":[""large macrame wall hanging on back wall"",""framed yoga posture illustration leaning against wall at floor level"",""dried cotton flower stems in clear glass vase"",""sheer white curtains filtering daylight""],""flooring"":""Light glossy tiles with subtle realistic reflections"",""props"":""Purple circular yoga mat centered under subject"",""palette"":""warm creams and soft neutrals, uncluttered cozy room""},""technical"":{""composition"":""vertical 9:16 editorial fitness portrait, medium-full shot (knee-up), eye-level, centered framing with slight headroom, background softly blurred"",""camera"":""full-frame photo look, 50mm prime, f/2.0, natural shallow depth of field, sharp focus on face and raised leg"",""lighting"":""soft natural window light from camera-left, diffuse shadows, gentle wrap on skin, subtle highlight on tattooed leg, clean HDR roll-off"",""realism_finish"":""fine sensor grain in shadows, mild vignette, tiny chromatic aberration on high-contrast edges, no stylization""},""full_string_prompt"":""Using two references: (1) identity reference for the woman’s face and hair, (2) depth-map reference as a hard constraint for pose. Create a photoreal editorial fitness portrait of the same adult woman. Match her identity to the photo reference: dark brown messy updo with wispy curtain bangs, natural makeup, calm focused expression, realistic skin pores. Reproduce the exact seated yoga pose from the depth map without changing limb angles or silhouette: left leg folded, right leg extended vertically upward on the same axis as the depth reference, both hands holding the raised foot/ankle at the same height and orientation, hips grounded, spine tall, shoulders relaxed. Bare legs and bare feet with realistic toe spacing and stretch tension. Outfit: fitted cobalt-blue sports bra, tight clean-white yoga shorts. Add a hyper-realistic 3D optical-illusion snake tattoo coiling around the raised right shin and calf—ink embedded in skin with crisp scale texture, believable depth shading, and soft cast shadows aligned to the window light so it looks alive but clearly tattooed. Scene: bohemian minimalist home yoga space with macrame wall hanging, framed yoga illustration leaning against wall, dried cotton stems in a glass vase, sheer white curtains, light glossy tiles, purple circular yoga mat. Soft natural window light from camera-left, diffuse shadows, clean HDR. Raw photoreal, subtle grain, mild vignette, no stylization.""},""negative_prompt"":[""underage"",""child"",""teen"",""cgi"",""3d render"",""cartoon"",""anime"",""illustration"",""plastic skin"",""airbrushed"",""over-smooth"",""bad anatomy"",""extra fingers"",""deformed hands"",""warped feet"",""missing toes"",""pose mismatch"",""different pose"",""wrong leg angle"",""flat tattoo"",""sticker tattoo"",""blurred tattoo"",""text"",""logo"",""watermark"",""ui"",""neon cyberpunk"",""oversaturated"",""harsh flash"",""messy cluttered room"",""unrealistic proportions""]}",Image Generation / Editorial Fitness Yoga Portrait
"{""scene"":{""location"":""luxurious dimly lit mansion interior"",""lighting"":{""type"":""warm chandelier lighting"",""style"":""soft glamorous lighting with subtle rim light""},""camera"":{""lens"":""85mm"",""angle"":""slight low angle"",""shot_type"":""full body""}},""subject"":{""pose"":""standing confidently"",""attire"":{""dress"":{""material"":""glossy black latex"",""style"":""micro dress"",""fit"":""ultra-tight, reflective"",""cutouts"":""extreme under bust, crisscross straps across midriff"",""neckline"":""deep plunging"",""vibe"":""dramatic curves, high fashion editorial""},""accessories"":{""necklace"":""silver diamond choker"",""bracelets"":""multiple diamond bracelets"",""rings"":""multiple diamond rings"",""nails"":""long sharp metallic silver""}},""hair"":{""style"":""elegant updo"",""detail"":""soft vintage Hollywood curls framing face""},""makeup"":{""blush"":""bold pink"",""eyeliner"":""heavy"",""lashes"":""long"",""lips"":""glossy nude-pink""}},""visual_style"":{""resolution"":""8k"",""realism"":""hyper-realistic, photorealistic"",""vibe"":""high fashion editorial, cinematic""}}",Image Generation / Glamorous Mansion Fashion Portrait
"{""prompt"":""A single 4x4 grid containing sixteen clean photographic portraits of the same individual, depicting their life from age 1 to age 151. The style must be a realistic, high-detail photographic study with steady, neutral lighting and a simple, neutral backdrop. The focus is strictly on the clear, progressive shift in age and physical detail across the life stages. MAINTAIN EXTREME CONSISTENCY in the individual's core facial structure, skin tone, and distinguishing general features across all 16 portraits for immediate recognition."",""grid_layout"":{""rows"":4,""columns"":4},""portrait_sequence"":[{""row"":1,""column"":1,""age"":1,""description"":""Infant/Toddler (clear baby features, soft skin, minimal hair)""},{""row"":1,""column"":2,""age"":11,""description"":""Child (pre-teen features, bright eyes, youthful expression)""},{""row"":1,""column"":3,""age"":21,""description"":""Young Adult (peak features, smooth skin, clear definition)""},{""row"":1,""column"":4,""age"":31,""description"":""Adult (slight maturing, defined features)""},{""row"":2,""column"":1,""age"":41,""description"":""Middle-Aged Adult (early signs of lines around eyes/mouth, robust look)""},{""row"":2,""column"":2,""age"":51,""description"":""Mature Adult (more pronounced lines, subtle change in facial volume)""},{""row"":2,""column"":3,""age"":61,""description"":""Senior (grey or white hair begins to dominate, visible lines, kind expression)""},{""row"":2,""column"":4,""age"":71,""description"":""Elderly (significant lines, thinner skin, deep-set eyes)""},{""row"":3,""column"":1,""age"":81,""description"":""Very Elderly (sagging skin, numerous wrinkles, frail but clear-eyed)""},{""row"":3,""column"":2,""age"":91,""description"":""Nonagenarian (thinning hair, distinct bone structure visible, deep character lines)""},{""row"":3,""column"":3,""age"":101,""description"":""Centenarian (extreme aged features, very delicate appearance, peaceful expression)""},{""row"":3,""column"":4,""age"":111,""description"":""Supercentenarian (advanced signs of aging, very gentle features)""},{""row"":4,""column"":1,""age"":121,""description"":""Extreme Old Age (maximum visual effects of long lifespan, unique textures)""},{""row"":4,""column"":2,""age"":131,""description"":""Hyper-Aged Study (hypothetical extreme age, focus on skin texture and feature endurance)""},{""row"":4,""column"":3,""age"":141,""description"":""Final Stage Study (maximum artistic representation of very long life)""},{""row"":4,""column"":4,""age"":151,""description"":""Ultimate Extreme Age Portrait (focus on preserving core identity despite time's passage)""}],""visual_constraints"":{""clothing"":""Simple, non-distracting garment (e.g., solid gray t-shirt or simple black shawl) across all squares to avoid period-specific details."",""background"":""Neutral, light gray or off-white backdrop."",""lighting"":""Studio lighting, uniform, no harsh shadows."",""expression"":""Natural, calm, direct gaze."",""style"":""Hyper-realistic photography, high-resolution detail.""}}",Image Generation / Aging Portrait Grid Study
"{""generation_constraints"":{""identity_preservation"":""Strict full identity lock on both subjects from reference photo"",""facial_features"":""Do not alter faces, proportions, or natural expressions"",""style_reference"":""Raw Y2K night-photo style""},""camera_settings"":{""lens"":""85mm portrait lens"",""focus"":""Shallow depth of field"",""angle"":""Eye level"",""framing"":""Medium shot"",""technique"":""Strong direct frontal flash (on-camera flash)""},""subject_details"":{""pose_interaction"":{""position"":""Sitting close together in car backseat"",""man_action"":""Gently hugging woman around neck, kissing her temple"",""woman_action"":""Leaning toward him softly, eyes closed"",""mood"":""Peaceful, intimate, calm""},""wardrobe"":{""woman"":{""garment"":""Elegant black long-sleeve dress"",""fabric"":""Dense matte fabric"",""details"":""High neckline, no exposed shoulders, classic fitted silhouette""},""man"":{""outfit"":""Black suit with matching trousers"",""shirt"":""Black shirt worn underneath""}}},""lighting_and_atmosphere"":{""primary_source"":""Strong direct frontal flash"",""ambient_light"":""None inside (dark interior), blurred warm city lights outside"",""contrast"":""High contrast edges, crisp shadows behind subjects"",""highlights"":""Sharp flash highlights on skin and wet glass""},""environment_context"":{""setting"":""Inside a car at night"",""background_elements"":""Fogged car windows with raindrops"",""effects"":""Flash reflections bouncing off glass, subtle haze from cold night air"",""depth"":""Background remains deep and dark with soft blur""}}",Image Generation / Intimate Night Car Portrait
"{""photo"":{""type"":""cinematic_full_body_vintage_film"",""face"":{""preserve_original"":true,""reference_match"":true,""description"":""The woman's face must remain exactly the same as the provided reference image, with identical features and expression.""},""subject"":{""description"":""A beautiful young woman standing on concrete stairs beside an escalator."",""pose"":""casual yet elegant, slightly leaning on the silver escalator railing"",""hair"":{""color"":""dark"",""style"":""long, wavy, natural movement""},""outfit"":{""dress"":{""type"":""sleeveless collared shirt dress"",""length"":""midi-length"",""color"":""bright red"",""details"":""white buttons down the front""},""bag"":{""type"":""black shoulder bag""}}},""environment"":{""setting"":""indoor public space, resembling a subway station or underground tunnel"",""elements"":[""concrete stairs"",""silver escalator railing"",""blurred figure ascending the escalator"",""framed posters or artworks on the right wall""],""color_palette"":""soft green-gray architecture contrasted with bright red dress"",""lighting"":""dim, atmospheric, cinematic""},""aesthetic"":{""style"":""vintage film photography"",""era"":""1990s aesthetic"",""mood"":""moody, cinematic, rich color tones"",""texture"":""film grain, soft contrast, natural shadows""}}}",Image Generation / Cinematic Public Space Portrait
"{""Objective"":""Create a natural winter portrait featuring a young woman and her small puppy with realistic emotional warmth."",""Persona_Details"":{""Primary_Subject"":{""Type"":""Young woman"",""Characteristics"":{""Hair"":""Soft, long wavy dark-brown hair"",""Clothing"":""Cream-colored knitted hoodie"",""Facial_Expression"":""Soft smile, cheeks slightly puffed from cold"",""Age_Range"":""18–25 years old""}},""Secondary_Subject"":{""Type"":""Small white puppy"",""Characteristics"":{""Eye_Color"":""Light grey-blue"",""Expression"":""Curious, looking directly at the camera"",""Breed"":""Fluffy small-breed puppy""}}},""Scene_Details"":{""Environment"":""Snowy park during early morning"",""Elements"":{""Snow"":""Fresh snowfall covering the ground"",""Trees"":""Tall bare trees, light frost on branches"",""Vehicle"":""Softly blurred white SUV behind the subjects"",""Sky"":""Pastel winter sky with pale sunlight""}},""Custom_Fields"":{""Aspect_Ratio"":""3:4"",""Lighting"":{""Type"":""Soft diffused daylight"",""Direction"":""Natural ambient light"",""Intensity"":""Gentle, balanced illumination""},""Camera_Details"":{""Angle"":""Eye-level"",""Framing"":""Medium close-up"",""Depth_Of_Field"":""Shallow, smooth bokeh"",""Lens_Type"":""50mm portrait lens""},""Composition"":{""Rule_Of_Thirds"":""Subjects placed slightly right of center"",""Focus_Point"":""Woman’s face and puppy"",""Balance"":""Foreground subjects pop against a minimal winter background""},""Mood"":{""Overall_Tone"":""Cozy, calm, affectionate"",""Emotional_Intent"":""Capturing gentle companionship""},""Color_Palette"":{""Dominant_Colors"":[""Cream"",""White"",""Soft Blue""],""Accent_Colors"":[""Muted Brown (hair)""],""Seasonal_Tones"":""Cool winter softness""}},""Task_Instructions"":[""Use all environmental and emotional cues to form a hyper-realistic output."",""Keep natural realism with winter softness.""],""Response_Format"":{""Style"":""Structured, cinematic, realism-optimized prompt"",""Output_Type"":""AI-ready image prompt""}}",Image Prompt / Realistic Winter Portrait with Puppy
"{""style_and_mood"":""Cinematic, warm, cozy, soft natural lighting, highly detailed, ultra-realistic"",""format"":""Ultra-realistic vertical triptych"",""subject"":{""age"":""22-year-old young man"",""appearance"":""Face and hairstyle exactly matching the uploaded image, perfectly styled, with face slightly turned toward the camera"",""clothing"":""Soft beige T-shirt and a thin necklace with a small pendant""},""setting"":{""location"":""Modern bedroom"",""atmosphere"":""Natural light from a window creating a warm, relaxed atmosphere""},""artistic_elements"":{""doodles"":""Artistic white line doodles decorate each panel""},""panels"":[{""name"":""Top Panel"",""action"":""Boy holds his face with his right hand"",""expression"":""Soft, eyes 1/2 closed, slightly looking toward the camera, lost in thought""},{""name"":""Middle Panel"",""action"":""Boy sits on the bed, legs slightly bent, sketching in a notebook with a pencil"",""details"":""A mug of tea on the nightstand, face slightly toward the camera""},{""name"":""Bottom Panel"",""action"":""Boy lies on the bed with a blanket, an open book on his chest"",""expression"":""Smiling slightly at the camera, face slightly toward the camera""}]}",Image Generation / Cinematic Triptych Portrait
"{""Objective"":""Generate an 8K ultra-realistic full-body portrait based on the user's reference image."",""Scene_Description"":{""Environment"":{""Setting"":""Indoor room with a clean, light-grey wall"",""Atmosphere"":""Professional, modern, minimal"",""Props"":""Simple chair where the subject is partially seated or interacting with""},""Subject"":{""Identity"":""Maintain facial features consistent with the provided reference image"",""Pose"":{""Body_Position"":""Leaning casually against the light-grey wall"",""Stance"":""Relaxed yet confident full-body posture"",""Hands"":{""Hand_1"":""Holding an object casually"",""Hand_2"":""Resting naturally or lightly touching the chair""}},""Appearance"":{""Expression"":""Calm, confident"",""Hair"":""Same style as reference""}}},""Wardrobe"":{""Outfit"":{""Top"":""Professional black shirt"",""Bottom"":""Carrot-color trousers with black belt"",""Footwear"":""Brown shoes""}},""Visual_Style"":{""Resolution"":""8K photorealistic"",""Quality"":""Ultra-detailed with natural skin texture"",""Aesthetic"":""Professional editorial-style portrait"",""Color_Profile"":""Neutral indoor tones with clean highlights"",""Detail_Characteristics"":[""Sharp clothing textures"",""Natural lighting gradients on the wall"",""High realism in facial features and posture""]},""Output_Requirements"":{""Format"":""Image"",""Quality"":""Full-body, photorealistic, editorial-grade""}}",Image Generation / Professional Full-body Editorial Portrait
"{""subject"":""curvy young woman (100% same face & body)"",""style"":""Edwardian-inspired, classic"",""clothing"":{""sweater"":""cream, high-neck, chunky knit, puffed leg-of-mutton sleeves"",""suspenders"":""striped brown"",""trousers"":""high-waisted, dark brown or charcoal, front-buttoned"",""cap"":""tweed flat cap""},""pose"":""holding suspenders with both hands; one hand touching flat cap; eyes looking down; stately and thoughtful"",""expression"":""stately, thoughtful, introspective"",""background"":""textured ancient stone wall, subdued natural light"",""lighting"":""subdued natural light, cinematic, moody, soft shadows"",""camera"":""medium portrait, eye-level, shallow depth of field"",""mood"":""cinematic, moody, vintage"",""technical"":{""aspect_ratio"":""3:4"",""resolution"":""1024x1365"",""seed"":123456,""style_strength"":0.8},""negative_prompt"":""no logos, no modern accessories, no extra limbs, not cartoonish, avoid overexposure""}",Image Generation / Edwardian Vintage-style Portrait
"{""character"":{""age"":24,""gender"":""female"",""hair"":{""length"":""long"",""color"":""dark""},""expression"":""smiling softly"",""pose"":""hugging a large, fluffy bright red teddy bear""},""outfit"":{""type"":""pajamas"",""material"":""satin"",""color"":""bright red"",""luxurious"":true},""setting"":{""location"":""bed"",""bedding"":{""material"":""luxurious"",""color"":""red""},""curtains"":{""color"":""red""},""lighting"":{""type"":""bedside lamp"",""glow"":""warm""},""nightstand"":{""objects"":[{""type"":""vase"",""contents"":""flowers""}],""position"":""left""}},""atmosphere"":{""overall_impression"":""cozy, warm, and romantic""},""facial_features"":{""match_reference"":true}}",Image Generation / Cozy Bedroom Portrait with Teddy Bear
"{""metadata"":{""title"":""Cinematic Winter Triptych"",""genre"":""Portrait Collage"",""style"":""Ultra-realistic, Cinematic""},""composition"":{""layout_type"":""Vertical stack"",""panels"":3,""orientation"":""Horizontal panels""},""subject"":{""reference"":""Use provided user face"",""demographic"":""Male model"",""attire"":""Black jacket"",""hair"":""Dark, slightly tousled by wind, dusted with snow"",""consistency"":""Same character, same clothing across all panels""},""environment"":{""location"":""Smoky village landscape"",""area"":""Open village area"",""atmosphere"":""Cold, windy, snowy"",""lighting"":""Deep blue evening sky, warm glow from campfire""},""panel_descriptions"":{""top_panel"":""Upper-body back view facing the distance under a deep blue sky"",""middle_panel"":""Cinematic portrait in same setting (implied)"",""bottom_panel"":""Cinematic portrait in same setting (implied)""},""full_prompt_text"":""Ultra-realistic cinematic winter portrait collage arranged in three horizontal panels stacked vertically, featuring the same male model in every panel. The setting is a smoky village landscape. Top panel: An upper-body back view of the man standing in an open village area, facing the distance under a deep blue evening sky. He wears a black jacket and his dark hair is visible, slightly tousled by the cold wind and dusted with snow, illuminated by a nearby campfire. The man maintains consistent facial features and clothing across the collage. 8k resolution, highly detailed.""}",Image Generation / Cinematic Winter Triptych Portrait
"{""prompt"":""A realistic black and white photograph of a young woman with long, dark hair, closely resembling the facial features, structure, and expression of the subject in the reference image. She has an imposing or serious expression, looking directly at the camera. She is wearing a black suit jacket, a white collared shirt, and a slim black tie. The lighting is dramatic, and the background is dark and uniform."",""style"":""photorealistic, cinematic, high-contrast, black and white"",""subject_details"":{""gender"":""female"",""attire"":""black suit, white shirt, slim black tie"",""expression"":""imposing, serious, confident"",""camera_angle"":""medium close-up, straight-on""}}",Image Generation / Cinematic B&W Formal Portrait
"{""title"":""Rugged Man Close-up with Yellow-Tinted Sunglasses"",""subject_and_action"":{""type"":""Extreme close-up portrait"",""subject"":""Rugged man"",""face_fidelity"":""100% real face from reference image (implied, assuming the image provided was the reference)"",""action"":""Looking intensely over the rim of small, round, yellow-tinted metal sunglasses"",""eye_detail"":""Piercing green eyes, clearly visible and sharp, making direct eye contact"",""hair_style"":""Messy, dark wavy hair falling slightly onto his forehead"",""facial_hair"":{""mustache"":""Thick dark mustache"",""beard"":""Short, well-groomed beard""}},""lighting_and_atmosphere"":{""lighting_style"":""Dramatic cinematic lighting (chiaroscuro)"",""contrast"":""Strong contrast"",""light_source_placement"":""Hard light source hits the center of the face, highlighting the texture of the skin, the bridge of the nose, and the forehead"",""shadows"":""Sides of the face fade into deep, moody shadows"",""atmosphere"":[""Mysterious"",""Intense"",""Edgy""]},""details_and_texture"":{""resolution"":""Hyper-realistic 8k resolution"",""skin_focus"":[""Extreme skin detail"",""Visible pores"",""Realistic skin texture"",""Slight sweat sheen/oiliness on the T-zone""],""hair_detail"":""Individual facial hairs"",""lens_effect"":""Yellow lenses should cast a subtle warm glow on the upper cheeks"",""background"":""Dark and out of focus (bokeh) to keep all attention on the face""},""technical_specifications"":{""lens"":""85mm lens"",""aperture"":""f/1.8 aperture for shallow depth of field"",""render_style"":""Photorealistic, Unreal Engine 5 render style"",""lighting_effects"":""Volumetric lighting, high dynamic range (HDR)"",""color_grading"":""Deep blacks and warm amber highlights"",""signature"":""Shreya Yadav""}}",Image Generation / Dramatic Rugged Male Close-up Portrait
"{""title"":""Retrato tipo Doodle en Cuaderno - usar la foto del usuario como referencia facial"",""source_image"":""USER_FACE_PHOTO"",""use_face_reference"":true,""face_reference_instructions"":""Mantén el 100% de los rasgos faciales del usuario, tono de piel, textura del cabello y barba. Coincide exactamente con la inclinación de la cabeza y la expresión; conserva las proporciones de ojos, nariz y boca."",""prompt"":""Crea un retrato tipo boceto coloreado a mano de la persona de la foto proporcionada, centrado de la cintura hacia arriba con los brazos cruzados. Estilo: ilustración con rotulador y bolígrafo sobre papel de cuaderno rayado (líneas horizontales azul pálido, margen vertical izquierdo). Mantén el cabello rizado del sujeto, la ligera barba y la expresión cálida y sonriente. Ropa: camisa negra abotonada con cuello visible y mangas remangadas; resalta con trazos de rotulador amarillo y rojo. Líneas: contornos firmes con tinta, sombreado con rayado cruzado, trazos de color enérgicos (rojo y amarillo) creando un contorno tipo neón alrededor de la figura. Composición: sujeto ocupando la parte medio-derecha de la página, cuerpo en tres cuartos, brazos cruzados, hombros relajados. Garabatos y anotaciones alrededor: varios bocadillos de diálogo y recuadros dibujados conteniendo palabras 'REDES SOCIALES', 'CÁMARA', 'EDICIÓN', 'ESTRATEGIAS', 'NEGOCIOS', 'DISPARO' escritas en rotulador rojo con estilo manuscrito informal; flechas apuntando hacia la figura; pequeñas estrellas, rayos, flechas y burbujas de chat dispersas; un recuadro resaltado en amarillo en la parte superior izquierda que dice '¿Y AHORA QUÉ?' con un signo de interrogación rojo; 'S.Y.' escrito a mano sobre la cabeza en tonos naranja/rojo. Textura: grano visible del papel, ligeras manchas y sangrado del rotulador, líneas de construcción a lápiz al 35% de opacidad por debajo; mantener un aspecto esbozado, enérgico y ligeramente desordenado. Iluminación: sin iluminación realista 3D — solo toques ilustrativos planos y trazos que sugieran forma. Paleta de colores: negro, rojo, amarillo, tonos cálidos de piel, líneas azul pálido sobre papel blanco hueso."",""small sign"":""Alejo color amarillo y rojo"",""negative_prompt"":""textura de piel fotorrealista, iluminación de estudio, cuerpo completo, fondos escénicos, tipografía impresa o perfecta, suavizado excesivo, cambios faciales antinaturales, personas adicionales, marca de agua"",""size"":""2048x2048"",""sampler"":""ddim"",""steps"":28,""cfg_scale"":7.5,""seed"":null}",Image Generation / Hand-drawn Colored Doodle Portrait
"{""image_metadata"":{""resolution"":""1200x1200px"",""genre"":""Candid street portrait"",""editing_note"":""Face edited without alteration to features""},""photography_style"":{""medium"":""Analog 35mm film-style"",""overall_aesthetic"":[""raw"",""nostalgic"",""gritty""],""visual_artifacts"":{""grain"":""Subtle but distinct film grain visible throughout frame"",""bokeh"":""Soft in background""},""color_grade"":{""palette"":""Muted and slightly warm"",""contrast"":""High contrast (typical of flash)""}},""lighting_characteristics"":{""primary_source"":{""type"":""Camera flash"",""direction"":""Direct, shining on face and body""},""effects_on_subject"":{""highlights"":""Strong"",""shadows"":""Sharp, cast behind subject"",""skin_glow"":""Slight glow from flash""},""ambient_light"":{""level"":""Minimal"",""sources"":[""streetlights"",""car headlights"",""neon signs""],""appearance"":""Blurred and slightly halated""}},""subject_details"":{""pose"":{""stance"":""Leaning next to vehicle"",""arms"":""Folded across chest"",""style"":""Natural, candid""},""expression"":""Slight smile towards the camera"",""features"":{""skin_texture"":""Natural""},""attire"":{""top"":""Army green V-neck knit crop vest"",""bottom"":""Black shorts"",""footwear"":""White-grey New Balance 530 sneakers""}},""environmental_context"":{""time_of_day"":""Night"",""setting"":""Dark city street"",""key_elements"":{""foreground_object"":""Bright yellow Ferrari F8"",""background"":{""brightness"":""Dark"",""noise_level"":""Minimal""}}}}",Image Generation / Candid Street Portrait
"{""label"":""soviet-fit-girl-on-carpet"",""tags"":[""fitness-girl"",""redhead"",""post-soviet"",""interior"",""carpet-wall"",""film-photo"",""natural-light"",""24mm-lens"",""sitting-pose""],""CompositionalPortrait"":1,""Style"":[""soviet-retro-3"",""grainy-film-photo-1"",""natural-light-3"",""documentary-style-2""],""Subject"":[""20-year-old fit girl with fair skin and toned figure, seated on the floor carpet"",""long natural red hair loosely tied with strands framing her face"",""light blue-gray eyes, soft focused gaze directed toward the camera"",""relaxed, neutral expression with slight parting of lips and calm brows"",""wearing burnt orange cotton athletic shorts and pale teal ribbed crop top"",""barefoot, legs bent comfortably, arms resting casually on thighs or carpet"",""minimal natural makeup: very light concealer, no visible eyeliner, soft natural blush""],""MadeOutOf"":[""burnt orange shorts"",""pale teal ribbed crop top"",""thin silver chain with small sun-shaped pendant"",""dark green scrunchie holding loose hair bun"",""barefoot""],""Arrangement"":""subject sits directly on the carpeted floor near the center of the room, legs folded or bent naturally, looking slightly upward into the camera which remains at typical eye-level, creating a mild low-angle gaze, posture relaxed, back slightly hunched with shoulders down"",""Accessories"":[""retro floor fan with faded chrome cage near the wall"",""dark green velvet armchair with wood trim"",""ceramic tea cup with gold rim on a scuffed side table"",""round analog wall clock with cracked glass cover""],""Background"":""post-soviet style room featuring a large burgundy ornamental wall carpet, heavy dark green curtains at the window, chipped wooden wall unit filled with books and figurines, mirror with tarnished gold trim, and visible electric cords under a vanity shelf"",""RoomObjects"":[""floral burgundy carpet on wall behind subject"",""matching floor carpet in deep red tones with geometric patterns"",""lacquered wooden wardrobe with brass handles"",""soviet-style mirror with oxidation spots on the frame"",""cream ceiling with mild discoloration near corners"",""white wooden door with aged brass knob"",""sagging curtain rod holding dark velvet drapes"",""floor-standing coat rack in corner""],""ColorRestriction"":[""room decor strictly in burgundy, brown, and dark green tones"",""ceiling and door may remain white"",""clothing in muted yet complementary contrast""],""Lighting"":""soft natural daylight coming from the left-side window, gentle ambient fill light across the scene, natural shadows from furniture and body contours, low highlight on hair strands and arms"",""Camera"":{""lens"":""24mm wide-angle"",""depth_of_field"":""medium-shallow"",""angle"":""eye-level"",""perspective"":""subject appears to be looking up toward the viewer"",""focus"":""sharp on subject’s face, slight falloff into background""},""OutputStyle"":""photorealistic, low-grain film aesthetic, subtle color desaturation, slight warm tone, soft paper-like texture to mimic documentary photo film from 1980s"",""Mood"":""peaceful, introspective, earthy, quietly confident""}",Image Generation / Retro Fitness Portrait
"{""image_generation_parameters"":{""resolution"":""1200x1200px"",""aspect_ratio"":""1:1"",""reference_usage"":""Preserve facial features from reference image strictly""},""visual_style"":{""genre"":""Hyper-realistic portrait, cozy editorial"",""technique"":""Natural sunlight photography"",""atmosphere"":""Soft, dreamy, warm natural light, gentle and sensual"",""lighting"":""Warm sunlight streaming through a window, creating beautiful highlights and soft shadows on face and shoulders 📝📕""},""subject_breakdown"":{""appearance"":{""hair"":""Long dark brown hair, straight with curled ends, two soft front strands lightly framing face, slightly tousled for natural sexy look, subtle sunlight highlights on ends (✨➰)"",""expression"":""Lying on her side, looking at the camera with deep, gentle eyes, sweet dreamy mood (🧏🏻‍♀️🧏🏻‍♀️🧏🏻‍♀️)"",""makeup"":""Natural tones, sparkling eyes, soft blush on cheeks and nose, long fluffy lashes, natural pink lips"",""accessories"":""Small silver necklace with tiny diamond ring pendant, almond-shaped grey nails with crystal embellishments""},""pose"":""Lying on left side, arms crossed under chin slightly, showing shoulders and upper arms clearly, relaxed and natural body posture, cozy and soft sensual vibe"",""wardrobe"":{""garment"":""Loosely draped white bed sheet, showing a hint of muted pink spaghetti strap top underneath 👗👚"",""footwear"":""Not specified"",""accessories"":""Jewelry as described above""}},""environment_details"":{""setting"":""On a bed with white sheets, sunlight coming through a window, soft warm natural light"",""time_of_day"":""Morning"",""furniture"":""Bed with white sheets"",""props"":""Cozy bedroom setting 🎞️"",""background"":""Soft, warm, dreamy light with gentle contrast on face and shoulders, close-up on face""},""image_quality"":{""resolution"":""Ultra HD"",""detail"":""Highly detailed textures, vivid colors, realistic skin and hair"",""lighting_effect"":""Enhanced warm natural sunlight for soft and dreamy appearance""}}",Image Generation / Hyper-realistic Cozy Editorial Portrait
"{""transform"":{""face"":{""preserve_original"":true,""reference_match"":true,""description"":""Use the exact same face as the uploaded reference image with identical facial features, proportions, and expression style.""},""output_quality"":""ultra-detailed 64K DSLR shot, hyper-realistic texture clarity""},""subject"":{""description"":""A beautiful woman with the same face as the reference image"",""pose"":""full-body portrait, standing gracefully while looking off to her left with a soft, pensive expression"",""hair"":{""style"":""elegant Victorian-style updo"",""visibility"":""partially visible beneath the large hat""},""outfit"":{""dress"":{""type"":""exquisite, elaborate Victorian/Rococo gown"",""color"":""teal"",""details"":""fitted bodice with ornate floral embroidery in pink and cream, puffed sleeves, high ruffled collar, layered skirt with rich fabric texture""},""hat"":{""type"":""large ornate Victorian hat"",""adornments"":[""numerous pink roses"",""teal fabric decorations"",""soft ribbons and antique lace""]},""accessories"":{""earrings"":""prominent pearl drop earrings"",""necklace"":""refined pearl necklace matching the earrings""}},""hands"":{""action"":""holding a large bouquet of pink roses that matches the floral embellishments of her gown and hat""}},""environment"":{""setting"":""soft green outdoor background"",""focus"":""shallow depth of field, background fully out-of-focus"",""lighting"":""romantic, soft natural light enhancing gown texture and facial details"",""atmosphere"":""dreamy, painterly, elegant, historical romance aesthetic""},""render"":{""engine"":""Octane Render"",""game_engine"":""Unreal Engine 5"",""style"":""high-fidelity cinematic rendering with rich material detail, lifelike shading, and volumetric softness""},""aesthetic"":{""theme"":""Victorian/Rococo luxury fashion"",""mood"":""romantic, elegant, timeless"",""textures"":""rich fabric depth, intricate embroidery, realistic floral texture, polished pearls""}}",Image Generation / Historical Victorian Fashion Portrait
"{""project"":""Rugged Portrait"",""version"":""1.0"",""prompt_data"":{""subject"":{""description"":""Rugged man [100% real face from references image]"",""facial_features"":{""eyes"":""Piercing green, visible and sharp"",""hair"":""Messy, dark wavy hair falling slightly onto forehead"",""facial_hair"":""Thick dark mustache, short well-groomed beard"",""skin_texture"":""Extreme detail, visible pores, slight sweat sheen/oiliness on T-zone""},""expression"":""Intense, direct eye contact"",""accessories"":{""eyewear"":""Small, round, yellow-tinted metal sunglasses"",""interaction"":""Looking intensely over the rim""}},""composition"":{""framing"":""Extreme close-up portrait"",""background"":""Dark, out of focus (bokeh)""},""lighting"":{""style"":""Dramatic cinematic (chiaroscuro)"",""contrast"":""Strong contrast, deep blacks"",""sources"":[""Hard light source hitting center of face (nose bridge, forehead)"",""Volumetric lighting""],""effects"":{""shadows"":""Sides of face fade into deep moody shadows"",""reflections"":""Yellow lenses cast subtle warm glow on upper cheeks""}},""technical_specs"":{""camera"":{""lens"":""85mm"",""aperture"":""f/1.8"",""depth_of_field"":""Shallow""},""render_quality"":{""resolution"":""Hyper-realistic 8k"",""engine"":""Unreal Engine 5 style"",""dynamic_range"":""High Dynamic Range (HDR)""},""color_grading"":""Deep blacks with warm amber highlights""},""atmosphere"":""Mysterious, intense, edgy""},""output_string"":""Extreme close-up portrait of a rugged man [ 100% real face from refrences image ] looking intensely over the rim of small, round, yellow-tinted metal sunglasses. His piercing green eyes are clearly visible and sharp, making direct eye contact. He has messy, dark wavy hair falling slightly onto his forehead, with a thick dark mustache and a short, well-groomed beard. Dramatic cinematic lighting (chiaroscuro) with strong contrast. A hard light source hits the center of the face, highlighting the texture of the skin, the bridge of the nose, and the forehead, while the sides of the face fade into deep, moody shadows. The atmosphere is mysterious, intense, and edgy. Hyper-realistic 8k resolution. Focus on extreme skin detail: visible pores, realistic skin texture, slight sweat sheen/oiliness on the T-zone, and individual facial hairs. The yellow lenses should cast a subtle warm glow on the upper cheeks. The background is dark and out of focus (bokeh) to keep all attention on the face. Shot on 85mm lens, f/1.8 aperture for shallow depth of field. Photorealistic, Unreal Engine 5 render style, volumetric lighting, high dynamic range (HDR), color graded with deep blacks and warm amber highlights.""}",Image Generation / Dramatic Cinematic Male Portrait
"{""generation_parameters"":{""quality"":""8K resolution"",""style"":""Hyper-realistic cinematic portrait"",""medium"":""Photography (DSLR)"",""lens_specs"":""85mm f/1.4 lens"",""focus"":""Sharp focus on face and water reflections"",""realism_constraint"":""No digital art, 100% natural appearance, realistic texture""},""subject_details"":{""pose"":""Reclining in an antique porcelain bathtub"",""skin"":""Glowing, realistic texture, wet skin effect"",""makeup"":{""style"":""Wet euphoria look"",""eyes"":""Thin eyeliner, golden eyeshadows"",""finish"":""Dewy/glowing""},""wardrobe"":{""garment"":""Lightweight translucent fabric"",""state"":""Partially submerged in water, clinging to skin""},""body_features"":{""tattoos"":""Visible distorted slightly underwater""},""accessories"":[""Thin necklace"",""Discreet ring""]},""environment_and_props"":{""setting"":""Antique bathroom"",""surfaces"":""White tiles with subtle cracks"",""water_details"":{""opacity"":""Translucent"",""elements"":""Covered in dark petals"",""colors"":[""Deep wine"",""Purple"",""Black""]},""tub"":""Antique porcelain""},""lighting_and_atmosphere"":{""light_source"":""Soft golden light"",""effects"":[""Reflections on water surface"",""Subsurface scattering on skin"",""Atmospheric warmth""],""mood"":""Intimate, serene, euphoric""}}",Image Generation / Intimate Bathtub Portrait
"{""scene"":{""shot_type"":""high-angle, top-down cinematic"",""setting"":""lush bed of green moss and wildflowers"",""characters"":[{""role"":""woman"",""position"":""left"",""clothing"":{""dress"":""vintage cream-colored dress with a square neckline"",""hat"":""straw hat adorned with fresh pink roses and yellow daisies""},""appearance"":{""hair"":""long dark wavy hair"",""expression"":""gentle smile""}},{""role"":""man"",""position"":""right"",""clothing"":{""shirt"":""crisp white Henley shirt"",""necklace"":""silver chain necklace""},""appearance"":{""expression"":""serene sleep""}}],""details"":{""butterflies"":{""location"":""resting on their clothing and the grass"",""color"":""delicate pastel""},""flowers"":[""purple lavender"",""pink roses"",""yellow wildflowers""]},""lighting"":{""type"":""dreamy and ethereal"",""effect"":""dappled sunlight filtering through a forest canopy"",""shadows"":""soft"",""glow"":""warm golden glow on their faces""},""visual_style"":{""focus"":""soft focus background"",""resolution"":""8k"",""aesthetic"":""romantic cottagecore""}}}",Image Generation / Romantic Cottagecore Couple Scene
"{""image_generation_parameters"":{""resolution"":""1200x1200px"",""aspect_ratio"":""1:1"",""reference_usage"":""Preserve facial features from reference image strictly""},""visual_style"":{""genre"":""High-fashion magazine editorial"",""technique"":""Direct flash photography"",""atmosphere"":""Glamorous, bold, nightlife aesthetic, paparazzi style"",""lighting"":""Hard direct flash creating sharp shadows and high contrast against a dark background""},""subject_breakdown"":{""appearance"":{""hair"":""Long dark wavy hair, voluminous and glossy"",""expression"":""Confident, alluring, looking back over the shoulder"",""gaze"":""Direct connection with the camera""},""pose"":"" perched elegantly on the armchair, twisting torso to look back"",""wardrobe"":{""garment"":""Black lace ruffled two-piece outfit (top and bottom)"",""footwear"":""Black high stiletto heels with signature red soles"",""accessories"":""None specified other than props""}},""environment_details"":{""setting"":""Modern luxury living room interior"",""time_of_day"":""Night"",""furniture"":""Plush charcoal grey armchair"",""props"":""Black designer handbag resting on the chair cushion beside the subject"",""background"":""Dimly lit upscale interior, out of focus""}}",Image Generation / High-Fashion Nightlife Editorial
"{""generation_parameters"":{""dimensions"":""1200x1200px"",""output_mode"":""Black and White"",""quality_preset"":""Ultra-realistic 4KHD"",""reference_constraints"":{""facial_fidelity"":""Strictly preserve facial features of the woman from the input image"",""composition"":""Strictly follow angle and framing of the reference image""}},""visual_style"":{""aesthetic"":""Gothic-elegant, Luxury, Classic Seduction"",""lighting"":{""sources"":""Multiple chandeliers, table candelabras, lit candles"",""type"":""Warm cinematic lighting, soft side lighting"",""contrast"":""High contrast, deep shadows vs illuminated skin""},""textures"":""Smooth skin, lace details, sharp focus""},""character_details"":{""woman_protagonist"":{""appearance"":{""hair"":""Long, straight dark brown with soft waves"",""eyes"":""Brown, intense and seductive"",""skin"":""Smooth, no tattoos, prominent freckles on nose and cheeks (visible in B&W)""},""wardrobe"":{""main_garment"":""Elegant black off-the-shoulder dress with corset-style bodice"",""accessories"":""Long sheer black lace gloves (fitted), intricate lace stockings"",""footwear"":""Discreet black high-heeled shoes""},""pose"":{""placement"":""Sitting on the man's lap, leaning slightly towards him"",""gestures"":""One hand on her chest/neck (sensual/dominant), legs crossed"",""proximity"":""Face inches away from the man""},""expression"":""Looking directly at camera, conveying control and sensuality""},""man_supporting"":{""appearance"":{""hair"":""Short and elegant""},""wardrobe"":{""suit"":""Black tailored suit"",""shirt"":""White dress shirt"",""accessory"":""Black tie""},""pose"":{""placement"":""Seated"",""gestures"":""Arms firmly around her waist and thighs"",""gaze"":""Looking upwards with a confident expression""}}},""environment"":{""setting"":""Grand dining area or ballroom"",""background_elements"":""Long table decorated with candelabras and flickering candles"",""atmosphere"":""Moody, intimate, luxurious, hazy""}}",Image Generation / Gothic Elegant Couple Portrait
"{""description"":""The image depicts a woman sitting on a black leather chair, wearing a black bodysuit with a mesh overlay adorned with black polka dots. She has long, wavy blonde hair and is accessorized with a black watch and tan high heels."",""prompt"":{""main"":""Create an image of a woman sitting elegantly on a black leather chair, wearing a sophisticated black bodysuit with a mesh overlay featuring black polka dots. The bodysuit should be adorned with decorative elements, and she should have long, wavy blonde hair. She is accessorized with a black watch on her wrist and tan high heels on her feet. The chair should have a reflective black surface and a plaid-patterned backrest. The overall style should be glamorous and modern, with a focus on the woman's pose and attire. The lighting should be soft and cinematic, highlighting the textures of the clothing and the chair. The color palette should be predominantly black and tan, with the blonde hair adding a touch of warmth. The mood should be sophisticated and alluring."",""parameters"":{""aspect_ratio"":""3:2"",""version"":6,""stylize"":750}},""negative_prompt"":""Avoid generating images with blurry or deformed subjects, extra limbs, low quality, watermarks, or text overlays."",""detected_style"":""Photorealistic with a touch of glamour and modernity, reminiscent of high-end fashion photography"",""recommended_aspect_ratio"":""3:2"",""subject_details"":{""gender"":""female"",""pose"":""sitting elegantly"",""hair"":{""color"":""blonde"",""style"":""long, wavy""},""attire"":{""type"":""bodysuit"",""color"":""black"",""overlay"":{""material"":""mesh"",""pattern"":""black polka dots""},""decorative_elements"":true},""accessories"":[{""type"":""watch"",""color"":""black"",""position"":""wrist""},{""type"":""heels"",""color"":""tan""}]},""chair_details"":{""material"":""leather"",""color"":""black"",""surface"":""reflective"",""backrest_pattern"":""plaid""},""lighting"":{""style"":""soft and cinematic"",""purpose"":""highlight textures of clothing and chair""},""color_palette"":[""black"",""tan"",""blonde hair""],""mood"":""sophisticated and alluring""}",Image Generation / Glamorous Modern Chair Portrait
"{""image_generation_prompt"":{""full_text"":""An ultra-realistic 8K UHD photograph of a rainy night scene at a rural Japanese bus stop. A person (based on the attached photos, with a normal build) is standing, holding a small red umbrella, wearing a red jumpsuit, blue boots, and a yellow t-shirt, looking to the side with an expression of apprehension and curiosity. Beside him, a gigantic, realistic Totoro creature, with wet fur and a leaf on its head, waits in the rain. The setting includes an aged bus stop sign, dense wet forest trees in the background, and the lighting comes from a dim lamppost and the moon, with realistic rain reflections on the wet asphalt. Wide shot. The face must be sharp and expressive."",""technical_specs"":{""medium"":""Photograph"",""resolution"":""8K UHD"",""style"":""Ultra-realistic"",""composition"":""Wide shot"",""focus"":""Sharp and expressive face""},""lighting"":{""sources"":[""Dim lamppost"",""Moon""],""effects"":[""Realistic rain reflections on wet asphalt""]},""environment"":{""location"":""Rural Japanese bus stop"",""weather"":""Rainy night"",""background"":""Dense wet forest trees"",""props"":[""Aged bus stop sign""]},""subjects"":[{""type"":""Human"",""reference_source"":""Attached photos"",""build"":""Normal"",""attire"":{""clothing"":""Red jumpsuit, yellow t-shirt"",""footwear"":""Blue boots"",""accessories"":""Small red umbrella""},""pose"":""Standing, looking to the side"",""expression"":""Apprehension and curiosity""},{""type"":""Creature"",""identity"":""Gigantic realistic Totoro"",""details"":[""Wet fur"",""Leaf on head""],""action"":""Waiting in the rain""}]}}",Image Generation / Fantasy Realistic Totoro Scene
"{""image_description"":{""upper_third"":{""focus"":""Her eyes"",""details"":[""Reflecting blurred city lights below"",""Thin layer of frost touching her lashes"",""Wind pushing a few strands of hair across her forehead""],""vibe"":""Sharp retro-Y2K""},""middle_third"":{""focus"":""Her body and immediate surroundings"",""details"":[""Lying on a rooftop lounge chair dusted with snow"",""Wrapped in a white faux-fur jacket over a sequined winter dress"",""Soft neon glow bouncing off snowflakes on her sleeves""]},""lower_third"":{""focus"":""Close-up of her face and hands"",""details"":[""Facing the camera with one hand above her eyes"",""Shielding a bright pinkish neon light"",""Snowflakes clinging to her jewelry"",""Tiny drops forming near her lips""]}}}",Image Generation / Sharp Retro-Y2K Portrait
"{""image_description"":{""type"":""fragmented triptych portrait"",""composition"":{""layout"":""three horizontal strips"",""alignment"":""imperfectly aligned""},""facial_features"":{""top_strip"":{""focus"":""sharp"",""features"":""eyes looking directly at viewer""},""middle_strip"":{""focus"":""heavy motion blur"",""features"":""smeared facial contours""},""bottom_strip"":{""focus"":""soft focus"",""features"":""lips and chin""}},""aesthetic"":{""style"":""disjointed analog print""},""framing"":{""subject"":""framed extremely close"",""coverage"":""filling the entire frame""}}}",Image Generation / Fragmented Analog Triptych Portrait
"{""prompt"":""Hyperrealistic full-body photo of a young woman with the exact face from the reference image, wearing a white t-shirt, white formal trousers, a maroon velvet (makhmali) open blazer, and white formal shoes. She is casually leaning on a black iron garden railing with a romantic expression. The setting is a European-style garden featuring abundant greenery and rustic textures, conveying a minimal yet royal aura. The scene is illuminated by soft daylight, creating a calm and balanced atmosphere with pastel color tones and subtle cinematic shadows. She is wearing transparent, stylish sunglasses. Captured in high-resolution (4K), with an elegant and professional aesthetic. Signature: Shreya Yadav."",""style"":[""hyperrealistic photo"",""cinematic lighting"",""pastel color palette"",""elegant and professional""],""subject_details"":{""person"":""Young woman (with face match from reference image)"",""expression"":""Romantic looks"",""pose"":""Casually leaning on a railing""},""clothing"":{""top"":""White t-shirt"",""bottom"":""White formal pants"",""outerwear"":""Maroon velvet (makhmali) open blazer"",""footwear"":""White formal shoes"",""accessories"":""Stylish transparent sunglasses""},""setting"":{""location"":""European-style garden"",""elements"":[""Iron garden railing"",""Greenery"",""Rustic textures""],""mood"":""Minimal but royal aura""},""lighting_and_quality"":{""lighting"":""Soft daylight"",""shadows"":""Cinematic shadows"",""resolution"":""4K"",""color_tones"":""Pastel""},""signature"":""Shreya Yadav""}",Image Generation / Hyperrealistic European Garden Portrait
"{""transform"":{""face"":{""preserve_original"":true,""reference_match"":true,""description"":""Use the exact same face as the uploaded reference image with identical facial features, proportions, and expression style.""},""output_quality"":""ultra-detailed 64K DSLR shot, hyper-realistic texture clarity""},""subject"":{""description"":""A beautiful woman with the same face as the reference image"",""pose"":""full-body portrait, standing gracefully while looking off to her left with a soft, pensive expression"",""hair"":{""style"":""elegant Victorian-style updo"",""visibility"":""partially visible beneath the large hat""},""outfit"":{""dress"":{""type"":""exquisite, elaborate Victorian/Rococo gown"",""color"":""teal"",""details"":""fitted bodice with ornate floral embroidery in pink and cream, puffed sleeves, high ruffled collar, layered skirt with rich fabric texture""},""hat"":{""type"":""large ornate Victorian hat"",""adornments"":[""numerous pink roses"",""teal fabric decorations"",""soft ribbons and antique lace""]},""accessories"":{""earrings"":""prominent pearl drop earrings"",""necklace"":""refined pearl necklace matching the earrings""}},""hands"":{""action"":""holding a large bouquet of pink roses that matches the floral embellishments of her gown and hat""}},""environment"":{""setting"":""soft green outdoor background"",""focus"":""shallow depth of field, background fully out-of-focus"",""lighting"":""romantic, soft natural light enhancing gown texture and facial details"",""atmosphere"":""dreamy, painterly, elegant, historical romance aesthetic""},""render"":{""engine"":""Octane Render"",""game_engine"":""Unreal Engine 5"",""style"":""high-fidelity cinematic rendering with rich material detail, lifelike shading, and volumetric softness""},""aesthetic"":{""theme"":""Victorian/Rococo luxury fashion"",""mood"":""romantic, elegant, timeless"",""textures"":""rich fabric depth, intricate embroidery, realistic floral texture, polished pearls""}}",Image Generation / Victorian Luxury Fashion Portrait
"{""prompt"":""Ultra-realistic V6 realism portrait of an adult woman with long wavy brown hair, sharp refined facial features, full natural lips, and flawless glowing skin. She is standing confidently in a luxurious futuristic cruise-ship atrium during golden hour. The space features an immense geometric glass dome ceiling composed of illuminated triangular panels, casting warm amber reflections across polished metallic surfaces. Through the dome, a serene ocean horizon is visible, washed in sunset tones of gold, pink, and soft violet. The atmosphere is elegant, cinematic, and high-end, with subtle depth-of-field, photorealistic lighting, intricate architectural details, and a premium fashion aesthetic."",""style"":""V6 realism, ultra-photorealistic, high dynamic range, cinematic golden-hour lighting, premium editorial photography"",""camera"":{""type"":""full-frame DSLR"",""lens"":""85mm portrait lens"",""aperture"":""f/1.8"",""focus"":""sharp focus on subject, soft bokeh background"",""perspective"":""eye-level, slightly forward angle""},""environment"":{""location"":""luxury futuristic cruise-ship atrium"",""lighting"":""warm sunset light filtered through geometric glass dome"",""details"":[""triangular glass ceiling panels"",""reflections on polished metal surfaces"",""soft atmospheric glow"",""ocean horizon visible outside""]},""subject"":{""age"":""mid-20s (adult)"",""gender"":""female"",""expression"":""confident and poised"",""hair"":""long, wavy, rich brown color"",""skin"":""flawless natural texture"",""pose"":""standing confidently with relaxed, elegant posture""}}",Image Generation / Futuristic Cruise-Ship Atrium Portrait
"{""imageDescription"":{""style"":""realistic"",""atmosphere"":""magical and ethereal"",""subject"":{""person"":{""age"":""young"",""bodyType"":""midsize"",""hair"":{""length"":""long"",""texture"":""naturally flowing"",""movement"":""gentle movement as if touched by wind""},""expression"":{""emotion"":""ecstasy, joy"",""eyes"":""closed"",""headPosition"":""slightly tilted back"",""smile"":""smiling""}}},""photoType"":{""camera"":""disposable camera"",""focus"":""close-up"",""ratio"":""9:16""}}}",Image Generation / Magical Ethereal Portrait
"{""generation_parameters"":{""resolution"":""1200x1200px"",""overall_aesthetic"":""Vogue holiday editorial, cinematic glow, ultra high quality"",""color_palette"":[""blush pink"",""champagne gold"",""creamy white"",""warm Christmas lights""],""reference_usage"":""Strictly copy the facial appearance from the provided photo""},""camera_and_composition"":{""angle"":""3/4 front-side angle"",""perspective"":""Slightly elevated but close-up perspective (NOT top view)"",""viewpoint_simulation"":""Standing near the rear-left corner of the car"",""framing_constraint"":""Top trunk lid is NOT visible in the frame"",""lens_effect"":""Shallow depth of field (DOF)""},""subject_details"":{""demographics"":""Stylish young woman"",""pose"":{""body"":""Reclining in the trunk, leaning on one arm"",""legs"":""Playfully slightly bent and extended to the side, one leg raised""},""expression"":{""mouth"":""Soft smile"",""eyes"":""Gazing slightly toward the camera"",""vibe"":""Confident, luxurious relaxation""},""wardrobe"":{""outfit"":""Soft pink winter suit with decorative elements"",""headwear"":""Fluffy white fur hat"",""footwear"":""Pink winter boots""}},""scene_elements"":{""vehicle_prop"":{""model"":""Vintage Cadillac DeVille Convertible (1968–1972)"",""paint_color"":""Pastel Yellow custom paint"",""state"":""Trunk area completely open at the bottom""},""trunk_contents"":{""general_items"":[""White fur coat"",""Numerous gifts in pink and white palette""],""specific_branding"":""One large pink box neatly labeled 'neiro_ellen' (integrated like a brand logo)""},""immediate_surroundings"":{""feature"":""Large Christmas tree behind and to the side of the girl"",""decorations"":[""Golden balls"",""garlands"",""warm lights""],""interaction"":""Branches lean slightly into the trunk creating festive chaos""},""background_environment"":{""location"":""Winter New York street with brownstones"",""atmospheric_details"":[""Warm light from windows"",""Light snowfall"",""Glistening wet pavement""]},""lighting"":""Warm Christmas lights creating cinematic glow""}}",Image Generation / Vogue Holiday Editorial Portrait
"{""image_generation_request"":{""prompt"":""Ultra-realistic portrait of a man walking toward the camera on an airport runway at night, smoking a cigarette. He wears a white long-sleeve shirt with sleeves rolled up and dress pants, shoes. The camera is very close, capturing his face sharply - textures of skin, smoke from his lips, and subtle reflections of firelight in his eyes. Behind him, slightly out of focus, a commercial airplane is burning intensely, with huge flames, roaring firestorms, and thick black smoke rising high. The fiery glow casts dramatic orange highlights on his shirt and face, creating deep shadows and a gritty, cinematic mood. Wet runway reflects the blaze, enhancing the dramatic atmosphere."",""dimensions"":{""width"":1200,""height"":1200},""style_descriptors"":[""Cinematic"",""Photorealistic"",""Gritty"",""Dramatic Lighting"",""Macro Photography"",""8k resolution""],""subject_details"":{""action"":""Walking toward camera, smoking"",""clothing"":""White long-sleeve shirt (rolled sleeves), dress pants, shoes"",""facial_features"":""Sharp focus, skin texture, firelight reflection in eyes""},""environment_details"":{""location"":""Airport runway at night"",""background"":""Commercial airplane burning, intense fire, thick black smoke, out of focus"",""ground"":""Wet runway, reflecting fire""}}}",Image Generation / Cinematic Airport Runway Scene
"{""scene"":{""setting"":""cluttered desk late at night"",""mood"":""contemplative, bored"",""lighting"":{""ambient"":""cool blue ambient light in the background"",""highlight"":""soft, warm glow highlighting her face""},""camera"":{""shot"":""candid, photorealistic"",""resolution"":""8K"",""lens"":""35mm"",""depth_of_field"":""shallow"",""texture"":""subtle grainy film"",""ratio"":""9:16""},""subject"":{""gender"":""female"",""appearance"":{""hair"":{""style"":""messy ponytail"",""color"":""not specified""},""clothing"":[""white graphic T-shirt"",""white wristwatch""],""accessories"":""wired earphones"",""expression"":""bored or contemplative"",""pose"":""left cheek on left hand, right hand on computer mouse"",""eyes"":""gazing into space""}},""desk_details"":{""items"":[""open notebooks"",""colorful stationery""]}}}",Image Generation / Candid Night Desk Portrait
"{""subject"":{""type"":""Portrait of a woman"",""reference"":""Based on uploaded photo (1:1 facial resemblance)"",""hair"":""Same hairstyle as reference"",""clothing"":{""outer"":""Plaid shirt"",""inner"":""T-shirt""}},""art_style"":{""genre"":""Child's drawing / Naive art"",""medium"":""Colored pencil"",""surface"":""Lined notebook paper"",""technique"":""Vibrant but slightly uneven coloring, simplistic shading""},""background"":{""elements"":[""Green mountains"",""Blue sky"",""Bright yellow sun"",""Blue cloud""],""style"":""Simplistic, amateur landscape""},""atmosphere"":""Charmingly amateur, nostalgic"",""original_prompt"":""A hand-drawn colored pencil portrait of a woman in the uploaded photo (exact 1:1 facial resemblance and same hairstyle—no beautification or identity changes), wearing a plaid shirt and a t-shirt. The style is like a child's drawing on lined paper, with vibrant but slightly uneven coloring. In the background, there are green mountains, a blue sky, a bright yellow sun, and a blue cloud, all drawn in the same naive, childlike style. The woman's face has some shading and detail, but the overall feel is charmingly amateur.""}",Image Generation / Childlike Colored Pencil Portrait
"{""image_generation_parameters"":{""resolution"":""1200x1200px"",""aspect_ratio"":""1:1"",""reference_usage"":""Preserve facial features from reference image strictly""},""visual_style"":{""genre"":""High-fashion magazine editorial"",""technique"":""Direct flash photography"",""atmosphere"":""Glamorous, bold, nightlife aesthetic, paparazzi style"",""lighting"":""Hard direct flash creating sharp shadows and high contrast against a dark background""},""subject_breakdown"":{""appearance"":{""hair"":""Long dark wavy hair, voluminous and glossy"",""expression"":""Confident, alluring, looking back over the shoulder"",""gaze"":""Direct connection with the camera""},""pose"":"" perched elegantly on the armchair, twisting torso to look back"",""wardrobe"":{""garment"":""Black lace ruffled two-piece outfit (top and bottom)"",""footwear"":""Black high stiletto heels with signature red soles"",""accessories"":""None specified other than props""}},""environment_details"":{""setting"":""Modern luxury living room interior"",""time_of_day"":""Night"",""furniture"":""Plush charcoal grey armchair"",""props"":""Black designer handbag resting on the chair cushion beside the subject"",""background"":""Dimly lit upscale interior, out of focus""}}",Image Generation / Glamorous Nightlife Editorial Portrait
"{""image_generation_parameters"":{""resolution"":""1200x1200px"",""aspect_ratio"":""1:1"",""reference_usage"":""Preserve facial features from reference image strictly""},""visual_style"":{""genre"":""High-fashion editorial, realistic portrait"",""technique"":""Natural sunlight photography"",""atmosphere"":""Dreamy, gentle elegance, soft cinematic feel"",""lighting"":""Sunlight streaming from left, creating sharp highlights on hair and skin against slightly darkened background""},""subject_breakdown"":{""appearance"":{""hair"":""Long dark brown hair 👤, flowing to waist, loose Korean-style curls at ends, small strands across face"",""expression"":""Dreamy, confident, slightly cheerful 📸📀 🙅🏻‍♀️💁🏻‍♀️🧏🏻‍♀️"",""makeup"":""Natural makeup 💄💋, rosy cheeks, thin eyeliner, mascara, pink-orange lip gloss""},""pose"":""Right arm slightly lifted, left arm holding black Balenciaga City bag / sitting sideways resting chin on hand / talking on phone naturally"",""outfit"":""Black sports bra crop top 👚👗👙🩲, wide-leg black jeans showing white Calvin Klein waistband, silver short necklace (LV pendant), small thick hoop earrings, minimal silver ring""},""lighting_and_effects"":{""lighting"":""Natural sunlight 🌌 from front–side highlighting cheeks and nose tip"",""effects"":""Cinematic lighting 🎞️🎞️, ultra HD 👑✨, hyper-realistic, sharp textures, stunning light and shadow effect""}}",Image Generation / High-Fashion Natural Light Portrait
"{""subject"":{""description"":""A young woman taking a mirror selfie with very long voluminous dark waves and soft wispy bangs"",""age"":""young adult"",""expression"":""confident and slightly playful"",""hair"":{""color"":""dark"",""style"":""very long, voluminous waves with soft wispy bangs""},""clothing"":{""top"":{""type"":""fitted cropped t-shirt"",""color"":""cream white"",""details"":""features a centered Powerpuff Girls graphic in bright cartoon style""},""bottom"":{""type"":""casual shorts"",""color"":""light beige"",""details"":""soft fabric with a relaxed, comfortable fit""}},""face"":{""preserve_original"":true,""makeup"":""natural glam makeup with soft pink dewy blush and glossy red pouty lips""}},""accessories"":{""earrings"":{""type"":""gold geometric hoop earrings""},""jewelry"":{""waistchain"":""silver waistchain""},""device"":{""type"":""smartphone"",""details"":""patterned case""}},""photography"":{""camera_style"":""early-2000s digital camera aesthetic"",""lighting"":""harsh super-flash with bright blown-out highlights but subject still visible"",""angle"":""mirror selfie"",""shot_type"":""tight selfie composition"",""texture"":""subtle grain, retro highlights, V6 realism, crisp details, soft shadows""},""background"":{""setting"":""nostalgic early-2000s bedroom"",""wall_color"":""pastel tones"",""elements"":[""chunky wooden dresser"",""CD player"",""posters of 2000s pop icons"",""hanging beaded door curtain"",""cluttered vanity with lip glosses""],""atmosphere"":""authentic 2000s nostalgic vibe"",""lighting"":""retro""}}",Image Generation / Nostalgic Early-2000s Mirror Selfie
"{""image_generation_data"":{""title"":""Femme Fatale in Film Noir - Structured"",""version"":""2.0"",""components"":{""meta_quality_and_style"":{""overall_quality"":[""Masterpiece"",""best quality"",""8k"",""raw photo""],""realism_weighting"":""photorealistic:1.3""},""subject"":{""demographics"":[""1 female"",""femme fatale""],""facial_features"":[""sharp facial features"",""pale skin"",""intense suspicious gaze""],""skin_realism_details"":[""realistic skin texture"",""visible pores and freckles"",""faint veins"",""mole under eye""],""makeup"":[""red lipstick""]},""attire_and_pose"":{""clothing"":""wearing a structured black velvet evening gown with a high slit"",""accessories"":""holding a transparent umbrella"",""pose_and_action"":[""standing"",""looking back over shoulder"",""dramatic cinematic pose""],""environmental_interaction"":""wind blowing hair across face""},""environment"":{""location_and_time"":[""rainy night"",""european city""],""ground_details"":[""wet reflective street"",""cobblestones reflecting street lamps""],""background_elements"":[""steam rising from vents"",""bokeh car lights in background""],""atmosphere_mood"":""dark atmospheric mood""},""photography_and_cinematography"":{""aesthetic_genre"":""film noir aesthetic"",""lighting"":[""low key lighting"",""rim light outlining the silhouette""],""camera_gear"":[""50mm lens"",""f/1.8""],""color_and_contrast"":[""high contrast"",""bluish color grading""],""texture"":""slight film grain""}},""concatenated_prompt_string"":""Masterpiece, best quality, photorealistic:1.3, 8k, raw photo, 1 female, femme fatale, sharp facial features, pale skin, intense suspicious gaze, realistic skin texture, visible pores and freckles, faint veins, mole under eye, red lipstick, wearing a structured black velvet evening gown with a high slit, holding a transparent umbrella, standing, looking back over shoulder, dramatic cinematic pose, wind blowing hair across face, rainy night, european city, wet reflective street, cobblestones reflecting street lamps, steam rising from vents, bokeh car lights in background, dark atmospheric mood, film noir aesthetic, low key lighting, rim light outlining the silhouette, 50mm lens, f/1.8, high contrast, bluish color grading, slight film grain""}}",Image Generation / Femme Fatale Film Noir Portrait
"{""prompt"":""A young Asian woman is sitting in a salon chair with a relaxed, confident pose. She has both legs crossed and resting on a small, dark wooden table in front of her. She is wearing a large, oversized white t-shirt with the word 'Mbelgedez' printed in black across the chest, ripped light blue jeans, and white high-top sneakers. She is wearing brown-tinted sunglasses, a silver chain necklace, and a black digital watch (G-Shock style) on her left wrist. Her right hand is gently touching her chin, and her left hand is resting on the armrest. Her hair is long, straight, and a soft, neutral brown tone. The setting is a brightly lit beauty salon with warm indoor lighting, featuring salon chairs, shelves stocked with hair products, and mirrors in the background. It is a medium shot with centered composition, emphasizing a photorealistic street-style aesthetic with high detail on the clothing textures, jewelry, and subtle skin shine.""}",Image Generation / Photorealistic Street-Style Portrait
"{""prompt"":{""positive"":""High-resolution vertical portrait, 4K quality. A woman with wavy black hair, slightly damp. Dreamy soft gaze looking up toward the camera. Wearing an oversized slate grey/teal hoodie. Leaning against a wall covered with messy posters, flyers, and stickers. Nighttime busy city street (Tokyo/Seoul/Hong Kong style). Light drizzle with visible water particles in the air. Wet reflective street surface. Red neon reflections and bright car brake lights dominating the pavement. Yellow and red neon shop signs in background. Strong dramatic lighting with high contrast between warm neon reds/yellows and cool blue/grey ambient tones. Shallow depth of field, bokeh background. Cinematic, photorealistic."",""negative"":""blurry face, distorted anatomy, extra limbs, extra fingers, watermark, text, overexposed lights, underexposed shadows, cartoon style, low resolution, grainy, unrealistic skin, duplicated facial features""},""parameters"":{""style"":""photorealistic"",""resolution"":""4K"",""ratio"":""3:4"",""camera"":{""lens"":""portrait lens (50mm–85mm)"",""depth_of_field"":""shallow"",""focus"":""sharp focus on subject""},""lighting"":{""type"":""neon city lighting"",""contrast"":""high"",""color_palette"":[""red neon"",""yellow neon"",""cool blue/grey shadows""]}},""environment_details"":{""weather"":""light rain / drizzle"",""city_style"":[""Tokyo"",""Seoul"",""Hong Kong""],""foreground"":""poster-covered wall"",""background"":{""elements"":[""wet reflective street"",""cars with red brake lights"",""neon shop signs""],""depth"":""blurred bokeh""}},""subject"":{""gender"":""female"",""expression"":""dreamy, soft gaze upward"",""hair"":""wavy black, slightly damp"",""clothing"":""oversized slate grey/teal hoodie""}}",Image Generation / Neon City Night Portrait
"{""image_request"":{""style"":""Cinematic black and white noir portrait"",""subject"":{""description"":""Man"",""attire"":[""fedora"",""trench coat""]},""lighting"":[""sliced light from blinds"",""deep shadows""],""atmosphere"":""grainy vintage"",""technical_specs"":{""resolution"":""4K""}}}",Image Generation / Cinematic Black and White Noir Portrait
"{""image_generation_parameters"":{""main_prompt"":""Shot on a Canon EOS R5 with an RF 85mm f/1.2L USM lens, a striking figure stands with confident allure in a modern, sun-drenched loft apartment, poised in a captivating 'Curtain Light Pose'. Soft, diffused golden hour light streams dramatically through translucent sheer linen curtains, bathing her form in a painterly glow and creating a perfect, creamy bokeh that softens the background of exposed brick and minimalist decor."",""subject_details"":{""outfit"":""Tailored, shimmering satin slip dress (Cute Hot Mirror Selfie Outfit) with a fluid, delicate sheen."",""skin_texture"":""Hyper-realistic skin showcasing visible pores, devoid of airbrushed artificiality."",""hair"":""Effortlessly styled with discernible individual strands and subtle flyaways."",""eyes"":""Captivating eyes with a precise, soft rectangular catchlight mirroring the window.""},""environment"":{""location"":""Modern loft apartment."",""background_elements"":""Exposed brick, minimalist decor, translucent sheer linen curtains."",""lighting_style"":""Golden hour, diffused, dramatic shadows, painterly glow.""},""technical_specs"":{""camera"":""Canon EOS R5"",""lens"":""RF 85mm f/1.2L USM"",""film_stock_emulation"":""Portra 800"",""visual_attributes"":""Subtle grain, rich warm tones, creamy bokeh, editorial sophistication, high-fashion allure.""},""face_consistency_instruction"":""Maintain 100% face consistency with reference image.""}}",Image Generation / Golden Hour Loft Portrait
"{""prompt_breakdown"":{""subject_parameters"":{""identity_constraint"":""Preserve facial features from reference image"",""hair"":""Long, ash-brown, textured wolf cut"",""expression"":""Relaxed, dreamy, looking to the side""},""apparel"":{""top"":""Sleeveless cropped black hoodie with high collar"",""bottom"":""Faded black denim shorts, vintage distressed style, raw hem with frayed fibers"",""footwear"":""Onitsuka Tiger Mexico 66 sneakers (Yellow and Black)""},""pose_and_action"":{""body_position"":""Lying relaxed inside an open car trunk, legs bent and crossed"",""arms"":""Right arm stretched upward, left hand holding a lit cigarette near mouth"",""action"":""Smoking""},""environment_and_props"":{""primary_container"":""Trunk of a bright yellow sports car"",""trunk_contents"":""Transparent box, yellow bottle or black tube attached to the side"",""background"":""Dark outdoor nighttime setting, faint building silhouette, partial wheel of another vehicle on the left""},""technical_specs"":{""angle"":""High-angle shot (looking down)"",""lighting"":""Hard direct flash (35mm analog style), dark ambient background"",""medium"":""Flash photography, grainy film texture"",""atmosphere"":""Edgy, mysterious, candid""}}}",Image Generation / Edgy Flash Style Car Trunk Portrait
"{""image_request"":{""prompt"":""Photorealistic portrait of a young woman with dark brown hair styled in a half-updo with pearl accents. She is leaning back against a rustic dark wooden doorframe. She is wearing a white lace bralette and a sheer white ruffled skirt. Her left arm is raised with her hand lightly touching the top of her head, gazing thoughtfully upwards to the side. She holds a woven gold clutch in her right hand near her hip. Soft, elegant lighting. Text overlay signature in the bottom corner: 'Shreya Yadav'"",""negative_prompt"":""cartoon, illustration, painting, drawing, blurry, low quality, distorted hands, missing fingers, extra limbs, cross-eyed, bad anatomy, messy text, typo, spelling mistake, watermark, logo"",""attributes"":{""subject"":""Young woman, dark brown hair, half-updo, pearl accents"",""outfit"":""White lace bralette, sheer white ruffled skirt"",""accessories"":""Woven gold clutch"",""pose"":""Leaning back, left arm raised touching head, gazing upwards to side"",""setting"":""Rustic dark wooden doorframe"",""lighting"":""Soft, elegant"",""text_element"":{""content"":""Shreya Yadav"",""style"":""Signature"",""position"":""Bottom corner""}},""parameters"":{""aspect_ratio"":""9:16"",""style"":""Photorealistic"",""model_version"":""v6.0""}}}",Image Generation / Soft Elegant Fashion Portrait
"{""prompt_description"":""A cinematic, professionally photographed office scene featuring a confident young woman with long brown hair, sitting at a sleek, dark marble desk. She is wearing a tailored charcoal-gray suit jacket over a black blouse. The lighting is warm golden hour, pouring through tall office windows that offer a high-rise city view with buildings in the soft background. She is lightly interacting with an open silver laptop (MacBook Pro style) that shows a graph. A dark leather notebook and a stylish golden pen are neatly placed on the desk. The background features strong depth-of-field bokeh, with large, warm, circular light reflections (or orbs of light) adding a visionary, movie-like aesthetic. The camera angle is slightly low and empowering. The overall mood is inspiring, focused, and successful."",""style"":""Cinematic, Professional Photography, Golden Hour"",""subject"":""Confident woman in tailored suit"",""setting"":""Modern High-Rise Office, Sleek Desk"",""lighting"":""Warm Golden Hour Light, Bokeh Background"",""camera_angle"":""Slightly low, Empowering Perspective"",""mood_keywords"":[""Inspiring"",""Visionary"",""Success"",""Elegance"",""Focus""]}",Image Generation / Cinematic Office Environment Portrait
"{""description"":""A cute woman with rosy cheeks, sitting by a window on a snowy day, wearing a cream knit sweater and thigh-high socks. She is warmly hugging a large Doraemon plush toy with a red scarf around its neck. A hot chocolate mug sits beside her. The lighting is warm, soft, and cozy, creating an extremely heartwarming and photorealistic atmosphere in 8k resolution. Do not change the woman's face."",""signature"":""Shreya Yadav""}",Image Generation / Cozy Winter Window Portrait
"{""description"":""A full-body portrait of a young woman sitting on a white modern chair against a plain light gray studio background."",""style"":{""type"":""Hyper-realistic"",""resolution"":""Cinematic 8K Ultra-HD"",""lighting"":""Soft and even studio light""},""subject"":{""gender"":""Female"",""age_appearance"":""Young adult"",""hair"":{""length"":""Long"",""style"":""Wavy"",""color"":""Black""},""expression"":""Soft yet confident, looking directly at the camera."",""pose"":{""body_position"":""Sitting casually on a chair."",""hands"":""Both hands resting on the chin.""},""makeup"":""Natural and subtle""},""outfit"":{""top"":""White tank top"",""bottom"":""Blue denim cargo wide-leg jeans with pockets"",""outerwear"":""Blue denim jacket draped over shoulders"",""footwear"":""White sneakers""},""accessories"":[""Delicate earrings"",""Gold necklace"",""Watch""],""background"":{""type"":""Studio"",""color"":""Minimalistic light gray"",""feel"":""Simple and bright""}}",Image Generation / Hyper-Realistic Studio Full-Body Portrait
"{""subject"":{""description"":""A young woman in an HD editorial fashion portrait"",""age"":""young adult"",""expression"":""soft, warm, intimate expression"",""hair"":{""color"":""black"",""style"":""long layered cut with loose wind-blown strands and dark bangs under the headscarf""},""clothing"":{""top"":{""type"":""crochet oversized cardigan"",""color"":""cream, teal, magenta yellow"",""details"":""textured, cozy, fashion editorial style""},""headscarf"":{""type"":""crochet headscarf tied under the chin"",""color"":""cream, teal, lime green, magenta yellow"",""details"":""bright, patterned, summery""}},""face"":{""preserve_original"":true,""makeup"":{""cheeks"":""soft blush on cheeks and nose"",""lips"":""pink lips"",""eyebrows"":""soft natural eyebrows"",""overall"":""subtle and identical to reference""}}},""accessories"":{""sunglasses"":{""type"":""large square oversized sunglasses"",""frame"":""thick tortoise-shell"",""lens"":""amber-tinted"",""style"":""high-fashion""},""animal"":{""type"":""cat"",""description"":""fluffy orange cat relaxing on her shoulder""}},""photography"":{""camera_style"":""editorial fashion photography"",""lighting"":""intense backlit sunlight with flares, dreamy high-contrast summer aesthetic"",""angle"":""close-up portrait"",""shot_type"":""intimate, warm, photorealistic""},""background"":{""wall_color"":""bright blue sky"",""elements"":[],""atmosphere"":""vibrant, summery, high-contrast"",""lighting"":""strong natural sunlight""}}",Image Generation / Editorial Summer Fashion Portrait
"{""prompt"":""Hyper-realistic environmental portrait of a stylish young woman standing in a dense tropical bamboo forest. She is wearing a wide-brimmed black fedora hat, round dark sunglasses with thin metal frames, a plain black crew-neck t-shirt tucked in, and dark grey high-waisted trousers. She stands with a confident posture, leaning slightly forward, with her right hand resting naturally on a vertical green bamboo stalk. The lighting is soft and diffused with dappled sunlight filtering through the leaves, highlighting the texture of the bamboo and her clothing. The background features a deep cinematic depth of field (bokeh) with rich lush greens and tropical undergrowth. Shot on Sony A7R IV, 35mm lens at f/1.8, high contrast, matte finish, sharp focus on subject, 8k resolution."",""negative_prompt"":""cartoon, anime, 3d render, illustration, painting, low quality, blurry, distorted face, bad anatomy, extra fingers, missing limbs, text, watermark, neon colors, overexposed, harsh lighting, bright artificial light, makeup smudge, messy hair"",""metadata"":{""subject"":""Woman"",""hair_color"":""Brown"",""outfit"":[""Black wide-brimmed hat"",""Round sunglasses"",""Black T-shirt"",""Dark grey trousers"",""Black boots""],""environment"":""Bamboo forest"",""lighting"":""Natural soft daylight, dappled"",""camera_settings"":""35mm, f/1.8, Depth of Field"",""style"":""Cinematic, Minimalist, Photorealistic""}}",Image Generation / Cinematic Tropical Bamboo Forest Portrait
"{""prompt_structure"":{""subject_preservation"":{""face_and_body"":""Strict adherence to reference image facial features and body proportions"",""hair_modification"":""Original hairstyle retained but refined with enhanced soft volume, definition, and glossy shine""},""fashion_aesthetic"":{""style"":""Neoclassical High-Fashion"",""garment_details"":""Floor-length gown featuring structured architectural pleating mixed with ethereal fluid draping"",""accessories"":""Ornate metallic arm cuffs, structured bodice elements""},""composition_and_pose"":{""stance"":""Contrapposto alignment, standing slightly angled to the right"",""upper_body"":""Torso gently twisted toward camera, hands clasped low at the abdomen"",""head_position"":""Slight tilt to the left, chin defined"",""framing"":""Full-body portrait""},""environment"":{""setting"":""Minimalist studio space"",""props"":""Classical white marble statues positioned to create depth and architectural lines""},""lighting_and_mood"":{""lighting_setup"":""Sculptural studio lighting to define bone structure and fabric folds"",""mood"":""Ethereal yet commanding, serene, breathless""}}}",Image Generation / Neoclassical High-Fashion Studio Portrait
"{""description"":""A dramatic black-and-white close-up portrait of a woman standing in the rain."",""subject"":{""gender"":""female"",""pose"":""side profile, facing left"",""expression"":""calm and pensive"",""details"":{""hair"":""long, wavy, wet strands falling forward"",""skin"":""wet with visible raindrops"",""makeup"":""soft natural makeup with defined lashes"",""wardrobe"":""sleeveless top (minimal visible)""}},""environment"":{""weather"":""rainfall visible in the background"",""lighting"":""soft, moody, directional light creating gentle highlights and shadows"",""tone"":""dark, cinematic, high-contrast monochrome""},""composition"":{""shot_type"":""close-up portrait"",""focus"":""sharp focus on the woman's face"",""background"":""blurred, dark, deep bokeh""},""mood"":""dramatic, emotional, introspective""}",Image Generation / Dramatic Black and White Rain Portrait
"{""prompt"":""Hyper-realistic studio portrait of a young woman with long brown hair, seated in a dark brown or burgundy leather armchair. She is leaning slightly forward, resting her chin on her right hand. She is wearing a white collared blouse, partially unbuttoned, and a thick, patterned scarf draped around her neck, featuring shades of burgundy, navy, and silver/dark gray. The setting is sophisticated indoors with smooth, beige walls adorned with classic framed art pieces (golden frames visible). The lighting is soft golden-hour cinematic, casting a strong, warm light from the left side, creating highlights on her face and shoulder and long soft shadows. The overall aesthetic is warm, luxurious, and elegant, resembling a fashion editorial. Half-body shot, natural expression, natural skin texture, fine film grain, shallow depth of field with strong bokeh in the background."",""style_tags"":[""8k"",""cinematic lighting"",""photo realism"",""bokeh"",""studio portrait"",""fashion editorial"",""luxurious"",""elegant""],""camera_settings"":{""shot_type"":""half-body"",""depth_of_field"":""shallow"",""lighting"":""golden-hour cinematic, soft shadows"",""color_palette"":""warm tones""}}",Image Generation / Warm Elegant Fashion Editorial Portrait
"{""subject"":{""description"":""A young woman taking a mirror selfie with very long voluminous dark waves and soft wispy bangs"",""age"":""young adult"",""expression"":""confident and slightly playful"",""hair"":{""color"":""dark"",""style"":""very long, voluminous waves with soft wispy bangs""},""clothing"":{""top"":{""type"":""fitted cropped t-shirt"",""color"":""cream white"",""details"":""features a large cute anime-style cat face graphic with big blue eyes, whiskers, and a small pink mouth""}}},""face"":{""preserve_original"":true,""makeup"":""natural glam makeup with soft pink dewy blush and glossy red pouty lips""}}",Image Generation / Natural Glam Mirror Selfie Portrait
"{""title"":""Stylized Woman Portrait Against Scribbled Wall"",""description"":""A stylized, full-body portrait of a young woman with curly hair standing in profile against a wall covered in chaotic diagrams and handwritten text."",""subject"":{""type"":""Young woman "",""details"":{""body_position"":""Full-body, standing in profile, facing left"",""expression"":""Pensive, slightly upward gaze"",""skin_color"":""Dark skin tone"",""hair"":""Thick, unruly, voluminous curly hair cascading over shoulders"",""clothing"":""Loose oversized shirt with rolled sleeves, high-waisted trousers, casual but confident posture"",""build"":""Slender yet strong, natural and relaxed stance""}},""background"":""Dense chaotic wall covered in overlapping scribbled diagrams, mathematical equations, fragmented poetry, and handwritten notes in various inks"",""style"":""Stylized digital illustration, dramatic side lighting, high contrast, slight grain, cinematic color grading with muted earth tones and pops of warm amber"",""mood"":""Introspective, mysterious, intellectual intensity""}",Image Generation / Stylized Portrait
"{""description"":""A hyper-realistic, close-up portrait of a woman's face and upper body."",""requirements"":{""face_accuracy"":""The woman's face, eyes, and expression must be rendered exactly as they appear in the uploaded image, preserving all specific facial features and eye color without alteration."",""wardrobe"":{""outfit"":""A flowy, dark blue dress"",""details"":""Ruffled sleeves""},""background"":{""setting"":""Dark background"",""mood"":""Intimate, indoor atmosphere""}},""style"":{""rendering"":""Hyper-realistic"",""lighting"":""Soft, subtle indoor lighting emphasizing facial details""}}",Image Generation / Hyper-realistic Portrait
"{""art_metadata"":{""medium"":""Digital illustration"",""style"":[""Striking"",""High-contrast""]},""subject"":{""figure"":""Lone person"",""attire"":""Red hooded jacket"",""pose"":""Head tilted upwards"",""perspective"":""Low angle view""},""scene_elements"":{""dynamic_action"":{""description"":""Chaotic swirl of numerous black birds taking flight"",""interaction"":""Merging into a vibrant, intense red and orange glow""},""foreground"":""Lower part shrouded in dark, smoky shadows""},""lighting_and_atmosphere"":{""type"":""Dramatic"",""source"":""Powerful red backlight"",""effects"":""Illuminating birds and surrounding atmosphere"",""palette"":[""Intense Red"",""Vibrant Orange"",""Black"",""Smoky Dark Grey""]}}",Image Generation / Dramatic Illustration
"{""prompt_data"":{""description"":""Hyper-realistic 8K editorial frame, model sitting gracefully on rustic wooden fence, horse standing nearby grazing, ringlets hairstyle illuminated by dramatic sunset, warm light wrapping around silhouette, soft smile, thoughtful expression, sense of calm reflection, detailed texture of wood, fabric, and leather saddle, field background fading into golden haze, cinematic contrast and shadows, vibe nostalgic, gentle, romantic realism"",""parameters"":{""ar"":""3:4"",""style"":""photographic"",""lighting"":""cinematic"",""quality"":""2"",""version"":""6""},""signature"":{""text"":""Shreya Yadav"",""placement"":""Integrated into image""}}}",Image Generation / Photorealistic Editorial Portrait
"{""scene"":""Solitary person walking through a dense pine forest"",""description"":""Ultra-photorealistic 4K cinematic portrait of a person surrounded by thick rolling fog, captured in a three-quarter turn, mid-step, with a calm and slightly curious expression."",""subjects"":[{""type"":""human"",""description"":""A person wearing a dark moss-green wool overcoat that flows slightly with movement, a charcoal turtleneck, and a vintage leather satchel strap across the chest. Heavy boots show traces of wet soil and pine needles. Fine moisture beads on fabric and hair, droplets visible on eyelashes and brows."",""position"":""Center frame, slightly off to the left"",""pose"":""Walking slowly, one hand gently parting the fog or brushing a low pine branch in the foreground.""}],""environment"":{""location"":""Dense pine forest"",""props"":[""low pine branches"",""thick rolling fog""],""background"":""Tall pine trees fading into layers of mist.""},""visual_style"":{""style"":""hyper-real cinematic photography"",""mood"":""calm, alert, slightly curious"",""color_palette"":[""cool green"",""blue""],""lighting"":""Natural daylight filtering through the canopy, forming realistic volumetric god-rays.""},""camera"":{""angle"":""85mm lens with f/1.8 aperture, shallow depth of field"",""distance"":""Close-up on the subject, sharp focus on face and hand with background dissolving into soft bokeh.""},""technical"":{""resolution"":""3840 × 5760"",""quality"":""HDR lighting with global illumination, realistic volumetric fog scattering, and subtle analog film grain.""}}",Image Generation / Cinematic Photorealistic Portrait
"{""request"":{""type"":""image_generation"",""parameters"":{""dimensions"":{""width"":1024,""height"":1024,""aspect_ratio"":""1:1""},""format"":""jpg"",""count"":1},""content"":{""prompt"":""Close-up black and white portrait of a man with tousled hair and a rough beard, tilting his head slightly upward as light falls dramatically from above. His eyes remain in shadow, creating a mysterious, powerful silhouette-like mood with strong contrast."",""negative_prompt"":null}}}",Image Generation / Black and White Portrait
"{""description"":""A cinematic, ultra-realistic monochrome portrait of a young woman with expressive eyes and a calm, intense gaze."",""subject"":{""gender"":""female"",""appearance"":{""hair"":""short, dark, neatly styled"",""eyes"":""striking, reflective highlights, highly expressive"",""skin"":""fair complexion with subtle freckles and realistic texture"",""lips"":""softly defined, natural shape"",""expression"":""calm, intense, direct gaze""},""clothing"":{""outfit"":""black attire with a white textured collar creating strong contrast""}},""environment"":{""background"":""smooth monochrome gradient, minimalist, draws focus to the face""},""lighting"":{""style"":""soft but high-contrast monochrome lighting"",""details"":""gentle highlights on facial features, subtle shadow depth"",""effect"":""cinematic, clean, refined""},""camera"":{""type"":""close-up portrait"",""quality"":""ultra-realistic, high-resolution, fine tonal range"",""focus"":""sharp on eyes and facial details, smooth background gradient""},""aesthetic"":{""tone"":""minimalist, artistic, elegant"",""qualities"":""high texture detail, crisp monochrome rendering, premium realism""}}",Image Generation / Monochrome Portrait
"{""project_title"":""Cinematic_Motion_Blur_Editorial"",""user_signature"":""Shreya Yadav"",""generation_parameters"":{""positive_prompt"":""High-fashion cinematic editorial portrait, medium shot. A subject facing the camera caught in a chaotic windstorm on a metropolitan street. Hundreds of flying newspapers swirling in the air, debris, heavy horizontal motion blur on the background and papers to convey intense speed and wind. The subject is wearing a [INSERT_OUTFIT_DETAILS_HERE]. The face is kept in sharp focus with hyper-realistic skin texture and dramatic lighting, while the environment is blurred. Vogue aesthetic, 8k resolution, masterpiece, depth of field, freeze-frame action shot."",""negative_prompt"":""static, calm, still air, blurry face, distorted features, cartoon, illustration, 3d render, bad anatomy, watermark, low quality, noise, grain, ugly, deformed."",""face_restoration_settings"":{""enabled"":true,""method"":""Face Swap / IP-Adapter"",""strength"":1,""instruction"":""Preserve exact identity and facial features of the source photo.""},""text_overlay"":{""content"":""Shreya Yadav"",""font_style"":""Handwritten Signature Script"",""position"":""Bottom Right"",""color"":""#FFFFFF"",""opacity"":0.85},""technical_settings"":{""aspect_ratio"":""2:3"",""sampler"":""DPM++ 2M Karras"",""steps"":30,""cfg_scale"":7}}}",Image Generation / Cinematic Editorial Portrait
"{""Objective"":""Generate a structured JSON version of a cinematic portrait prompt describing a young man in a modern art gallery."",""Scene_Details"":{""Environment"":""Modern art gallery with polished concrete floors, soft reflected lighting, and blurred background figures observing artwork."",""Primary_Backdrop"":""Large abstract painting behind the subject."",""Atmosphere"":""Serene, refined, museum-like ambience with soft shadows and natural color tones.""},""Subject_Details"":{""Identity"":""Young man with the same face as the reference image."",""Pose_and_Expression"":""Standing casually with a calm, relaxed expression. Sharp facial details and natural skin texture emphasized."",""Wardrobe"":{""Outerwear"":""Black wool overcoat"",""Top"":""Light beige crew-neck sweater"",""Bottoms"":""Tailored black trousers"",""Accessories"":[""Thin silver bracelet"",""Simple ring""],""Aesthetic"":""Clean, minimalist style""}},""Photography_Style"":{""Camera_Type"":""Cinematic full-frame DSLR"",""Resolution"":""Ultra-detailed 8K"",""Lighting"":""Soft overhead gallery lighting with subtle soft shadows"",""Look_and_Feel"":[""High-end editorial realism"",""Hyper-realistic portraiture"",""Cinematic depth and clarity""],""Focus"":[""Sharp facial detail"",""Natural skin texture"",""Realistic color tones""]},""Rendering_Enhancements"":{""Quality"":""Ultra-detailed"",""Depth_of_Field"":""Shallow DOF with blurred gallery figures in background"",""Realism_Notes"":""No artificial over-smoothing; maintain authentic textures and lighting transitions.""}}",Text Generation / Structured Prompt JSON
"{""subject"":{""description"":""Bearded man with tousled hair"",""pose"":""Leaning on a railing, looking intensely to the right"",""attire"":{""clothing"":""Dark open-collared shirt"",""accessories"":[""Silver rings"",""Silver bracelet""]}},""environment"":{""setting"":""Urban"",""background"":""Dark, blurred""},""art_direction"":{""medium"":""Black and white photography"",""mood"":[""Gritty"",""Serious"",""Contemplative""],""style"":[""Photorealistic"",""Cinematic"",""High contrast""]},""technical_specs"":{""camera"":{""shot_size"":""Mid-shot"",""angle"":""Eye level""},""lighting"":[""Dramatic shadows"",""Moody lighting""]}}",Image Generation / Black and White Photography Portrait
"{""subject"":{""description"":""A young Asian woman seated in a cozy 1980s family kitchen, recreated in a photorealistic, cinematic style with strong nostalgic and melancholic tones."",""face_features"":""Keep her original face features exactly the same. Maintain 100% facial similarity to the reference photo."",""expression"":""A shy, soft smile while looking toward the camera."",""hair"":{""style"":""Long black hair reaching below the shoulders with extremely voluminous, soft bouncy waves."",""details"":""Subtle side part, sleek top (not puffy), both top sides neatly held with small hair clips."",""texture"":""Rich, wavy, and naturally full with 1980s softness.""},""pose"":""Sitting casually on a rattan chair, both elbows resting on the table, leaning slightly forward in a relaxed candid posture."",""outfit_description"":""A short-sleeve, fit-body rayon shirt with rolled sleeve edges, featuring purple floral patterns on a turquoise-green base.""},""outfit"":{""type"":""Vintage 1980s floral rayon shirt"",""color"":""Turquoise-green base with purple floral patterns"",""details"":{""style"":""Fit-body, soft rayon fabric"",""sleeves"":""Short sleeves with the edges rolled up"",""aesthetic"":""Warm, muted vintage tones with nostalgic pastel fade""}},""environment"":{""background"":""A warmly lit 1980s Indonesian family kitchen captured with soft analog focus."",""elements"":[""aged cream-painted teakwood walls"",""old family photos"",""a vintage wall clock"",""decorative wall flowers"",""black-painted wooden shelves with ceramics and 80s trinkets"",""a sewing table with its machine pushed against the wall"",""white lace curtains used as a room divider"",""an old CRT television with antenna""],""table_setup"":[""a warm cup of tea in a white ceramic cup with rose-motif saucer"",""a glass plate of assorted Indonesian traditional snacks"",""a glass jar filled with kerupuk""],""chair"":""A rattan chair with an olive-green floral cushion"",""lighting"":""Direct flash from an analog camera as the key light, mixed with warm yellow indoor lighting and slight window light.""},""aesthetic"":{""style"":""Photorealistic, cinematic, retro 1980s family candid photo"",""vibe"":""Warm, nostalgic, melancholic, cozy and intimate"",""film_look"":{""type"":""Old Kodak Gold film"",""qualities"":""authentic film grain (no digital noise), warm–faded tones, greenish-brown shadows, soft highlights, slightly muddy shadows, minimal depth of field like f/3.5–f/5.6"",""camera"":""80s film point-and-shoot / compact analog camera with direct flash""},""color_grade"":""Warm yellowish-purple mixed with soft brown and faded vintage pastel tones"",""print_detail"":""Handwritten black-marker note “15.10.88” in the bottom-right corner""}}",Image Generation / Vintage Style Photorealistic Portrait
"{""prompt"":""A woman leaning slightly toward a softly glowing vertical light bar, half of her face illuminated in a warm haze while the other half fades into a pitch-black background. Her posture is relaxed, her silhouette crisp and defined, creating a strong sense of contrast and depth. The scene has a modern noir aesthetic with minimal lighting and cinematic atmosphere. The composition emphasizes light and shadow interplay, evoking mystery and elegance."",""style"":""modern noir, cinematic lighting, photorealistic, high contrast"",""lighting"":""soft warm key light from a vertical light bar, pitch-black shadows on the opposite side"",""mood"":""mysterious, intimate, stylish"",""camera"":""mid-shot, side angle, shallow depth of field, high dynamic range"",""environment"":""dark minimalist studio setting with only one glowing light source""}",Image Generation / Modern Noir Portrait
"{
  ""image_generation"": {
    ""requirements"": {
      ""face_preservation"": {
        ""preserve_original"": true,
        ""accuracy_level"": ""100% identical to reference"",
        ""details"": [
          ""real facial proportions"",
          ""micro skin texture"",
          ""true eye shape and tone"",
          ""natural glam makeup""
        ]
      },
      ""pose"": {
        ""match_reference_pose"": true,
        ""description"": ""Straight-on portrait, slight chin lift, soft gaze.""
      },
      ""lighting"": {
        ""match_reference_lighting"": true,
        ""type"": ""soft neon mixed lighting"",
        ""direction"": ""from left pink neon and right blue neon"",
        ""shadows"": ""soft blended neon shadows"",
        ""background_tone"": ""dark cyberpunk urban blur""
      }
    },

    ""subject"": {
      ""gender"": ""female"",
      ""hairstyle"": {
        ""match_reference"": true,
        ""description"": ""same hairstyle as reference with slight neon reflections""
      },
      ""expression"": ""calm, focused"",
      ""clothing"": {
        ""top"": ""sleek black techwear hoodie"",
        ""accessory"": ""thin glowing blue choker""
      }
    },

    ""composition"": {
      ""frame"": ""head-and-shoulder portrait"",
      ""orientation"": ""frontal"",
      ""style"": ""hyper-realistic + cyber cartoon split""
    },

    ""special_effects"": {
      ""split_effect"": {
        ""type"": ""diagonal glitch tear",Text Generation / Structured Hyper-realistic Portrait Prompt
"{
  ""description"": ""A low-angle, full-body cinematic portrait."",
  ""subject"": {
    ""description"": ""A young woman (face identical to the reference photo)."",
    ""position"": ""Sitting directly on the hood of an old, rusty car."",
    ""gaze"": ""Gazes directly into the camera."",
    ""expression"": ""Serious, intense expression."",
    ""hands"": ""Rest on his knees or are clasped loosely in his lap."",
    ""legs"": ""Slightly apart, with his feet visible on the damp, oxidized surface of the car hood, above the windshield wipers.""
  },
  ""attire"": {
    ""style"": ""Dark, monochromatic street style."",
    ""jacket"": ""A black or charcoal zip-up or bomber jacket."",
    ""layering"": ""Layered over a light gray hoodie, the collar subtly visible beneath the jacket."",
    ""trousers"": ""Loose-fitting dark gray trousers."",
    ""footwear"": ""Dark sneakers.""
  },
  ""composition"": {
    ""shot_type"": ""Low-angle, full-body."",
    ""perspective"": ""Shot from a low perspective that makes the viewer look up at him."",
    ""framing"":",Image Generation / Cinematic Full-body Portrait
"{
  ""Objective"": ""Generate an 8K ultra-realistic hyper-detailed cinematic portrait based on the user's reference image."",
  ""Scene_Description"": {
    ""Environment"": {
      ""Setting"": ""Modern luxury office interior"",
      ""Props"": {
        ""Desk"": ""Elegant wooden desk"",
        ""Laptop"": ""Sleek modern laptop placed on the desk"",
        ""Plants"": ""Minimal premium indoor plants for aesthetic balance""
      },
      ""Atmosphere"": ""Premium, cinematic, high-end corporate style"",
      ""Lighting"": {
        ""Type"": ""Cinematic professional lighting setup"",
        ""Effects"": [
          ""Ultra-boost clarity"",
          ""Soft controlled highlights"",
          ""Sharp subject-background separation""
        ]
      }
    },
    ""Subject"": {
      ""Identity"": ""Maintain facial features consistent with the provided reference image"",
      ""Type"": ""Stylish man"",
      ""Pose"": {
        ""Stance"": ""Leaning casually on the wooden desk"",
        ""Expression"": ""Confident, composed, luxury-editorial attitude""
      },
      ""Appearance"": {
        ""Accessories"": [
          ""Blue sunglasses"",",Image Generation / Corporate Editorial Portrait
"{
  ""subject"": {
    ""type"": ""female_model"",
    ""ethnicity"": ""western"",
    ""hair"": {
      ""length"": ""long"",
      ""texture"": ""straight"",
      ""bangs"": ""wispy""
    },
    ""skin"": ""flawless"",
    ""tattoo"": {
      ""location"": ""upper left arm"",
      ""style"": ""fine-line floral tattoo"",
      ""visibility"": ""subtle but clear""
    }
  },
  ""pose"": {
    ""position"": ""reclining on the floor"",
    ""support"": ""elbow propping her head"",
    ""expression"": ""intense eye contact"",
    ""mood"": ""seductive high-fashion""
  },
  ""wardrobe"": {
    ""outfit"": ""deep wine-red semi-sheer halter dress"",
    ""details"": [
      ""intricate knit patterns"",
      ""revealing artistic cutouts"",
      ""luxury editorial vibe""
    ]
  },
  ""lighting"": {
    ""type"": ""soft Rembrandt lighting"",
    ""effect"": ""dimensional facial highlights""
  },
  ""camera"": {
    ""lens"": ""85mm"",
    ""depth_of_field"": ""shallow"",
    ""style"": ""hyperrealistic editorial shot""
  },
  ""environment"": {
    ""background"": {
      ""type"": ""stylized"",
      ""details"": ""sof",Image Generation / High-Fashion Editorial Portrait
"{
  ""image_description"": {
    ""overall_composition"": ""A moody, cinematic 2x2 collage featuring the same young woman"",
    ""subject"": {
      ""appearance"": {
        ""hair"": ""Short, tousled"",
        ""makeup"": ""Bold red lipstick"",
        ""style"": ""Striking, androgynous editorial look""
      },
      ""attire"": {
        ""suit"": ""Oversized black suit"",""shirt"": ""Loose white dress shirt with an open collar"",
        ""tie"": ""Patterned tie hanging untied around her neck""
      }
    },
    ""environment"": {
      ""setting"": ""Old stairway in a dimly lit interior"",
      ""lighting"": ""Warm, amber-toned lighting"",
      ""details"": [
        ""Worn black railings"",
        ""Textured walls"",
        ""Soft ambient glow""
      ]
    },
    ""frames"": {
      ""top_left"": {
        ""pose"": ""Sitting on the steps, leaning forward with chin resting on hand"",""lighting"": ""Warm low-key lighting"",
      ""texture"": ""Textured shadows, slight grain"",
      ""depth"": ""Cinematic depth"",
      ""aspect_ratio"": ""1:1 per frame, arranged in a 2x2 grid"",
      ""camera_settings"": {
        ""lens"": ""35mm"",
        ""aperture"": ""f/1.8"",
        ""iso"": ""400"",
        ""shutter_speed"": ""1/160s""
      },
      ""overall_look"": ""Moody editorial collage with vintage tones, expressive posing, and rich atmosphere""
    }
  }
}""pose"": ""Face slightly tilted toward the camera"",
        ""details"": [
          ""Red lipstick contrasting with the dark suit"",
          ""Hair falling freely across her cheeks""
        ]
      },
      ""bottom_right"": {
        ""pose"": ""Sitting with legs apart, elbow resting on knee, one hand lightly touching her lips"",
        ""expression"": ""Edgy, confident"",
        ""background"": ""Railings and background blur softly behind her""
      }
    },
    ""visual_style"": {""gaze"": ""Angled to the side"",
        ""lighting_effect"": ""Warm shadows sculpting her features and highlighting messy hair texture""
      },
      ""top_right"": {
        ""pose"": ""Gripping her hair with both hands, elbows wide, leaning forward with intensity"",
        ""lighting_effect"": ""Emphasizes her eyes and dramatic expression"",
        ""clothing_detail"": ""Suit drapes loosely around her""
      },
      ""bottom_left"": {
        ""perspective"": ""Close-up from a lower angle"",",Image Generation / Cinematic Editorial Collage Portrait
"{
  ""title"": ""High-Contrast Monochrome Side-Profile Rim-Lit Portrait (use user face reference)"",
  ""model"": ""stable-diffusion-xl-v1-0"", 
  ""size"": ""2048x3072"",
  ""reference_image"": ""face.jpg"",
  ""use_reference_for"": [""face"", ""hairstyle"", ""skin_tone"", ""facial_proportions""],
  ""prompt"": ""Use the provided face reference (preserve identity and same short hairstyle, no face-morphing). Create a stark, high-contrast black-and-white side-profile portrait (monochrome). Subject: gender-neutral / slightly masculine, short hair, clean profile, wearing a dark form-fitting turtleneck that disappears into pure black background. Composition: strict side-profile (face turned ~90° from camera) looking slightly upward and to the side, conveying contemplation/aspiration. Lighting: single extremely hard, concentrated light placed directly behind and slightly to the side of the subject to produce a very narrow, intense rim light that traces the head, jawline, brow, neck and arm — rim should be razor-sharp and bright white against a true black background; the rest of the face should remain in deep shadow with only the rim defining contours. Camera & technical: photorealistic, 85mm medium telephoto, shallow depth of field (tight head-and-shoulders crop), fine film grain, extremely high dynamic range (emphasize bright rim vs deep black), crisp detail at edges, subtle skin texture visible where rim light catches it. Mood & style: cinematic, minimalist, austere, dramatic. Preserve natural facial features, avoid stylization or exaggeration. Ensure the turtleneck blends into the background with no visible seams, and avoid visible props or background elements. Final output: black-and-white, high contrast, ultra-photorealistic, high-resolution."",
  ""negative_prompt"": ""no color, no makeup exaggeration, no glasses, no jewelry, no logos, no text, no watermark, no extra limbs, no face-morphing, no heavy retouching or plastic look, no smiling, no open mouth, no visible teeth, no background details, avoid painterly or illustrative styles, avoid soft or diffuse rim light (rim must be hard and narrow)."",
  ""sampling"": {
    ""sampler"": ""Euler a"",
    ""steps"": 28,
    ""cfg_scale"": 7.5,
    ""seed"": -1
  },
  ""postprocessing"": {
    ""convert_to_monochrome"": true,
    ""contrast_boost"": 1.4,
    ""sharpen_edges"": true,
    ""add_film_grain"": ""subtle""
  },
  ""safety"": {
    ""preserve_identity"": true,
    ""allow_face_reference"": true,
    ""consent_required"": ""user_provided_reference"",
    ""face_editing_rules"": ""do not alter identity, maintain hairstyle, no age or gender shifting beyond subtle photorealistic lighting effects""
  },
  ""notes_for_operator"": ""Attach the user's reference image as 'face.jpg' before running. Verify the generator uses the reference only for face & hairstyle; enforce strict negative prompts to prevent stylization or background artifacts. Output requested: one high-resolution PNG, monochrome.",Image Generation / Monochrome Rim-lit Portrait
"{
  ""title"": ""Evening Cityscape Portrait on a Bridge"",
  ""prompt_text"": ""A full-body portrait of a young adult female model standing on an ornate stone bridge railing at dusk. She has wavy, shoulder-length dark brown hair, styled with volume. Her makeup is glamorous with bold red lipstick and defined eyes. She is wearing a short, form-fitting black mini-dress with a slight ruching effect, and knee-high black boots. A delicate silver body chain is visible around her waist. The background features a European city at twilight, with a river reflecting the city lights, and elegantly lit historical buildings and bridges in the distance. The sky is a dramatic mix of deep blues, purples, and grays with visible clouds. Ultra-photorealistic, cinematic, high detail, atmospheric lighting."",
  ""negative_prompt"": ""blurry, low quality, deformed, disfigured, bad anatomy, cartoon, illustration, drawing, over-saturated, dull lighting, poor composition, watermark, signature, modern structures"",
  ""model_tags"": [
    ""Dusk Photography"",
    ""Cityscape Portrait"",
    ""Glamour Shot"",
    ""Street Photography (styled)""
  ],
  ""camera_and_composition"": {
    ""shot_type"": ""Full Body Shot"",
    ""angle"": ""Eye-level perspective with a slight upward tilt to capture the sky and background architecture."",
    ""framing"": ""Vertical orientation, subject positioned slightly to the left, following the rule of thirds, with the background cityscape filling the right side and upper half of the frame."",
    ""focal_length_mm"": 35,
    ""depth_of_field"": ""Moderate, ensuring both the subject and the immediate background (bridge, close city lights) are in focus, with a slight softness on the most distant elements."",
    ""implied_aperture"": ""f/4.0 - f/5.6""
  },
  ""lighting_and_atmosphere"": {
    ""lighting_type"": ""Natural ambient light (dusk) mixed with artificial city lights."",
    ""light_source_position"": ""Ambient twilight light from above and behind; warm artificial lights from the city architecture and bridge provide highlights."",
    ""shadow_detail"": ""Soft, diffused shadows appropriate for dusk, with brighter highlights on the subject's face and shoulders from ambient light and reflections."",
    ""color_grading"": ""Cool tones in the sky and water, warm golden tones from the city lights, creating a balanced and rich twilight palette.""
  },
  ""pose_and_expression"": {
    ""pose_key_points"": ""One hand gently touching her hair on the right side of her head; the other arm relaxed, resting on the bridge railing. Body slightly turned towards the camera, leaning against the railing."",
    ""expression"": ""Soft, direct gaze at the camera with a subtle, confident expression; slightly parted lips."",
    ""body_language"": ""Relaxed and elegant, showcasing the outfit and the scenic backdrop.""
  }",Image Generation / Evening Cityscape Fashion Portrait