prompts,Metadata / Instruction
"A cyberpunk female assassin stands in the pouring rain, gripping a glowing red katana as neon lights reflect off the wet pavement. Her slick, drenched black outfit clings to her form while her futuristic goggles emit intense red illumination, casting a sharp glow across her face. Strands of wet hair frame her cold, focused expression as she prepares for confrontation. Behind her, a blurred figure approaches through teal and crimson bokeh, heightening the tension. Ultra-realistic lighting, dramatic rain streaks, high-contrast cyber-noir atmosphere, deep shadows, reflective surfaces, cinematic composition.",Image Generation / Cyberpunk Character
"Create an ultra-cinematic, warm-toned beach scene at sunset. Center a young beautiful asian woman standing confidently at the shoreline, looking straight into the camera with a calm, almost mythic energy. She has wet, wavy hair from the ocean breeze and wears a black asymmetrical bikini top paired with a flowing black skirt featuring a high slit. Add an orange, semi-sheer, patterned cover-up that drapes lightly over her arms. Use soft gold jewelry, small earrings and layered pendants, including one large spiral pendant that sits at her chest.

Behind her, show a group of horses running along the edge of the water, their hooves splashing through the waves. Include a mix of dark brown and white horses to give the moment that wild, untamed energy. Let the waves roll in softly with foamy textures, catching the golden sunlight.

Use gentle film-grain, soft contrast, and warm highlights to make the whole scene feel dreamy, earthy, and slightly vintage. Keep the focus sharp on the woman, with the horses and ocean slightly softer to create depth. Aim for a blend of serene and powerful, like a fantasy moment rooted in real-world nature.",Image Generation / Cinematic Beach Scene
"A stylish urban fashion photograph showcasing a modern outfit with an oversized hoodie featuring a vibrant gradient of colors transitioning from orange to purple and green. The look is completed with high-waisted black cargo pants, adding a utilitarian feel, and classic white sneakers, contributing to a balanced streetwear aesthetic",Image Generation / Urban Fashion Photography
"Nighttime flash photo with Y2K aesthetic, red digital timestamp in corner. Young woman at a public payphone, face based on uploaded image, turning back toward camera with a detached look. Wearing corset top and loose cargo jeans, nands in back pockets. Strong flash contrast and blurred car lights in urban background, raw early-2000s paparazzi vibe.",Image Generation / Y2K Style Portrait
"A 64K DSLR shot resolution of an A young woman (same face as the uploaded image) sitting on the floor against a solid green background. She has a relaxed and friendly expression, with a slight smile. She is wearing a white short-sleeve button-up shirt over a green top, green pleated pants, and white Nike
sneakers with green accents. She has white Nike crew socks with a black swoosh logo. She is accessorized with a colorful, patterned headscarf tied around her head, with some hair framing her face. Her pose is casual, with one arm resting on her knee and the other hand loosely clasped around her ankle. Her overall appearance exudes a stylish, sporty, and relaxed vibe. Octane render & Unreal Engine 5.",Image Generation / Ultra-realistic Portrait
"Uploaded Image with short curly hair, stubble, and a bright smile is taking a selfie in a well-lit living room. He is wearing a turquoise t-shirt and holding the camera slightly above eye level, creating a wide-angle effect. Surrounding him are several colorful cartoon and anime characters from different universes, drawn in distinct animation styles: a blue robotic cat, a yellow-haired ninja, a tall grey cat and a small orange cat, a nervous-looking slender man in a suit, a red-capped young anime trainer, and other expressive characters. They crowd around him enthusiastically, interacting with each other and reacting to the selfie. The characters are integrated convincingly into the real space, casting soft shadows on the furniture. Background shows a bright window with cream curtains and soft indoor lighting. The overall vibe is fun, chaotic, and energetic, with crisp detail and vibrant colors",Image Generation / Mixed Reality Selfie with Cartoon Characters
A high-quality photorealistic portrait of a young woman sitting on the edge of a swimming pool on a sunny day. She has voluminous long wavy hair styled with a white flower hair clip on one side. She is wearing a vintage-inspired matching two-piece set: a white sleeveless crop top with a delicate sky blue floral print and a prominent sky blue collar with a bow and a matching mini skirt. She is looking directly at the camera with a soft expression. The background features bright blue shimmering pool water and blurred tropical greenery. The lighting is bright and natural highlighting the details of her outfit and hair. 8k resolution cinematic lighting.,Image Generation / Photorealistic Outdoor Portrait
,
"A detailed gashapon capsule diorama held between fingers, featuring Cristiano Ronaldo in his iconic “Siuuu” celebration pose. Inside: he’s wearing a crisp Portugal kit, with realistic folds, studs, and cleats. The background shows a miniature stadium with blurred cheering fans and stadium lights. The capsule has a transparent dome and a bold deep-green base decorated with subtle patterns of footballs and Portuguese motifs. The base is labeled “CRISTIANO RONALDO” in athletic bold typography. Photorealistic detail, dramatic spotlight lighting, soft bokeh, square 1080x1080.",Image Generation / Sports Figurine Diorama
"xtreme wet close-up portrait. Young woman's face in profile (use uploaded pictures for proper reference) Dark wet hair naturally glued to the skin. Fine droplets of water and thin sweat glistening realistically on her face. Focus on bright natural green/hazel eyes with realistic reflection avoid excessive shine. Moist and shiny lips, soft natural texture. Soft lighting and cool shades with a light grey/white bokeh background colour. Keep same facial features.",Image Generation / Close-up Wet Portrait
"Ultra-realistic cinematic portrait of a young woman, standing outdoors in a quiet after-evening blue hour. She has a gentle, pensive expression, looking off to the side. She is wearing stylish, light-rimmed circular glasses, a black turtleneck or fitted shirt, and a dark grey charcoal overcoat/jacket draped over her shoulders. A black smartwatch is visible on her left wrist, and her hands are clasped gently in front of her. She has textured, dark, wavy hair, styled partly up with some strands framing her face.
​Shot on a DSLR with an 85mm lens (or similar) for a shallow depth of field. Features HDR lighting with a strong, warm, orange-toned dapple backlight illuminating her hair and shoulder, contrasting sharply with the soft blue ambient light of the background. The scene includes dreamy, dramatic bokeh from distant lights, a subtle lens flare (a faint horizontal light streak near the left), high-contrast shadows, and a subtle atmospheric haze. The overall mood is poetic, dreamy, and romantic, with an ultra-clean, professional Photoshop-quality finish.",Image Generation / Cinematic Outdoor Portrait
"A young man with dark hair (keep the exact face and skin tone with sharp features) wearing a black hoodie sits in a rustic wooden booth, staring intensely at the camera with one hand supporting his chin and the other reaching forward as if performing telekinesis. Dozens of playing cards float around him in mid-air, captured in dynamic slow motion with subtle motion blur. The background features vertical wooden panels and a framed photo of a man playing cards",Image Generation / Magical Realism Portrait
"Create a drawing from this photo without changing the face.
Subject: Woman with ash brown hair, wolf cut. Wearing the outfit shown in the second image. White sneakers. Small, cat-eye sunglasses.
Position: The subject is sitting leaning against the threshold of a building entrance, with her legs stretched loosely in front of her. She rests her left elbow on her knee and supports her head with it. Her right hand is tucked into her pants pocket. Her expression is defiant, as she sticks out her tongue.
Angle & Distortion: The image is taken from a high angle, looking down at the seated subject, with the focus on her and her legs extending into the foreground. There is slight fish-eye or wide-angle lens distortion still visible in the lower corners of the frame.
Background: The subject is sitting on the threshold of a wooden entrance with vertical panels. Behind her is a cylindrical metal trash can. Dark gray walls, a white outdoor-style metal chair, and a potted plant.  The subject is sitting on a raised gray terrace floor, with her legs stretched out onto an area covered with gray gravel and metal grating to the left.
Lighting: Dark. The only light source is the flash of a 35mm analog camera shooting in the darkness. The flash is focused on the subject",Image Generation / Stylized Drawing from Photo
"Create a clean 45° isometric miniature diorama scene of [LOCATION], designed like a premium weather-card. Use high-fidelity 3D modeling, soft PBR materials, crisp global illumination, and a minimal solid background. Display the location name at the top with modern, bold typography, plus a weather icon, temperature, and date. Make the environment packed with small storytelling details that match the climate and vibe of the place, atmospheric effects, structures, natural elements, tiny props, and subtle shadows. Keep everything polished, coherent, and visually satisfying.",3D Rendering / Isometric Miniature Diorama
"Hyper-detailed, ultra-realistic illustration of an owl emerging from dense jungle foliage. The owl has glowing amber eyes, sharp intricate feather textures, and an intense forward gaze. Surrounding leaves are stylized in deep blacks and greys with bright orange accents that create a dramatic contrast. Close-up composition with the owl partially hidden between the foliage. Cinematic lighting, high contrast shadows, surreal orange–black color palette, moody atmosphere, fantasy wildlife art, extremely sharp details, 8K quality.",Illustration / Fantasy Wildlife
"A cozy indoor portrait of a young woman sitting on a sofa, wearing a loose, off-shoulder knitted sweater. She is quietly reading a book while blowing a small pink bubble with chewing gum. Her hair is tied in a relaxed messy bun, and a warm lamp in the background casts soft golden light, creating a gentle, intimate evening atmosphere. The mood is calm, natural, and candid, with shallow depth of field and soft shadows.",Image Generation / Cozy Indoor Portrait
"Create a realistic portrait image of a young woman (face 100% identical to the original attached image) Asian fashion of a slender young woman. She wears a thick green knit crop top with a Christmas reindeer toy attached, white jeans, standing in front of a Christmas candy shop with various Christmas treats such as Santa cake, bear donuts with hats, reindeer, arranged beautifully on wooden shelves and wiker baskets, decorated with Christmas decorations, pine tree with lights, natural light shining on her face and outfit, bright and warm, soft atmosphere, face with red tone makeup, red lips, good figure, beautiful waist, and clear proportions..",Image Generation / Festive Fashion Portrait
"Act as an expert photo restorer and process this image of [INSERT DESCRIPTION OF PHOTO] to a pristine 4K resolution. Aggressively remove all physical defects including scratches, dust specs, fold lines, and tear marks while simultaneously performing deep noise reduction. Correct color fading, neutralize yellow/sepia aging tints, and balance the exposure to look like modern high-dynamic-range photography. Critically enhance facial details by sharpening eyes and reconstructing skin texture without over-smoothing or creating a 'waxy' plastic effect, ensuring the final output is photorealistic, high-fidelity, and archival quality.",Image Editing / Photo Restoration
"Using my reference image. DO NOT CHANGE THE FACE. keep all facial features exactly the same. Create a highly detailed, festive nighttime scene at a Disney theme park during Christmas season. A young woman stands in the foreground, centered in the frame. She wears red fluffy earmuffs, a green fuzzy jacket embroidered with multiple smiling Mickey Mouse faces, a black crop top revealing a subtle navel piercing, high-waisted light blue jeans with a black belt, and carries a small red crossbody purse with gold hardware. In her left hand, she holds a plush Minnie Mouse doll dressed in a red Santa outfit with white trim and a green scarf, while making a playful peace sign near her face and puckering her lips in a cute kiss pose. A delicate gold necklace with a small pendant adorns her neck. The shot is an eye-level, straight-on medium portrait from the waist up, captured with a Fujifilm professional camera, using shallow depth of field to keep her in perfect focus while softly blurring the background. Behind her, a classic green lamppost wrapped in Christmas garland, twinkling warm white lights, red ribbons, gold ornaments, and red baubles decorates the scene. To the right, a glowing carousel with a white canopy and colorful string lights illuminates the festive night. The ground is paved brick, and distant bokeh lights from park attractions create a magical atmosphere. The overall mood is joyful, whimsical, and full of holiday spirit — vibrant colors, warm golden lighting, cinematic composition, photorealistic style, and 8K ultra-HD quality.",Image Generation / Festive Theme Park Portrait
"Ultra-realistic scene in a modern corporate conference room, 16:9. A large wall-mounted glass board is the focal point, covered in deep cobalt-blue marker in natural human handwriting. A presenter stands beside the board, mid-gesture, explaining the content to a group of professionals seated around a sleek conference table, all facing the board and paying close attention.

Text and diagrams are clearly handwritten: bold all-caps headings, slightly imperfect; italic subheadings; smaller, neat notes; arrows and icons with slight wobble and pressure variation. The blue ink looks convincingly real with darker edges, subtle streaks, glossy reflections, and tiny smudges at stroke ends.

Topic on the board: THE FUTURE OF AI IN HEALTHCARE, divided into three hand-drawn clusters (DIAGNOSTICS, TREATMENT, PATIENT CARE) with sketched icons, a rough bar chart, and a circular mini-timeline. Glass shows reflections of room lights and attendees, background with windows and city hints, cinematic, premium office lighting, 8K",Image Generation / Corporate Office Scene
"Generate a hyperrealistic realistic-anime portrait of a female character 
standing in a completely black background.
Lighting: use a **narrow beam spotlight** focused only on the center of the face. 
The edges of the light must be sharp and dramatic. 
All areas outside the spotlight should fall quickly into deep darkness 
(high falloff shadow), almost blending into the black background. 
Not soft lighting.
Hair: long dark hair with some strands falling over the face. The lower parts of the hair should fade into the shadows.
Pose: one hand raised gently to the lips in a shy, hesitant gesture. 
Eyes looking directly at the camera with a mysterious mood.
Clothing: black long-sleeve knit sweater; 
the sweater and body should mostly disappear into the darkness with minimal detail.
Overall tone: dark, moody, dramatic, mysterious. 
High-contrast only in the lit portion of the face. 
Everything outside the spotlight should be nearly invisible.",Image Generation / Dramatic Anime-style Portrait
"3D chibi-style miniature concept store of {Brand Name}, creatively designed with an exterior inspired by the brand's most iconic product or packaging (such as a giant {brand's core product, e.g., chicken bucket/hamburger/donut/roast duck}). The store features two floors with large glass windows clearly showcasing the cozy and finely decorated interior: {brand's primary color}-themed decor, warm lighting, and busy staff dressed in outfits matching the brand. Adorable tiny figures stroll or sit along the street, surrounded by benches, street lamps, and potted plants, creating a charming urban scene. Rendered in a miniature cityscape style using Cinema 4D, with a blind-box toy aesthetic, rich in details and realism, and bathed in soft lighting that evokes a relaxing afternoon atmosphere. --ar 2:3

Brand name: Starbucks",3D Rendering / Chibi-style Brand Store
"A close-up, euphoric concert photograph taken from the front row captures a world-famous pop icon in her 30s radiant on a glittering arena stage. She has wavy blonde hair, red lipstick, and is wearing a sparkling silver sequined bodysuit, passionately playing a rhinestone-covered acoustic guitar. Stage lights create flares and reflect in her eyes as confetti rains down around her. The background is filled with multi-colored strobes, smoke, pyrotechnics, and the depth of thousands of adoring fans celebrating.",Image Generation / Concert Photography
"Create a portrait From a 100% reference image, it is a close-up of a movie. A modern young woman is in an art cafe, holding a large bouquet of white flowers. A beautiful woman in a Korean fashion style outfit, a white top with puff sleeves and a black pleated A-line long skirt, fits her figure. Cleavage is hide. The natural light is soft yellow. The background is a dark and dim cafe, showing white round light balls and a distinct film grain. She has long black ""butterfly cut"" hair, layered to fit her face and with a lot of volume, slightly messy, with some strands obscuring some of her face. The camera is a Fuji film Pro 400H with an old lens filter. The natural light is soft yellow.",Image Generation / Fashion Portrait in Cafe
"Edit this photo without changing her face 100% to reveal a woman with an oval face and ideal body, not skinny. 

She wears a ivory roundneck fitted top with channel emblem in the center, giving a chic look, as the outer is a oversize jeans jacket with subtle  channel as well. 
She wore a gold ring from the brand Channel and a gold stack necklace styled with long Channel pearls. She also wore nude-and-pink nail art with ballerina nails, and small Channel earing. 

She has clear white skin with pinkish tone blush on her cheeks. 
Her skin looks healthy and glowing.
She has light blue eyes with a thin liner, curly and defined eyelashes (wispy/manga lashes), and feathery eyebrows.
Focus on a natural blush to create a subtle rosy look.
Soft pink gloss applied in the center of her lips (with a slight gradient), giving the impression of healthy, plump lips.
Her shiny, healthy ash brown waist-length hair, was thick and loose curls giving effortless look, the hair is styled high ponytails with curtain bangs, with the wind blowing through her hair.

A selfie (from the waist up). Her head is tilted slightly to the side (head tilt), creating a chic yet elegant look. She gaze directly into the camera.
This photo exudes a feminine and sensual yet cool aura.
The background is slightly blurred (out of focus), She is in the driver seat in the tesla car white expensive looking interior with sunroof showing a gloomy morning with a natural sunlight accross the face 

Sensual an sultry pose. Staring intently at the camera,",Image Editing / Fashion Selfie Enhancement
"Create a portrait of a teenage girl with long, soft, wavy dark brown hair, with a Sanrio Kuromi hair clip. She is wearing a dark grey spaghetti strap crop top, with a silver chain waist belt with dangling moon charms to add to her allure, and a clear, shapely waistline. Her skin is fair with a rosy glow, smooth, and slightly pink toned. Her eyes are bright, with blue-grey contact .lenseslenses. She has light pink makeup, long eyelashes, thin andis taken with a Canon IXY/IXUS camera, with a strong flash on the front of her face, creating a Y2K Digital Aesthetic / Cyber Ulzzang / Retro Japan–Korea look (a reflection in the mirror shows another woman's hand taking the photo of the model). The flash is bright white, making her skin look radiant, shiny, and bright with high contrast, and a slight cool blue tone, giving a mysterious yet sharp atmosphere, similar to early 2000s digital photographs Please keep my face 100% the same, do not Change any facial details",Image Generation / Y2K Style Portrait with Accessories
"A small garden bench nestled among tall, rust-colored hollyhocks and fallen leaves. A curious badger sniffs around the base of the bench, while warm afternoon light filters through the golden foliage. Rendered in soft watercolor style with rich autumn tones, gentle textures, and a calm, heartwarming mood.",Illustration / Watercolor Garden Scene
"[Project_Settings]
Title=Studio_Portrait_Sequin_Dress
Resolution_Width=1200
Resolution_Height=1200
Aspect_Ratio=1:1

[Subject]
Description=Stunning woman
Body_Type=Slim, curvy hourglass figure
Pose=Standing, one hand on hip, one hand relaxed, leaning slightly forward
Expression=Seductive, confident
Hair=Long dark hair, falling naturally around shoulders

[Facial_Features]
Eyes=Sultry smoky makeup
Lips=Glossy, slightly parted
Skin=Ultra-detailed texture

[Attire]
Dress_Style=Deep-V halter dress
Material=Shimmering black sequins
Fit=Tight, body-hugging

[Environment_and_Lighting]
Location=Dark studio
Lighting_Style=Dramatic, cool-toned
Highlights=Soft, highlighting skin
Atmosphere=Sensual, intimate

[Render_Quality]
Style=Fashion editorial photography
Quality_Tags=Lifelike lighting, 8k realism, ultra-detailed",3D Rendering / Fashion Studio Portrait
"infographic for a fighting game showing the complete moveset of an AI-powered fighter inspired by the man in the photo. Each panel shows a stylized action pose with move names like “Data Slice”, “Neural Burst”, “Pixel Uppercut”, “Prompt Overdrive”. Comic-style layout, neon cyan and magenta highlights, black digital background. Top title: “MOVELIST  : The AI Master”. Add dynamic holographic energy lines, circuit patterns, and clean arrow/button inputs for each attack: ↓↘→+P, →→+K, ↓↙←+P, etc. Style inspired by arcade fighting-game manuals and anime action posters.",Infographic Generation / Fighting Game Moveset
"A stylish young woman standing against a plain solid wall, dressed in a tailored black striped waistcoat and matching trousers, hands in pockets. She has voluminous wavy brown hair styled in soft curls, gently blown by the wind. Dramatic deep shadows fall across the wall, creating a mysterious cinematic look. The photo has a grainy retro film effect, with high contrast lighting, romantic 90s aesthetic, Pinterest-inspired editorial fashion shoot, moody yet glamorous atmosphere",Image Generation / Editorial Fashion Portrait
"Create an Ultra-realistic 8k portrait, standing against a deep red background. She has sharp facial features, messy styled dark hair, and a confident, slightly intense expression. She is wearing a black suits jacket over a white shirt with the collar slightly open paired with a net red stripped tie]- Unlimited Free :Dramatic red and black lighting highlights the contour of her face, jawline, and neck creating a cinematic powerful and moody atmosphere. Please do not alter facial features and leave head positioning as is.",Image Generation / Ultra-realistic Portrait with Dramatic Lighting
"Create this photo into a photorealistic image with a strong nostalgic and melancholic atmosphere, without altering the face in any way (maintain 100% likeness to the reference photo). The subject is a young Asian woman with an ideal figure, styled with a distinctly 1980s aesthetic. She is sitting casually on a floral-patterned rattan chair. She wears a mustard-yellow blouse with fine checkered patterns and dramatic balloon sleeves that give a glamorous, vintage feel. She pairs it with a black satin skirt featuring delicate pleated textures and raised floral motifs. Her thick black hair is left down—naturally wavy, long, and voluminous in true 80s fashion. Her bangs are styled transparently and swept to the right. She sits in a relaxed, slightly reclined position, leaning a bit to the right. Her legs are crossed, and her left hand rests on her thigh, adding a candid, unposed impression. The background is an old-fashioned living room with a minimalist arrangement: aged cream walls decorated with a landscape-style painting typical of the 80s and several family photos; vintage items such as a CRT television, a rattan table with a white ceramic vase of flowers, and an old-school biscuit tin. The floor is covered with yellowish-brown ceramic tiles in a retro pattern. The moment is captured with a 1980s analog point-and-shoot camera, producing warm-faded analog tones with internal flash: strong highlights on the face, soft contrast, dense/sharp subject shadows, and a darker background—especially around the frame edges. The image has soft sharpness, natural film grain, light vignetting, and slight overexposure on the clothing. Low contrast with slightly muted saturation. Fine grain indicates it’s a scanned analog film photo or a retro-style filter. Overall mood: vintage glam, rebellious, artsy, and casual. Add old-photo aging effects: a bluish-magenta color fade, thin white lines along the edges typical of old film, subtle horizontal scratches like worn folded paper, a faint orange burn effect around the borders, and handwritten cursive text made with a faded black marker: Nov 1988.",Image Editing / Nostalgic 1980s Photorealistic Portrait
"Chiaroscuro is an artistic technique using strong light-dark contrasts to create depth and volume in two-dimensional works. The Italian term means “light-dark.” While used throughout art history, it became especially prominent during the Renaissance and Baroque periods in works by Caravaggio, Rembrandt, and Leonardo da Vinci, who employed it for dramatic effect and atmosphere.",Text Explanation / Art Technique Description
"Design a high-fashion magazine cover from the year 2099 titled ""VOGUE NEON"". The model is a gender-fluid humanoid with bioluminescent skin, wearing an outfit made of programmable fabric that shifts patterns. The background is a clean, glossy white studio with floating AR interface elements. Use sleek typography, QR-style elements, and a minimal layout. Add fake barcodes and futuristic headlines.",Image Generation / Futuristic Fashion Magazine Cover
"Show the behind the scenes view of this movie set of this exact scene. Keeping the characters in position, but showing the technical equipment, lighting, and ambient motion of the crew. Denoise and crisp the image.",Image Editing / Movie Set Behind-the-Scenes
"Use the uploaded photo as the face reference for both the large painted portrait in the background and the full-body woman in the foreground. Create a stylish cinematic scene with a woman sitting confidently on the table in her personal luxury office room. She wears a loose pastel-toned dress or an oversized soft-colored suit, blending elegance and subtle boldnessThe background features a huge artistic portrait of the same woman, painted with expressive pastel brushstrokes — pink, peach, beige — dynamic, sweeping strokes that create movement. Soft daylight, fashion-editorial mood, clean composition..",Image Generation / Cinematic Office Portrait
"A romantic couple enjoys a scenic coastal drive on a vintage scooter during sunset. The man, dressed in a light shirt and dark pants, confidently steers the scooter, while the woman, in a flowing dress and sunglasses, rides behind him, her hair gently blowing in the wind. The warm orange glow of the setting sun illuminates the sky and reflects on the calm sea, creating a serene backdrop for the winding road. The image captures a sense of freedom, adventure, and idyllic romance against a beautiful natural landscape, with the golden hour light enhancing the overall nostalgic and dreamlike atmosphere.",Image Generation / Romantic Coastal Scene
"Prompt for Gemini nano banana pro:

Using my reference image. DO NOT CHANGE THE FACE — keep all facial features exactly the same. Create a highly detailed, festive nighttime scene at a Disney theme park during Christmas season. A young woman stands in the foreground, centered in the frame. She wears red fluffy earmuffs, a green fuzzy jacket embroidered with multiple smiling Mickey Mouse faces, a black crop top revealing a subtle navel piercing, high-waisted light blue jeans with a black belt, and carries a small red crossbody purse with gold hardware. In her left hand, she holds a plush Minnie Mouse doll dressed in a red Santa outfit with white trim and a green scarf, while making a playful peace sign near her face and puckering her lips in a cute kiss pose. A delicate gold necklace with a small pendant adorns her neck.

The shot is an eye-level, straight-on medium portrait from the waist up, captured with a Fujifilm professional camera, using shallow depth of field to keep her in perfect focus while softly blurring the background. Behind her, a classic green lamppost wrapped in Christmas garland, twinkling warm white lights, red ribbons, gold ornaments, and red baubles decorates the scene. To the right, a glowing carousel with a white canopy and colorful string lights illuminates the festive night. The ground is paved brick, and distant bokeh lights from park attractions create a magical atmosphere.

The overall mood is joyful, whimsical, and full of holiday spirit — vibrant colors, warm golden lighting, cinematic composition, photorealistic style, and 8K ultra-HD quality.",Image Generation / Festive Theme Park Portrait
"“A full-body portrait of a stunning white-skinned young woman posing confidently on a luxury beach-club dance floor at night. She has a bold, hot, high-energy vibe as she stands in a dynamic dance pose—one leg slightly forward, hips angled, body arched naturally, and one hand lifted above her head while the other rests on her waist, giving a sensual but classy silhouette.
She wears a sleek, body-hugging nightlife outfit (silky mini dress or stylish glitter top with fitted skirt), reflecting neon lights beautifully. Her fair skin glows under vibrant pink, purple, and electric-blue club lighting. Her long wavy hair moves slightly with the breeze and dance motion, creating a lively, energetic mood.The dance floor is surrounded by neon strips, glowing palm trees, laser lights, soft bokeh highlights, and silhouettes of stylish party-goers blurred in the background. The ocean waves reflect the colorful lights behind her.
Cinematic nightlife atmosphere, ultra-sharp details, glossy highlights on skin, dynamic shadows, and a premium editorial fashion vibe with a hot, confident, nightlife pose.”",Image Generation / Nightlife Dance Floor Portrait
"A mysterious woman stands alone in a vast golden desert at sunset, dressed in flowing dark robes embroidered with subtle patterns. Her headscarf and veil trail dramatically in the wind, framing her intense, captivating gaze. Soft warm light highlights the dunes behind her, creating long shadows and a cinematic atmosphere. The scene feels ancient, powerful, and serene, blending elegance with the harsh beauty of the desert. Hyper-realistic, high-detail, 4K portrait with rich textures and natural lighting.",Image Generation / Desert Portrait with Cinematic Lighting
"A professional, high-resolution profile photo, maintaining the exact facial structure, identity, and key features of the person in the input image. The subject is framed from the chest up, with ample headroom. The person looks directly at the camera. They are styled for a professional photo studio shoot, wearing a premium smart casual blazer in a subtle charcoal gray. The background is a solid '#562226' neutral studio color. Shot from a high angle with bright and airy soft, diffused studio lighting, gently illuminating the face and creating a subtle catchlight in the eyes, conveying a sense of clarity. Captured on an 85mm f/1.8 lens with a shallow depth of field, exquisite focus on the eyes, and beautiful, soft bokeh. Observe crisp detail on the fabric texture of the blazer, individual strands of hair, and natural, realistic skin texture. The atmosphere exudes confidence, professionalism, and approachability. Clean and bright cinematic color grading with subtle warmth and balanced tones, ensuring a polished and contemporary feel.",Image Generation / Professional Portrait
"Soft-lit but dark 90s portrait, Dutch angle, a 23-year-old woman standing under dense trees, lifting her camera toward a dim break in the canopy. Oversized flannel layered with a dark jacket, hair falling forward in shadows. Muted warm highlights against deep cool greens, heavy grain in low light, quiet and moody forest atmosphere.keep 100% same face expression with 4k resolution",Image Generation / Moody 90s Portrait
"A minimal sunlit wall. Sharp, elongated shadow of a human hand holding the exact product from the uploaded image. Recreate the product’s silhouette precisely in the shadow, accurate bottle shape, cap, edges, proportions. Project the product’s real label text (taken from the uploaded image) onto the shadow in clean, crisp white typography, perfectly matching placement, spacing, and size.Warm afternoon sunlight, soft grain, smooth beige wall texture. Ultra-minimal, high-end skincare aesthetic. No extra objects, no color except the natural wall tone. Artistic shadow-play composition, subtle dreamy atmosphere, natural imperfections on the wall, gently diffused light",Image Generation / Artistic Product Shadow Composition
"A rugged, intense close-up portrait of a middle-aged man with a textured beard and slightly long, messy hair falling across his face. He wears dark sunglasses with green-tinted lenses that reflect subtle light, enhancing the mysterious, cinematic mood. The lighting is dramatic and low-key, highlighting the deep lines on his skin, the texture of his beard, and the contours of his face. His expression is serious and brooding, with a shadowy background that adds depth and grit. Hyper-realistic, ultra-detailed, 8K quality with strong contrast and moody tones.",Image Generation / Rugged Cinematic Portrait
"A vintage-style cinematic close-up portrait of a young Asian woman. She has short, wavy black hair in a messy bob. She is wearing an ivory crochet or macramé camisole top with fringe hanging down her chest.

The woman is looking at the camera. The lighting is dramatic and harsh, creating dark, artistic shadows across her face, neck, and shoulders.

The background appears to be a wall decorated with a colorful Japanese-style painting or poster featuring a large white lucky cat (Maneki-neko) and a pattern of red autumn maple leaves. The overall image has a film grain, rich yet slightly faded color saturation, a 90s aesthetic or the style of a Wong Kar-wai film.",Image Generation / Vintage Cinematic Portrait
"Reference image: uploaded photo Face: keep the same face from the reference image. Pose: model standing with left arm resting on railing, holding cup of coffee, body slightly leaned to side, looking away. Clothes: fluffy white faux-fur coat, tight black leggings.

Accessories:transparent rectangular sunglasses.

Background: snowy mountain terrace, heavy snow on railings, forest in background. Lighting: cold daylight softened by fog, natural reflections on glass. Camera: 50mm f/2.0, natural cinematic winter tone. Mood: luxury après-ski, calm sophistication. Format:
portrait 2:3.",Image Generation / Winter Luxury Fashion Portrait
"a woman sitting gracefully on a moonlit beach, wearing a flowing green off-the-shoulder gown with a plunging neckline and thin straps. She has long brown wavy hair and red lipstick, accessorized with pearl earrings. In front of her are two antique-style brass lanterns with glowing candles inside one larger and one smaller surrounded by scattered pink roses on the sand. Behind her, the sea reflects moonlight under a dark blue night sky filled with stars and a large luminous full moon hovering above the horizon",Image Generation / Romantic Night Beach Scene
"[Prompt]
type = image_generation
style = ultra-realistic

[Setting]
type = studio portrait
background = minimalist studio background
props = a single metal chair

[Subject]
description = A young woman
mood = Confident, elegant, intimate

[https://t.co/CUgxuAXsiJ]
color = black
style = long, wavy, tousled, tied in a high, messy ponytail

[Appearance.Attire]
dress = elegant black dress with thin straps and a low back
footwear = thigh-high patent leather boots

[PoseAndComposition]
position = Sitting sideways in the metal chair
legs = Legs crossed
hands = Slightly raised
gaze = Looking intimately at the camera
framing = Full-body or three-quarter shot

[Lighting]
description = Professional studio lighting
quality = Soft yet defined, creating subtle shadows that enhance her features and the texture of the dress and boots",Image Generation / Fashion Studio Portrait
"Create a fashion editorial interpretation of the image provided, maintaining the nano-level of accuracy of all key elements. Maintain an intellectual understanding of the scene: leave the girl's initial pose, the soft movement of her hair, the direction of her gaze and the natural connection with the horse. Keep the winter landscape, but strengthen the shooting atmosphere so that it corresponds to the aesthetics of elite fashion magazines.",Image Generation / Fashion Editorial Landscape
"Use the exact face of the uploaded person and preserve their facial features without alteration. Create a cinematic night-drive portrait of the subject leaning slightly out of a moving car window while remaining seated inside the vehicle. The subject turns their head back toward the camera with a relaxed, intimate, slightly playful expression. Wind moves through their hair as the car travels along a dimly lit road.
Soft streetlights stretch into glowing trails across the background, and the sky is a deep navy blue with moonlight diffused behind thin clouds. The lighting is low-contrast and moody, with a soft, dreamy film-like grain. The overall color palette blends dark blue tones with soft pink accents, creating a dreamy night atmosphere: deep navy sky, desaturated cool hues, gentle warm skin tones, and realistic low-saturation streetlight streaks with a subtle vintage bluish-grey cinematic mood.
If the subject is female, dress them in a loose, off-shoulder cream knit sweater that drapes casually down one shoulder, adding warmth and softness.
If the subject is male, dress them in a simple cream knit sweater with a clean neckline, fitted enough to look classic and comfortable.
Camera angle: shot from inside the car, close and intimate, focusing primarily on the subject’s face and wind-swept hair while showing them leaning slightly toward the open window. The subject is always positioned inside the vehicle, facing the camera in this same posture",Image Generation / Cinematic Night Drive Portrait
"Photorealistic Hong Kong retro portrait with authentic 1990s film look.
Use image [0] as face reference. Half-body. Subject leaning against newspaper-covered wall, gaze soft and melancholic. Cropped bralette top embroidered with pearls and sequins Loose high-waisted trousers with elastic waistband, typical 1990s street style. Hair messy, strands falling across face. Makeup glossy lips, dewy skin. Narrow Hong Kong room, walls plastered with old yellowed Cantonese newspapers.",Image Generation / Retro Hong Kong Portrait
"Lincoln, one of the top CEOs in the country",Text Generation / CEO Profile Description
"Che Guevara leading the revolution, even in 2025",Text Generation / Revolutionary Historical Concept
Nixon welcoming the King in his office inside the Watergate building,Text Generation / Historical Meeting Scene
"Churchill, CEO of the UK Corp.",Text Generation / Corporate Historical Figure
German soldiers waving the flag in Berlin,Text Generation / Military Historical Event
"Everyone is capturing this special moment, celebrating ""WORLD PEACE 2025""",Text Generation / Global Peace Celebration
"Muhammad Ali, sponsored by Prime",Text Generation / Sports Celebrity Endorsement
"Lyndon B. Johnson taking the oath, read from an iPad",Text Generation / Historical Oath Ceremony
Einstein would totally wear Patagonia and an Apple Watch,Text Generation / Historical Figure Modern Fashion
Marilyn in Times Square holding her iPhone in her hand,Text Generation / Historical Celebrity with Gadget
"Hyper-realistic 4K cinematic portrait of a 22-year-old young woman.
Create a stylish, modern look with voluminous dark silky hair flowing naturally. She is wearing a yellow hoodie with a white hood, and square rimless gradient yellow sunglasses.

Single accessory: a sleek wristwatch.

She gives a confident attitude look.

The hoodie features a small ""Shivay"" logo on the front. The background is soft, minimal, and subtly blurred to emphasize",Image Generation / Stylish Modern Portrait
"Create a detailed technical illustration of a Cybernetic Samurai, exploded into components: katana with energy core, cybernetic limbs, neural processor, armor plating, and internal power systems. Each part is labeled with clean futuristic font. Use a graphite and crimson color scheme on a dark blueprint background. Add subtle particle glow and depth shadows. Studio render style.",Image Generation / Technical Cybernetic Illustration
"Night Drag Shutter Burn
A visual explosion in the middle of a fast-moving street. Frozen faces, sweeping movements, and a palpable ""noir"" atmosphere. Everything is planned, yet the results are always wild and raw.",Image Generation / Noir Street Action Scene
"A top-down perspective of a young man lying on a clean white floor, styled in a classic 90s outfit: a loose graphic tee, light-washed denim jeans, chunky sneakers, and over-ear retro headphones. He holds a portable cassette player in one hand, the tape slightly exposed. Scattered around him are colorful vinyl records, chunky old CRT televisions, and vintage electronics, arranged with clear spacing to create a nostalgic 90s atmosphere.",Image Generation / Nostalgic 90s Top-Down Scene
"a diminutive street musician, no taller than a wine bottle, performing atop a stack of vintage leather-bound books in a cozy Parisian bookshop. The tiny violinist wears a patchwork coat of jewel-toned velvet scraps and miniature brass buttons, their wild silver hair crowned with a thimble-sized top hat adorned with peacock feathers. Golden afternoon light streams through dust motes, in the warm, honey-colored atmosphere.",Image Generation / Fantasy Miniature Musician
"An ultrarealistic 8K HD cinematic photo of a young woman taking a mirror selfie with an iPhone.

She wears white tailored pants with a black thin belt, a black high-neck top, and a long black blazer draped over her shoulders.

Her straight hair, diamond studs, and light makeup complete the polished look.
A tiny black handbag hangs on her shoulder, and she holds a coffee cup.

Soft cinematic lighting highlights outfit textures with a slightly blurred background.",Image Generation / Ultrarealistic Mirror Selfie Portrait
,
"A disposable camera picture with the classic harsh flash, capturing a messy living room after a chaotic party night. The mood is silly, slightly drunk, chaotic, and humorous.
In the center of the scene is a low wooden coffee table completely cluttered with party leftovers: half-full bottles of Bacardi, whiskey bottles, several red plastic cups (one tipped over spilling liquor), scattered cigarettes, ashtrays, chips bags, and random snacks, overflowing Los Pollos Hermanos buckets, spilled blue rock candy crystals, stacks of cash, empty beer bottles (Schraderbräu), and pizza boxes. The floor has confetti, wrappers, and a few empty bottles. Everything looks naturally messy and unorganized.

On the couch behind the table sit five Breaking Bad characters, all behaving in a funny, slightly drunk, in-character way:
The Characters & Their Actions on the Couch (Left to Right):

1.  Hank Schrader: (Sitting on the left end of the couch, awake) His face is bright red and covered in sweat, with an expression of pure shock and disbelief. He is holding open a worn copy of Walt Whitman's ""Leaves of Grass"" notebook, staring intently at the handwritten inscription inside (""To my other favorite W.W."").
2.  Walter White: (Standing just behind Hank) He is captured in a dynamic, mid-swing motion, holding a plastic flyswatter. His face shows intense, determined focus and seriousness, eyes fixed on the air just above Hank's head, completely oblivious to what Hank is reading. He is poised to strike hard. Still wearing his green shirt, tighty-whities, and porkpie hat.
3.  Saul Goodman: (Next to Hank, leaning towards Gus) Passed out slumped sideways against Gus's shoulder. Someone has drawn a thick, curly mustache and glasses on his face with a black marker. A piece of paper is taped to his chest that crookedly reads: ""FREE LEGAL ADVICE - WAKE ME UP!"".
4.  Gus Fring: (Sitting perfectly center on the couch) The absolute contrast. He is sitting bolt upright in an immaculate suit, hands clasped tightly and formally on his lap. He stares directly into the camera lens with a dead-serious, chilling, expressionless gaze, completely ignoring Mike and Saul leaning on him from both sides.
5.  Mike Ehrmantraut: (On the right of Gus) Fast asleep, slumped sideways and leaning comfortably against Gus's other rigid shoulder. He is snoring peacefully. A perfectly balanced tower of three empty red solo cups sits precariously on top of his bald head.

The Floor: Jesse Pinkman: (On the floor in front of the couch) Wearing multiple party hats stacked on his head, tangled in a blanket. He is trying to take a selfie with an old flip phone held out at arm's length, making a ridiculous face with a slice of pizza hanging out of his mouth.

Everything feels authentically chaotic, funny, and candid.

Shot on disposable camera film, harsh flash, slightly off-center framing, realistic 90s timestamp in the corner (OCT 31 ’98). Grainy, imperfect, silly, nostalgic snapshot.",Image Generation / Chaotic Party Scene Snapshot
Add illustrated googly eyes and stick hands on the (object/animal/ your bff) in an exaggerated comedic pose,Image Generation / Comedic Illustration Overlay
​A high-quality photorealistic portrait of a young woman sitting on the edge of a swimming pool on a sunny day. She has voluminous long dark wavy hair styled with a white flower hair clip on one side. She is wearing a vintage-inspired matching two-piece set: a black sleeveless crop top with a delicate white floral print and a prominent white collar with a bow and a matching mini skirt. She is looking directly at the camera with a soft expression. The background features bright blue shimmering pool water and blurred tropical greenery. The lighting is bright and natural highlighting the details of her outfit and hair. 8k resolution cinematic lighting.,Image Generation / Photorealistic Poolside Portrait
,
"A moody triptych of a  man (use 100% reference face) in a black long trench coat with dark outfit,  silver rings and bracelet in his hand, and wild windy hairs.

Top panel: Direct gaze, standing in tall dark grass, sky overcast, dramatic contrast, coat fluttering.

Middle panel: Profile view, looking up at the cloudy sky, hair blowing dramatically, grass partially covering the frame for depth.

Bottom panel: Close-up of his face, sharp attractive eyes, hairs moving in the wind. DON'T CHANGE FACE",Image Generation / Moody Triptych Portrait
"Created with nano banana pro:
Cinematic high grain 90s portrait Dutch angle tilted shot, 23-year-old woman leaning against tree taking picture dynamic composition, wearing oversized flannel shirt layers winter, long hair hanging sideways, serene dreamy atmosphere but dynamic framing, warm orange cool blue contrast nostalgic grading, heavy film grain texture noise throughout, artistic playful moment nature photography, diagonal tree lines background, vintage 90s aesthetic mood, editorial nostalgic winter artistic captured, modern retro film noise masterpiece.",Image Generation / Nostalgic 90s Portrait Editorial
"A young woman sitting at an outdoor café table in a Paris setting, with the Eiffel Tower visible in the background under a bright blue sky with soft clouds. She has dark brown wavy messy hair. She wears a light gray stylish jacket and a metallic wristwatch, posing with a relaxed smile and her hand near her face. The table is set with colorful patterned plates, bread, appetizers, and a glass of water. The surroundings include lush green foliage and classic Parisian architecture. Shot in natural daylight, high-resolution, 35mm lens, f/2.8, crisp details, vibrant colors, shallow depth of field, lifestyle photography style with a warm and cheerful ambiance.",Image Generation / Outdoor Paris Lifestyle Portrait
,
"A professional, high-resolution profile photo, maintaining the exact facial structure, identity, and key features of the person in the input image. The subject is framed from the chest up, with ample headroom. The person looks directly at the camera. They are styled for a professional photo studio shoot, wearing a premium smart casual blazer in a subtle charcoal gray. The background is a solid '#562226' neutral studio color. Shot from a high angle with bright and airy soft, diffused studio lighting, gently illuminating the face and creating a subtle catchlight in the eyes, conveying a sense of clarity. Captured on an 85mm f/1.8 lens with a shallow depth of field, exquisite focus on the eyes, and beautiful, soft bokeh. Observe crisp detail on the fabric texture of the blazer, individual strands of hair, and natural, realistic skin texture. The atmosphere exudes confidence, professionalism, and approachability. Clean and bright cinematic color grading with subtle warmth and balanced tones, ensuring a polished and contemporary feel.",Image Generation / Professional Portrait
"Create a 9-image Instagram feed for this product in the same aesthetic. Use different locations, angles, and compositions, incorporating people, animals, nature, and various environments while maintaining a cohesive visual style.",Image Generation / Instagram Product Feed Layout
"Create a realistic portrait of a young woman (keep the face and appearance 100% identical to the reference — do not alter anything). The woman is in the water beside a metal pool ladder at night. The poolside tiles are small gray squares. In the background, there are folded white umbrellas with red trim and a row of white lounge chairs. The pool lights and surrounding area give off a warm, dim glow. The woman’s pose: her left arm rests along the pool edge, and her chin is placed on her right hand. She is wearing a black string-tie bikini. She has narrow rimless glasses (slightly slipping down the bridge of her nose). Her hair is the same as the reference, with a small strand falling across her face. The flower behind her ear has been removed. Her hair moves subtly in the breeze, giving a cool, stylish, slightly sexy vibe with volume. Her makeup: soft pink blush, rosy tint on cheeks and nose, full lips in a pink-peach tone. Fair, smooth skin reflecting the flash light. She is looking to the side with a cute, dreamy, slightly playful expression. Overall atmosphere: quiet, luxurious, and subtly sexy. Tone & Camera: A digital camera from the 2000s (Canon IXUS, Sony Cyber-shot, Casio Exilim).

Shot with direct flash at night.

The photo has a soft white-pink cast, bright skin tones, slight grain, sharp skin details, and distinct flash reflections on the skin.",Image Generation / Night Poolside Portrait
"A professional, high-resolution profile photo, maintaining the exact facial structure, identity, and key features of the person in the input image. The subject is framed from the chest up, with ample headroom. The person looks directly at the camera. They are styled for a professional photo studio shoot, wearing a premium smart casual blazer in a subtle charcoal gray. The background is a solid '#562226' neutral studio color. Shot from a high angle with bright and airy soft, diffused studio lighting, gently illuminating the face and creating a subtle catchlight in the eyes, conveying a sense of clarity. Captured on an 85mm f/1.8 lens with a shallow depth of field, exquisite focus on the eyes, and beautiful, soft bokeh. Observe crisp detail on the fabric texture of the blazer, individual strands of hair, and natural, realistic skin texture. The atmosphere exudes confidence, professionalism, and approachability. Clean and bright cinematic color grading with subtle warmth and balanced tones, ensuring a polished and contemporary feel.",Image Generation / Professional Portrait
"Tokyo Street Crossing

A grainy digital photo shows a young woman in a trench coat holding a clear umbrella, looking up at neon signs in a busy, rain-slicked crosswalk. Hundreds of blurred figures surround her.",Image Generation / Tokyo Street Scene
"London Underground Station

A digital snapshot captures a student with a backpack and headphones waiting on a crowded subway platform. The blurred image shows a train pulling in and other commuters.",Image Generation / London Subway Snapshot
"Hiking Trail in the Rockies

A slightly blurry digital photo from 2006 shows a hiker with a large backpack pausing on a dirt path, looking out over a mountain range under a cloudy sky.",Image Generation / Mountain Hiking Scene
"Seattle Coffee Shop

A candid digital photo from 2006 shows a man with a beard and a striped shirt reading a newspaper at a worn wooden table. Rain streaks the window behind him, obscuring the street view.",Image Description / Urban Photography
"Christmas Market in Chicago

A low-resolution digital picture focuses on a woman in a thick winter coat holding a mug of hot cocoa, laughing. Festive lights and blurred market stalls with holiday decorations fill the background under a light snowfall.",Image Description / Holiday Scene
"Parisian Cafe Terrace

A digital photograph captures an older woman with sunglasses and a scarf sipping coffee at a small outdoor table. A blurred waiter and pedestrians stroll past classic Haussmann buildings in the background",Image Description / Street Photography
"Beach Bonfire in California

A low-light digital picture captures a group of friends laughing around a bonfire on a sandy beach at night. The firelight illuminates their faces while the ocean is dark in the background",Image Description / Night Scene
"Santa Monica Pier at Sunset

A slightly pixelated digital photo captures a young couple in hoodies embracing on a wooden pier at dusk. The setting sun casts a warm, orange glow over the blurred Ferris wheel and distant beachgoers.",Image Description / Sunset Photography
"Generate a photorealistic image of Time Square on a saturday in Fall 2006, it's a beautiful late October day, people are busy. in focus should be a young blonde - rest can be blurred. the photo should be reminiscent of that a digital camera from 2006 would take, with a timestamp like a printed photo would have.",Image Generation / Photorealistic Cityscape
"tilt-shift photo of a grand piano keyboard, side view from the left looking along the keys to the right, shallow depth of field, tiny human figures cleaning the piano keys with brushes, cloths, and buckets, whimsical and surreal scene, soft lighting, hyper-detailed, high realism --ar 3:2",Image Generation / Surreal Tilt-Shift Photography
a shear and moment diagram for a simply supported beam with a uniform load of 100 plf. the beam is 100 feet long,Diagram Generation / Structural Engineering
ベーシックインカムについてまとめた画像を作成して,Image Generation / Summary Visualization (Japanese)
生成一副《水浒》排名前30的人物图，grid格式，中国工笔画风格，每个人物的cell的右下角写上人物的姓名。,Image Generation / Character Grid Illustration (Chinese Art Style)
"Create an image of 37°31'11.24""N 126°56'25.11""E at night.",Image Generation / Nighttime Location Visualization
添付画像のキャラクターでLINEスタンプを作成してほしい。表情・ポーズ・セリフが異なる形で全12種類。〇〇系のセリフで使いやすいものでお願い。,Image Generation / Character Lineup for LINE Stickers (Japanese)
"Generate an image of the person from the uploaded reference image, keeping the face and hairstyle exactly as in the uploaded image.
Dress the person in the clothing from the uploaded clothing image, preserving the style, color, and details of the garment.
Pose the person in a cute and natural pose, looking towards the camera.
Realistic photo style, natural lighting, high resolution.
Background optional, neutral or Tokyo street setting.

左: 合成結果（Nano Banana Pro）
右: 参照画像（人物＋着せたい服）",Image Generation / Photorealistic Character with Clothing
添付画像のイラストをキャラにして。LINEスタンプを作成。表情・ポーズ別・セリフ入で16種類。,Image Generation / LINE Sticker Creation with Expressions (Japanese)
"Amateur photograph from 1998 of a middle-aged artist copying an image by hand from a computer screen to an oil painting on stretched canvas, but the image is itself the photo of the artist painting the recursive image.",Image Description / Recursive Photograph Concept
Zoom in on the toes,Image Manipulation / Close-up Detail Crop
"Draw an anime poster for the 2025 World Series: The Dodgers vs. Blue Jays, featuring the starting lineups for both teams. The players' jersey numbers must match real-life. The best hitters and starting pitchers for both teams should be included. Shohei Ohtani only appears once :)",Illustration / Sports Anime Poster
"The other day, while messing around with Nano Banana Pro, I randomly thought of Hieronymus Bosch. Then I got curious and asked Gemini to write a prompt around this idea: “a text-to-image prompt in the style of Hieronymus Bosch, featuring the most powerful people in the world, politicians, artists, tech giants, basically anyone shaping the world.”
That’s literally all I typed. And it produced something insanely strange. I made a few tweaks afterwards, but the final image is still wild, especially the reptilian guy holding the entire world. (And yes, the AI was clearly inspired by The Garden of Earthly Delights.)",Text Description / Artwork Concept Inspired by Hieronymus Bosch
"Prompt on Nano Banana Pro with image reference : Make this person do the expression of emoji [EMOJI]

: 🤪🤣😱😁",Image Generation / Facial Expression Change Using Reference
"Hyper-realistic portrait of a strikingly handsome young man in his mid-20s, flawless symmetrical face, intense piercing ice-blue eyes, thick dark wavy hair with perfect volume and natural shine, short well-groomed beard, sharp jawline, sun-kissed warm skin tone, subtle masculine features, small diamond stud earring in left ear, wearing a simple white t-shirt, thin silver chain necklace, soft studio lighting with gentle rim light, clean light gray background, ultra-detailed skin texture, pore-level realism, cinematic color grading, shot on 85mm lens, 8k resolution, photorealistic, masterpiece, best quality",Image Generation / Hyper-Realistic Male Portrait
"Edit this photo without changing the face turning it into an artistic portrait The woman should be elegantly seated on the floor, wearing a modern black top, soft loose gray jeans, and chunky gray and white sneakers. She has long, waist-length wavy milky brown hair half of which is braided Her facial expression is laughing while looking upwards. The background should be an artistic monochrome(black and white) composition featuring a soft close-up side profile of the same face.",Image Manipulation / Artistic Portrait Edit
"A professional portrait photograph captures a young woman with dark, wavy, shoulder-length hair, looking back over her shoulder directly at the camera with a serious, alluring expression. She wears a form-fitting, dark navy short-sleeved dress with a pleated skirt. Dramatic side-lighting highlights her face and the curve of her back. The setting is a dimly lit, minimalist room with dark blue-grey walls and a blurred wooden door in the background. The lighting is moody and high-contrast, focusing attention on the subject.",Image Description / Professional Portrait Photography
"Draw a detailed {{pet shop}} scene and label every object with English words.

Label format: 
- First line: English word 
- Second line: IPA pronunciation 
- Third line: {Chinese} translation",Illustration / Labeled Pet Shop Scene for Language Learning
"A highly detailed 8k digital illustration of a person, presented as a close-up, eye-level headshot, facing directly forward against a clean white background. The composition is centered, capturing the upper torso. The subject features voluminous, dark, curly hair with defined strands and a stylishly messy texture. They wear distinct black-framed glasses. The overall aesthetic combines a grayscale base for the skin and a dark, ribbed t-shirt with dynamic, vibrant splashes of*multi-colored light, including reds, oranges, yellows, greens, blues, and purples, which appear as if painted or projected onto the face, neck, and shoulders. This stylized, cinematic lighting creates sharp contrasts and a graphic novel aesthetic, emphasizing contours with bold color accents and highly detailed textures. The eyes have a reddish-brown hue. The artwork exhibits sharp lines, clean vectors, and a high level of detail in the hair and glasses,*creating a visually striking,modern portrait with a unique blend of monochrome and neon color. uploaded face as reference",Image Generation / Stylized Cinematic Portrait
"A young girl with long, wavy brown hair, wearing a teal hooded sweatshirt, holds a small white puppy with light blue eyes. She is making a puckering face at the camera, while the puppy looks calmly forward. They are outdoors in what appears to be a winter setting, with snow on the ground and bare trees in the background. A blurred silver car is visible behind her, and the sky is a clear light blue.",Image Description / Winter Portrait with Puppy
"Editorial fashion photo, medium portrait, seated model wearing a cream shearling jacket (shaggy texture), denim shirt layered, light blue jeans, black leather Chelsea boots, beige socks, relaxed pose with one leg bent, hand supporting the head, clean light gray studio backdrop, soft natural studio lighting, gentle side key light, subtle fill, soft shadows, emphasis on tactile textures fluffy shearling.",Image Description / Editorial Fashion Photography
"Cute and aesthetic winter portrait featuring a woman in an oversized pastel hoodie, sleeves covering her hands as she warms them with her breath. Add minimal makeup, soft cold-blush cheeks, and straight hair falling naturally. Background: blurred snowy trees with warm sunlight creating a dreamy winter glow. The scene should feel warm, youthful, and US cozy-vibes inspired.”",Image Description / Cozy Winter Portrait
"*Task: Generate a high-fidelity, cinematic-quality environment render based on a narrative brief.**

**Objective:**
Act as a professional set designer and director of photography. Given a short narrative description, generate a single, hyper-realistic image that perfectly captures the scene's mood, atmosphere, and visual detail.

**Input Parameters:**
1.  **Scene Description:** (e.g., ""A lone detective sits in a dimly lit, rain-streaked diner booth at 3 AM, the neon sign outside casting a harsh red glow on his face."")
2.  **Visual Style/Era:** (e.g., ""Neo-Noir,"" ""Cyberpunk,"" ""1950s Technicolor,"" ""Gothic Horror"")
3.  **Camera/Lens:** (e.g., ""Wide-angle shot,"" ""Close-up, 85mm lens,"" ""Low-angle, dramatic perspective"")

**Core Deliverables:**

1.  **Photorealistic Render:** A single, high-resolution image that is indistinguishable from a photograph.
2.  **Atmospheric Lighting:** The lighting must be the primary driver of the mood, utilizing complex techniques (e.g., volumetric fog, rim lighting, high-contrast chiaroscuro).
3.  **Compositional Storytelling:** The composition must guide the viewer's eye and convey the narrative tension or emotion of the scene description.
4.  **Detail & Texture:** Extreme attention to surface detail (e.g., wet asphalt, worn leather, reflections in glass).

**Workflow:**

1.  **Analyze:** Deconstruct the narrative brief into its core emotional, environmental, and lighting components.
2.  **Design:** Select the optimal camera angle and lighting setup to maximize the cinematic impact.
3.  **Render:** Generate the final image, ensuring the specified Visual Style/Era is authentically represented.",Image Generation / Cinematic Environment Render
"Use facial feature of attached photo. A close-up shot of a young woman displayed on the screen of a compact Canon digital camera. The camera body surrounds the image with its buttons, dials, and textured surface visible, including the FUNC/SET wheel, DISP button, and the “IMAGE STABILIZER” label along the side. The photo on the screen shows the woman indoors at night, illuminated by a bright built-in flash that creates sharp highlights on her face and hair. She has long dark hair falling across part of her face in loose strands, with a soft, slightly open-lip expression. The flash accentuates her features against a dim, cluttered kitchen background with appliances, shelves, and metallic surfaces softly blurred. The mood is candid, raw, nostalgic, and reminiscent of early 2000s digital camera snapshots. Colors are slightly muted with cool undertones, strong flash contrast, and natural grain from the display. No text, no logos inside the photo preview itself.

Scale ratio: 4:5 vertical

Camera: compact digital camera simulation
Lens: equivalent to 28–35mm
Aperture: f/2.8
ISO: 400
Shutter speed: 1/60 with flash
White balance: auto flash
Lighting: harsh direct flash on subject, ambient low light in the background
Color grading: nostalgic digital-camera tones, high contrast flash, subtle display grain, authentic screen glow",Image Generation / Digital Camera Screen Portrait Simulation
"A highly stylized 3D caricature of the person in the uploaded image, with expressive facial features, and playful exaggeration. Rendered in a smooth, polished style with clean materials and soft ambient lighting. Bold color background to emphasize the character’s charm and presence.",Image Generation / 3D Stylized Caricature
"Generate a 8k Instagram-style portrait of an Indian woman sitting in a trendy café. Add warm ambient lighting, latte tones, and aesthetic decor. Outfit should be modern—crop top, oversized shirt, or denim jacket. Pose relaxed with chin resting on hand and soft smile. Add film-like mood for a cozy vibe. keep 100% same face expression",Image Generation / Instagram-Style Portrait
"A young woman with dark wavy hair sits in a black hoodie partially open over a white t-shirt, close-up from front below, slightly tilted to the right, sensual confident gaze, lips slightly parted, eyes looking upward and slightly to the right, slowly raising one hand touching side of neck or chin, shoulders relaxed, smooth skin with sharp feminine features, captivating eyes, small elegant tattoo on left arm, dramatic lighting with faint red light from left creating highlights on skin and hoodie, dark shadowed background, visible skin pores and fabric texture, minimal dark background with faint red frame in upper left corner, cinematic and detailed.",Image Generation / Cinematic Female Portrait
"A hyper realistic 3D rendered image of a stylish young man, sitting at a pc desk in a gaming studio, scrolling on his phone, specs, he is wearing black shirt,coat paint, Glowing film strips with different images (instagram reels, posts, stories) flow out above the phone and spread across the floor, wrapping around the chair.

Cinematic lighting, realistic, vibrant, vertical 1080*1440 ratio, UHD, Exact same face based on reference image.",Image Generation / Hyper-Realistic 3D Gamer Portrait
"Add ultra-tiny realistic skiing, snowboarding, and winter-sports action figures interacting with the surfaces of the uploaded image. Place the miniature characters as if the object in the image is a snowy mountain slope. They should match the curvature, angles, and depth of the object naturally. Include variations like skiers carving turns, snowboarders jumping, climbers scaling the sides, and one or two funny moments (a skier falling, a snowboarder mid-flip, a tiny husky dog on a sled). Maintain scale extremely small and consistent. Blend shadows and reflections with high realism so they feel physically integrated on the object. Keep the original image style, lighting, and colors exactly the same. No distortion of the base object.",Image Manipulation / Miniature Winter Sports Scene Overlay
"Create a hyper-realistic wide-angle street-café POV photo featuring the attached face. Keep the face exactly as provided — same features, expression, and photorealistic detail. The character extends their hand toward the camera holding a cup of matcha or coffee, creating an exaggerated close-up foreground perspective. Use slight fisheye distortion, natural outdoor lighting, casual street background, reflections in the café window, real people around, candid everyday mood.",Image Generation / Wide-Angle Street Café Photorealistic
"Narrative, cinematic photofray ,woman in a deep burgundy polka dot dree with cream dots, a high necked white lace collar fastened with a small cameo brooch. White kitten heel pumps white seamed nylon stockings. Hair in an elegant french twist with a small netted fascinated hat tilted to one side. Pose: leaning out the open window of a moving vintage train car one hand holding her hat looking back towards the platform with a wistful, longing expression, steam from the engine blowing past her. Background: an old, grand train stay platform receding into the distance, a trail of steam  creating a hazy atmosphere, the station clock is visible. Camera angle: close up on her face and shoulders, shot from the platform's perspective. Color grading: faded Kodachrome 64 aesthetic, slightly desaturated colors with a warm , reddish brown undertone, soft focus, heavy cinematic grain, vignetting.",Image Generation / Narrative Cinematic Portrait
"A high-resolution photorealistic portrait of a young woman sitting at a wooden table in a sunlit cafe. She has long soft brown hair tied back in a high loose ponytail with wispy bangs framing her face. She is wearing a chunky oversized pastel yellow knit sweater.
​Pose: She is leaning forward resting her chin in her hands with her elbows on the table looking directly at the camera with a soft calm expression.
​Lighting & Atmosphere: Warm golden hour sunlight creates strong shadows and highlights on her face. The lighting is cinematic and cozy. There is a white ceramic coffee mug on the table in the foreground. The background is a soft warm-toned blur (bokeh) suggesting a cozy room interior. High quality 8k soft focus aesthetic",Image Generation / Photorealistic Café Portrait
"A highly detailed 8k digital illustration of a person, presented as a close-up, eye-level headshot, facing directly forward against a clean white background. The composition is centered, capturing the upper torso. The subject features voluminous, dark, curly hair with defined strands and a stylishly messy texture. They wear distinct black-framed glasses.The overall aesthetic combines a grayscale base for the skin and a dark, ribbed t-shirt with dynamic, vibrant splashes of multi-colored light, including reds, oranges, yellows, greens, blues, and purples, which appear as if painted or projected onto the face, neck, and shoulders. This stylized, cinematic lighting creates sharp contrasts and a graphic novel aesthetic, emphasizing contours with bold color accents and highly detailed textures. The eyes have a reddish-brown hue. The artwork exhibits sharp lines, clean vectors, and a high level of detail in the hair and glasses, creating a visually striking, modern portrait with a unique blend of monochrome and neon color. uploaded face as reference",Image Generation / Detailed Cinematic Portrait
"Transform a simple flat vector logo into a soft, 3D fluffy object. Use the exact colors. The shape is fully covered in fur, with hyperrealistic hair texture and soft shadows. The object is centered on a clean, light gray background and floats gently in space. The style is surreal, tactile, and modern, evoking a sense of comfort and playfulness. Studio lighting, high-resolution render.",Image Generation / 3D Fluffy Logo Transformation
"Create a hyper-realistic portrait of the  woman from the uploaded image, she is walking   inside the gym lobby . she is wearing the full outfit and accessories exactly as in the attached image 2, follow the outfit completely and precisely as in the image, her hair color same in photo uploaded  straight in hair tie bun and few strands each face side  flowing gracefully. Copy the make up on the photo provided  A confident stylish pose,with 8k hd resolutions.",Image Generation / Hyper-Realistic Gym Portrait
"Generate an ultra-detailed, hyperrealistic exploded technical view of Kaneda’s iconic red motorcycle from Akira. The image should show every component separated in 3D space, floating in a clean engineering layout, with perfect alignment and labeled layers. Keep the perspective dynamic but readable, like a premium industrial design schematic.",Image Generation / Technical Illustration
"Create a hyper-realistic portrait of the beautiful woman from the reference photo, presented inside an oversized Instagram post frame that dominates the scene. Her facial features remain identical to the reference delicate yet sharp, clean, and naturally stunning.
She stands in a modern, slightly dynamic pose: upper body leaning subtly forward as if engaging directly with the viewer, one hand casually gripping the top edge of the Instagram frame, while one leg steps gracefully outward through the frame, creating a smooth and stylish 3D illusion. The pose feels youthful, fresh, effortlessly elegant, and confidently cool.
Give her a high-fashion model expression—eyes locked onto the viewer with calm, magnetic intensity; lips relaxed and neutral; jawline softly defined. No smile or smirk—just a strong, clean, modern editorial gaze with subtle freshness and quiet power.
She wears a ribbed knit sweater in hex color #18091D, high-waisted straight-fit white trousers, and sleek white-grey low-top sneakers, creating a crisp, cool-toned outfit with rich contrast.
The Instagram frame is ultra-realistic with:
username “miilesus”
verified badge
display name “AI Generation”
caption “nano banana pro”
hashtags under the caption: “#gemini #nanobanana #ai”
authentic Instagram UI icons (like, comment, share, save)
a circular profile picture identical to the reference photo of her
Background:
Use a solid background in the deep tone #18091D, with no gradients clean, smooth, modern, and slightly cinematic.
Lighting should be clean and high-end, accentuating the structure of her face, the ribbed texture of the knit sweater, and the 3D breakout effect. The final result should feel modern, bold, and editorial.",Image Generation / Hyperrealistic Fashion Portrait
"A quiet riverside path dusted with the first snow of the season. Bare branches arch overhead while a red-scarfed fox trots along the bank, leaving small footprints in the powder. Rendered in watercolor with soft pencil outlines, muted winter tones, and a gentle, serene mood.",Image Generation / Watercolor Landscape Illustration
为我生成图中角色的绘制 Q 版的，LINE 风格的半身像表情包，注意头饰要正确 彩色手绘风格，使用 4x6 布局，涵盖各种各样的常用聊天语句，或是一些有关的娱乐 meme 其他需求：不要原图复制。所有标注为手写简体中文。 生成的图片需为 4K 分辨率 16:9,Image Generation / LINE Style Emoji Design
"Recreate the composition of Leonardo da Vinci’s The Last Supper, but with iconic manga and anime characters seated at the long table. Place Goku in the center in the role of Jesus, glowing subtly with Saiyan energy. Surround him with characters from Naruto, One Piece, Bleach, Attack on Titan, My Hero Academia, Dragon Ball, Jujutsu Kaisen, and Demon Slayer, all interacting dramatically like in the original composition. Maintain the Renaissance lighting, painterly textures, and classical depth of the original fresco, but with anime-style character design and vibrant colors",Image Generation / Renaissance Anime Crossover
"At the very top center of the composition, floating prominently above the ingredient layers, is a luxurious title label. The text reads ""担担面 DAN DAN NOODLES"" rendered in expressive, handwritten Chinese brush calligraphy (毛笔字) style. The lettering possesses a heavy, three-dimensional sculpted gold metal texture (金属质感) with a brushed finish, warm golden sheen, and realistic metallic reflections catching the dramatic studio lighting. It looks like forged gold brushstrokes floating in space.
Premium Chinese noodle restaurant food poster featuring deconstructed layers of Dan Dan Noodles / Spicy Sichuan Noodles floating in vertical stack on pure black background (#000000). Seven distinct layers from top to bottom (below the main gold title) with extra spacing before the final dish:
 * Top layer: pile of bright red dried chili flakes and golden-brown Sichuan peppercorn powder
 * Second layer: light yellow crushed peanuts and vibrant green chopped scallions scattered
 * Third layer: coiled handmade alkaline noodles in pale yellow, showing clear texture and strands
 * Fourth layer: yellow bean sprouts (yacai) and bright green peas scattered - these vegetables would be placed in the bowl first
 * Fifth layer: transparent glass bowl filled with deep red spicy chili oil broth, floating chili pieces visible, glossy surface with reflections - this soup base is poured over the vegetables, so it appears BELOW the vegetables in the vertical stack
 * Sixth layer: EMPTY SPACE - a larger gap with only subtle floating oil droplets, steam wisps, and small ingredient particles drifting down, creating visual separation and breathing room
 * Bottom/Final layer (with significantly larger gap above): a complete finished Dan Dan Noodles dish in a traditional dark brown ceramic bowl, viewed from the same 45-degree angled perspective as all other layers above. The bowl contains all ingredients combined - pale yellow noodles coated in glossy red chili oil, topped with crushed peanuts, bright green chopped scallions, bean sprouts, peas, and red chili flakes sprinkled on top. The noodles look freshly mixed and glistening with oil, subtle steam rising. This finished bowl is at the same scale and viewing angle as the deconstructed ingredients above. The extra spacing above emphasizes this as the final result, creating a dramatic reveal of the transformation from separated components to complete dish.
Each layer separated with gaps revealing textures and details. Layers 1-5 have normal spacing between them. Layer 6 is an intentional empty transition space with double or triple the normal gap distance. Layer 7 (finished dish) sits at the bottom with clear visual separation. Chinese and English bilingual labels with elegant arrows pointing to each component: ""辣椒油&花椒粉 Chili Oil & Sichuan Pepper Powder"", ""麻辣风味 Numbing & Spicy Flavor"", ""花生碎&葱花 Crushed Peanuts & Scallions"", ""手工碱面 Handmade Noodles"", ""芽菜&豌豆 Yacai & Peas"", ""丰富配料 Rich Toppings"", ""红油汤底 Spicy Red Broth"", ""成品 Finished Dish"".
NO white pedestal, NO platform base. All layers float freely in space against pure black background. Dramatic studio lighting from 45-degree angle, rim lighting highlighting textures and glass bowl transparency. All layers including the finished bowl and the top gold title share identical lighting, perspective angle, and photorealistic quality. Subtle steam effects, oil droplets floating around layers, with more particles in the empty transition space. Star sparkle effect in bottom right corner near the finished dish. Dark moody aesthetic, luxurious commercial food photography style, ultra-realistic, highly detailed, professional restaurant advertising quality, 9:16 vertical format.",Image Generation / Food Advertising Poster
"Create a set of colorful, hand-drawn LINE-style half-body Q-version emoji portraits based on the characters shown, ensuring accurate depiction of their head accessories.

Arrange the images in a 4x6 layout, featuring common chat phrases or relevant humorous memes.
Use handwritten-style fonts for text.
Output must be original—avoid direct copying of the reference image.
Final image should be in 4K resolution, 16:9 aspect ratio.",Image Generation / LINE Style Emoji Portraits
"completing the look with a chunky silver chain around his neck, dark round frame sunglasses and a wristwatch. The subject holds a metallic baseball bat and poses with one hand in his pocket, displaying a confident, defiant attitude. The backdrop suggests unrest or chaos with thick smoke and the presence of fire, enhancing the moody and street-style aesthetic of the photo. The overall composition highlights a youthful, tough streetwear style with a punk or grunge.",Image Generation / Street Style Photography Concept
"Same face, hit with an unforgiving flash that nukes the shadows. Her hair is shoved back with a cheap plastic clip, a few wild strands catching the glare. She stares dead-on, expression sharp and challenging. She wears a washed-out maroon hoodie. Behind her: a wall of torn notebook pages, doodles, and crooked polaroids. Heavy grain, blown highlights, raw 90s energy.",Image Generation / 90s Style Portrait Photography
"Using the attached photo ( do not change the face ) create a young woman positioned in the lower-right quadrant of the frame. She has long, dark hair visible under a hat and is wearing a form-fitting dress that transitions into an enormous, flowing fabric structure. The figure appears to be caught mid-stride or turning, with her body angled slightly away from the viewer. Her head is tilted, possibly looking toward the immense fabric. She is wearing high-heeled shoes.The central focus is a massive, billowing expanse of fabric, a vibrant, intense, saturated orange or tangerine color. The dress she is wearing matches this color. The fabric is sculpted to create an impossible, organic form. It rises dramatically from the woman's dress, swirling upward and over her head like a crashing wave.  It is characterized by hundreds of deep, intricate pleats and folds, suggesting a lightweight material like chiffon, captured in an arrested, dynamic motion. She wears a wide-brimmed hat that is a light color, cream. 

The upper two-thirds of the image is dominated by a dramatic, tempestuous sky. The clouds are dark, heavy, and moody, a mix of deep slate greys, turbulent blues, and hints of atmospheric light, suggesting passing storm. The subject is standing on a smooth, reflective surface that is a muted, light grey or off-white color. This ground is seamless and featureless, creating a clean, almost void-like studio effect. It is a fusion of a controlled, minimal studio setting (the ground) and a grandiose, natural backdrop (the sky), enhancing the surreal and dramatic nature of the fabric. 

The composition is highly dynamic. The immense orange form acts as a dominant leading line, sweeping from the bottom right, curving through the center, and peaking near the top left. The figure grounds the entire structure. The composition utilizes the rule of thirds, with the figure and the base of the fabric located along the lower-right vertical and horizontal intersections. 
Ratio: portrait orientation 8:10 aspect ratio.

The lighting is dramatic and high-contrast. A strong light source illuminates the orange fabric, highlighting the texture and creating deep shadows within the folds, which enhances the dimensionality. The light appears to be coming from the front-left, illuminating the woman's right side. 

Camera
High-Resolution Full-Frame Digital SLR or Mirrorless Camera ( Canon R). A medium telephoto prime lens ( 85mm or 105mm).  Aperture : Moderately wide (f/4 to f/5.6). Shutter Speed: Fast (1/200 to 1/500 sec). ISO: Low (ISO100).",Image Generation / Fashion Photography with Dramatic Fabric
"A list of eight color names is written in crayons of the corresponding color, but four are wrong. These four are marked with a red-ink rubber stamp that says “Wrong!”",Image Generation / Crayon Color Name Illustration with Marking
"Make a 4×4 grid starting with the 1880s. In each section, I should appear styled according to that decade (clothing, hairstyle, facial hair, accessories). Use colors, background, & film style accordingly.",Image Generation / Historical Decade Style Fashion Grid
"Create an 8k photorealistic image using the attached photo. A close-up portrait of a woman with long, jet-black, slightly wind-swept hair falling across her face. Her striking, light-colored eyes gaze upwards and to the right, catching a sharp, diagonal beam of natural light that illuminates the high points of her cheekbone, nose, and plump, glossy, mauve-toned lips. The rest of her face and the background are cast in deep, dramatic shadow, emphasizing the play of light and shadow.",Image Generation / Photorealistic Close-Up Portrait
Add photos of food to this menu to each item of food,Image Editing / Menu Food Photography Enhancement
"A tiny monkey wearing a knitted scarf rolls a giant acorn down a forest path, leaves swirling around in a burst of autumn color. Rendered in soft storybook illustration style with warm hues, gentle textures, and a joyful, mischievous mood.",Image Generation / Storybook Animal Illustration
"Create a hyper-realistic waist-up portrait using the attached photo.  Don't change the face.
 A portrait of a beautiful young woman with fair glowing skin and an oval face with a perfect figure, not skinny.
 A natural light indoor shot featuring a woman with green grayish eyes with winged liner, a natural, subtle freckles with sun-kissed peachy color on her face, feathery eyebrows, including a pink glossy lip and bronzed cheeks. 
 She has voluminous, shiny, waist-length golden hair layered style with a slight wave, her hair blowing in the wind, giving a natural and fresh look, with small braided buns in her hair.
 She is wearing a loose-fitting, beige knitted maxi dress with stacks of gold accessories in ears, rings, stacked bracellet and stacked necklace. 
 She is looking into a rustic, antique mirror framed with decorative tiles and surrounded by lush green foliage that grows around and over it, suggesting an indoor space with an outdoor feel or a sunroom.  The background is gently blurred, emphasiz",Image Generation / Hyperrealistic Fashion Portrait with Accessories
"A photorealistic ESC keycap scene shows a miniature cozy living room from 90s.. Inside: a glowing nostalgic of 90s screen with a video game playing, a plush couch, joysticks, gaming console, and throw blanket. A small figure lounges with feet up, watching content. The gaming screen glows from behind like mood lighting. Outside: cool tech reflections on F1, Shift, and Q keys. The word “ESC” is subtly present in a glassy fog on top of the cap.",Image Generation / Miniature Scene on Keyboard Keycap
"A young woman with dark wavy hair sits in a black hoodie partially open over a white t-shirt, close-up from front below, slightly tilted to the right, sensual confident gaze, lips slightly parted, eyes looking upward and slightly to the right, slowly raising one hand touching side of neck or chin, shoulders relaxed, smooth skin with sharp feminine features, captivating eyes, small elegant tattoo on left arm, dramatic lighting with faint red light from left creating highlights on skin and hoodie, dark shadowed background, visible skin pores and fabric texture, minimal dark background with faint red frame in upper left corner, cinematic and detailed.",Image Generation / Cinematic Close-Up Portrait
"""moody cinematic portrait, lone young man in tall grass field at dusk, overcast sky, teal-green color grade, wearing white buttoned shirt, matte silver over-ear headphones, side profile, head tilted back toward sky, eyes closed, arms open and slightly back, wind-swept grass blades in foreground creating soft motion blur, shallow depth of field with creamy bokeh, natural ambient light, soft rim light on hair, melancholic freedom vibe, minimal contrast, subtle grain”",Image Generation / Cinematic Moody Male Portrait
"Same face preserved, shot in near-dark with only a dim window glow hitting one cheek. Hair messy and low-lit, shadows swallowing half her features. She’s in a worn black cardigan. Background: scribbles, cutouts, and film stills that appear only as rough silhouettes. The frame feels underexposed on purpose — gritty, quiet, cinematic.",Image Generation / Gritty Cinematic Portrait
"A dramatic, low-angle portrait of a woman standing in a dark, minimalist space, illuminated by a sharp beam of light that carves across her face and shoulders. She wears transparent, modern glasses that catch the glow, adding geometric reflections to her expression. Her gaze is lifted upward with quiet determination, creating a powerful, almost heroic silhouette against the deep shadows around her. The contrast between light and darkness emphasizes her poised posture and confident presence. Capture the scene with high-contrast lighting, subtle film-grain texture, and a moody, atmospheric tone.",Image Generation / Dramatic High-Contrast Portrait
"A slow-motion cinematic video in Renaissance painting style showing a soccer player mid-kick. Dramatic spotlighting cuts through a dark moody background. Motion trails in vibrant teal (02B2CA) and electric violet (AC03FC) streak behind the leg. A sharp white soccer ball spins on grass, with color-graded lighting and a sleek, realistic sports photography look.",Video Generation / Cinematic Sports Action in Renaissance Style
"Ultra realistic portrait of an individual presented inside an oversized Instagram post frame that dominates the scene. Keep uploaded face consistent and unchanged. The individual's facial features are delicate yet sharp, clean, and naturally stunning, with eyes locked on the viewer with calm, magnetic intensity and lips softly relaxed and neutral, radiating a high-fashion model expression. They stand in a modern, dynamic pose:",Image Generation / Hyperrealistic Instagram Fashion Portrait
"Raw wide-angle engineering camera footage from the Mars surface. Extreme fisheye lens distortion. A close-up ""selfie"" of Elon Musk peering into the rover's lens. He is wearing a dusty, scuffed futuristic space suit (helmet off). His face is weathered, unshaven, and sun-damaged. The lens is covered in red dust particles and scratches. Harsh, direct sunlight casts deep black shadows. Low-resolution, monochrome transmission artifacts, digital timestamp overlay in the corner ""SOL 001"".",Image Generation / Sci-Fi Fisheye Mars Rover Scene
"Japanese photo collage, young woman in cozy living room, morning sunlight, shoji windows, 90s cinematic tone, soft film grain, nostalgic mood, calm atmosphere, multiple shots showing small daily moments, warm colors",Image Generation / Nostalgic Japanese Photo Collage
"Create an image at 40.7128° N, 74.0060° W, September 11, 2001, 08:46 hours",Image Generation / Historical Event Location Reconstruction
"Create a digital smudge-paint style of the uploaded image.
This is a very popular style in modern Indian digital art. The artist likely started with a photograph and digitally painted over it, smudging the pixels to remove skin texture and adding brush strokes to the hair and clothes.

Lighting:
The lighting is soft and diffuse (studio style). The shadows under the chin and along the side of the neck are soft, avoiding harsh contrast.Background:

The background is a textured, abstract blend of brown and sepia tones.

This neutral, earthy backdrop ensures that the viewer's focus remains entirely on the subject's face.

The painting evokes a sense of divinity, tradition, and serenity.

The direct gaze of the subject combined with the traditional attire creates a respectful and dignified portrait, often used for matrimonial profiles, memorial portraits, or commemorative gifts",Image Generation / Indian Digital Smudge-Paint Portrait
浮世絵師・葛飾北斎が描いたような和風インフォグラフィックにして。波や雲の装飾を入れ、文字は江戸文字（勘亭流）で。カラーパレットは墨・藍・朱・淡黄のみ。現代のデータを侍や町娘が解説している構図で。,Image Generation / Japanese Ukiyo-e Inspired Infographic
"Create a PlayStation 5 game cover in the style of GTA VI. Use the man from the provided photo as the main character, but with updated LA streetwear (bomber, sunglasses, modern vibe). Neon Los Angeles background with palm trees, downtown skyscrapers, sunset colors, luxury cars, and dynamic GTA-style panel layout. Cinematic lighting, glossy poster finish, bold Rockstar-like typography. Add PS5 banner, game logo, and a high-energy Los Angeles atmosphere.",Image Generation / Video Game Cover Design
"请为[乔布斯]创建一个有趣的职业生涯地图，使用[指环王]的主题。需包含相关的隐喻或比喻，将这位名人的职业经历与所选主题连接起来，使职业地图感觉连贯且有意义。中英文案，确保所有文字清晰易读。

乔布斯的一生就是一场史诗：车库创业、被驱逐、流亡、归来、改变世界。这种起伏和张力，用中土世界的框架来呈现，竟然意外地契合。

每个人心中都有一座中土世界，而真正的冒险从来不是征服已知，而是怀着敬畏之心，踏入未知的迷雾。

Stay hungry, stay foolish.",Image Generation / Thematic Career Life Map Illustration
"A photorealistic ESC keycap scene shows a miniature cozy living room setup. Inside: a glowing red Netflix screen, a plush red couch, popcorn bowl, and throw blanket. A small figure lounges with feet up, watching content. The red “N” logo glows from behind like mood lighting. Outside: cool tech-blue reflections on F1, Shift, and Q keys. The word “ESC” is subtly present in a glassy fog on top of the cap.",Image Generation / Miniature Scene on Keyboard Keycap (Netflix Theme)
"Place Monkey D. Luffy next to the man, smiling widely with his straw hat tilted. Use a Thousand Sunny deck background with bright blue sky. Keep the selfie composition intact and integrate both characters naturally.",Image Generation / Anime Character Integration in Photo
"(full body shot, wide angle view:1.2), [A woman], in a dynamic pose with arm outstretched, wearing a spectacular conceptual avant-garde gown. The bodice is a fitted (colorful patterned patchwork tapestry fabric:1.3). The skirt is NOT fabric and NOT simple ribbons. The skirt is constructed entirely from (GIANT, MASSIVE 3D PERSIAN CALLIGRAPHY STROKES cut from matte paper:1.6). (A violent wind effect blows the calligraphy structure upwards and outwards to the left:1.5), creating a huge swirling anti-gravity vortex of letters that billows like smoke high into the air. The right side of the skirt anchors to the floor. Dramatic color gradient: The floating strokes on the left are (fiery orange and bright red:1.4), transitioning smoothly across the body to (deep teal, emerald green, and dark blue strokes on the bottom right:1.4). White minimalist studio background with (distinctive patterned gobo shadows cast on the wall:1.3). Cinematic lighting, hyper-detailed paper texture, masterpiece, 8k. (simple ribbons with writing on them:1.6), (thin paper strips:1.5), (small text:1.4), standard fabric skirt, normal dress, metallic texture, shiny plastic, glossy finish, wire mesh, angel wings, feathers attached to back, symmetrical skirt, messy background, low quality, blurry.",Image Generation / Avant-Garde Dress with 3D Calligraphy Skirt
"Add clean, minimal white line-drawing illustrations of people into this photo. Match the perspective, lighting, and scale of the scene. The illustrated figures should interact naturally and meaningfully with the environment, reflecting the mood, purpose, and activity of the space. Keep the drawings simple, fluid, and expressive, with no facial details. Maintain a modern, warm, and slightly whimsical tone that complements the overall aesthetic. Do not obscure any original elements. The illustrated figures should feel like friendly, imaginative additions that blend seamlessly with the context of the scene.",Image Editing / Adding Minimalist Line Illustrations to Photo
"Please place the product image onto the diagram template. Remove all existing text from the diagram. Add subtle, harmonized borders that complement the overall design concept—keep the border thickness minimal/thin.",Image Editing / Product Image Placement on Diagram Template
"A chaotic, poorly composed 1990s flash photo taken with a disposable film camera — grainy, with heavy motion blur, lens smudges, uneven exposure, and harsh red-eye flash. The scene captures a wild moment at a dimly lit 90s party.

Michael Jackson is in the foreground, mid-dance, with sweat on his skin, a white sequined jacket reflecting the flash intensely. Prince is behind him, laughing, wearing a shiny purple suit, holding a drink that’s mid-spill. Their expressions are caught off-guard — startled and euphoric.

The background is crowded, with indistinct figures moving, blurred disco lights, and dense cigarette smoke catching the flash. Details like glitter, champagne spray, and vinyl records on a table reflect harshly. The photo is slightly tilted, with the look of a candid party snapshot taken by someone intoxicated and stumbling.

The result feels like a found photo from a lost pop culture archive — raw, nostalgic, and full of chaotic energy.

Euphoric, surreal, nostalgic, unfiltered  
Hyperrealistic 90s party film photo with on-camera flash, low quality but high detail  
Candid analog snapshot, not posed or staged",Image Generation / 1990s Flash Party Photo Recreation
会話している右から2番目の人物を添付のアニメの女の子にポーズそのままで置き換えてください,Image Editing / Anime Character Swap in Scene
"A cinematic, horizontally oriented image captures a dramatic moment with a female character surrounded by what appear to be fragments of metallic, clockwork-like objects suspended in the air. The central subject is a woman who appears to be in her 20s or 30s. She has light brown hair pulled back tightly, giving her a serious and focused expression. Her eyes are directed straight ahead, slightly out of focus compared to her outstretched hand. Her skin tone is fair. She is wearing a simple, dark, possibly gray or blue sleeveless top (or tank top).

The woman is positioned slightly off-center, leaning forward as she extends her right arm and hand toward the viewer. In the tips of her fingers, she is holding a very small, reddish-brown object—possibly a gem, bead, or a crucial piece of machinery. Her left hand is not clearly visible or is out of frame/too dark.

The background is dark and indistinct, suggesting an enclosed, possibly ancient or stone environment, with a muted, grayish-blue light source illuminating the scene, primarily focused on the woman and the flying fragments.

The foreground and midground are filled with various metallic fragments that appear to be broken pieces of intricate, circular objects, resembling clock faces, gears, or timepieces. These objects vary in size and complexity:
1.  To the immediate left, a large, dark circular frame dominates the left side, appearing like a fractured clock casing or gear.
2.  Above and around her, numerous smaller, sharp fragments, metallic slivers, and gear teeth are scattered, giving the impression of an explosion or rapid deconstruction of a machine.
3.  To the upper right, a detailed, large metallic disc is visible, bearing intricate etched patterns or symbols, resembling an ancient sundial or astrological device.
4.  To the lower right, a stack of circular, dark metallic frames (possibly clocks or dials) are arranged in a cascading, seemingly collapsing column.

The lighting is high contrast, with strong highlights on the woman's face and arm, and on the metallic fragments, which reflect the light. The overall mood is intense, action-oriented, and focused on the interaction between the woman and the small object she holds among the swirling fragments of time-like mechanisms.",Image Generation / Cinematic Woman with Metallic Clockwork Fragments
添付画像のキャラクターをちびキャラにして。LINEスタンプを作成。表情・ポーズ別・セリフ入で12種類。,Image Generation / LINE Style Character Emoticon Set
"scenery shot, a public bus shot, a pet moment, a sunset, and a candid smile.",Image Generation / Diverse Candid Scenery and Moments
"A young woman, same face preserved, lit by a harsh on-camera flash from a thrift-store film camera. Her hair is loosely pinned, stray strands shadowing her eyes. She gives a knowing half-smirk. She’s wearing a charcoal cardigan with texture. Behind her: a cluttered wall of handwritten notes and torn film stills. The shot feels like a raw indie-movie still — grain-heavy, imperfect, intentional.",Image Generation / Portrait Photography
"A cinematic, wide shot shows a fair-skinned young adult woman standing in a desolate, fiery landscape. The woman is centered in the frame, wearing a long, flowing, light gray or pale blue gown that appears to be made of silk or chiffon, draped with a floor-length cape or cowl of the same material that covers her head like a hood. The bodice of the dress is intricately detailed with what look like dark floral or metallic embellishments across the chest and abdomen. She has long, very pale blonde or platinum hair visible under the hood.

She is holding two small flames: one in her raised left hand, and another in her open right palm. The flames are bright yellow-orange and appear to be floating above her hands, suggesting a magical or supernatural element.

The background is dominated by intense, raging fire, suggesting a destructive or dramatic scene. Tall flames surround her on all sides, creating a wall of orange and yellow light and smoke. The ground appears to be dark and dry, possibly consisting of dirt or burned earth, with some darker, indistinct shapes near the bottom right foreground that could be debris or parts of a fallen structure. The lighting is dominated by the warm, flickering glow of the fire, casting deep shadows and highlighting the woman. The overall atmosphere is intense and dramatic.",Image Generation / Fantasy Character
"A cinematic levitation portrait of a woman sitting midair while working on a laptop. Replace the face with the uploaded person’s face while keeping the exact same body pose, outfit, and styling. The subject wears a tailored modern black blazer, grey trousers, and clean white sneakers.

The scene is set in a minimal studio room with soft natural light pouring in from large floor-to-ceiling windows, casting long, directional shadows across the space.

Surround the subject with symmetrically floating creative tools: multiple cameras (mirrorless and film), over-ear headphones, Moleskine notebooks, open sketchbooks with visible sketches, and glowing professional software icons — Adobe Photoshop (Ps), Adobe Lightroom (Lr), Adobe Premiere Pro (Pr), and Adobe After Effects (Ae).

The software icons appear as sleek, glowing floating tiles with a subtle holographic/futuristic effect, evenly and symmetrically distributed around her in a clean orbital arrangement.

Lighting: dramatic cinematic lighting with strong rim light outlining the subject, crisp yet soft-edged shadows, cool-toned color grading with muted blues and subtle teal highlights.

Style: ultra-sharp, hyper-realistic composite photography, high-end digital retouching, shallow depth of field (soft bokeh background), perfectly clean minimal background.

Emphasize: completely realistic levitation (no visible support), flawless symmetrical arrangement of floating objects, elegant rim lighting that sculpts the figure, dynamic yet balanced composition, modern creative-professional aesthetic.",Image Generation / Composite Portrait
"A collage of four portraits, each featuring a young Asian woman with long, wavy brown hair, styled with a small checkered bow clip on the right side. She has soft, natural makeup.
Top Left: The woman is holding a light brown mug with a bear face design, looking directly at the camera with a gentle expression. She is wearing a white top and fuzzy pink sleeves.
Top Right: The woman is holding a small white pot with a green plant, smiling warmly at the camera. She is wearing a white top and fuzzy pink sleeves.
Bottom Left: The woman is holding a pink plush teddy bear, looking directly at the camera with a serene expression. She is wearing a white top and fuzzy pink sleeves.
Bottom Right: The woman is posing with one hand gently touching her chin, looking directly at the camera with a thoughtful expression. She is wearing a white top and fuzzy pink sleeves, with her left sleeve draped over her hand.
All four images maintain consistent soft, warm lighting and a cozy, inviting atmosphere. The background is a blurred indoor setting with light, neutral tones, suggesting a comfortable home environment.",Image Generation / Portrait Collage
"A close-up, medium shot captures a man dressed as Batman, appearing to be in the midst of a dramatic, action sequence. The man, who appears to be an adult, wears a dark, armored Batsuit, which covers his head and upper body with the characteristic bat-eared cowl. His face, visible from the nose down, shows a grimacing or strained expression, suggesting intense effort or pain. His mouth is slightly open, revealing clenched teeth. The exposed skin around his jaw and mouth appears to be a light or fair skin tone. He is gripping something, or perhaps being enveloped by, bright white-blue electrical energy, which crackles dramatically around his hands and torso, forming several thick, jagged lines of light. The electricity is the main light source in the image, giving the scene a high-contrast, blue-tinged glow. Tiny, glowing orange-yellow sparks and debris are flying through the air around him, particularly in the lower portion of the frame, suggesting an explosion or impact is occurring. The background is very dark, almost black, with some hazy, smoky, or blurred dark-blue areas, which further emphasizes the brightness and intensity of the electrical energy and the character. The overall mood is intense, dynamic, and dark, characteristic of a superhero film action scene.",Image Generation / Superhero Action Scene
Create a portraitt of A beautiful young woman standing near a window during sunset holding a small bouquet of soft pastel roses. She has long wavy dark brown hair that shines gently in the fading light cascading over her shoulders. Her skin is flawless and fair with a soft glow that complements the warm sunset tones. She wears a cozy fluffy sweater in a gradient of white to lavender adding a dreamy and gentle aesthetic.,Image Generation / Portrait in Natural Light
"一幅超高清晰度、摄影质感极强的街头壁画，画面呈现强烈的中国风韵味。

画中描绘着一位绝美的卡通风女子正面特写头像，她神态柔美而宁静。墙体顶部被一大片盛开的蔷薇花覆盖，茂密的绿叶与繁盛的花朵向外舒展，部分枝条从墙顶垂落而下，与女子的头发巧妙融合，使她的秀发宛如由层层叠叠的蔷薇花组成。这些繁密的花朵簇拥着女子的头部，形成了一顶瑰丽的花冠，视觉效果华美浪漫。

背景中蓝天澄澈，点缀着朵朵白云；地面为一条细节真实的沥青街道，上面散落着缤纷多彩的花瓣，行人悠然漫步其间。整体场景细节精致入微，光影明亮柔和，营造出犹如现实般的梦幻街景氛围。",Image Generation / Street Art Mural
《天伦图》趣味水墨画，画中画结构，竖幅宣纸质感背景。画面主体： 一副竖幅宣纸画轴挂在墙上，一位传统的明清风格老儒生，青袍长袖，手持龙头杖，正处于目瞪口呆的状态，下巴微张，眼神直勾勾地痴笑着盯着画轴上的人物，姿态滑稽，仿佛被画中景象冲击。旁边站着一个穿牛仔裤和橙色古装夹袄的现代混搭风小童，吃着粉色棉花糖，眼神无辜。画轴内容： 一位唐朝仕女复刻玛丽莲·梦露的经典时刻，站在通风口上，长裙被风高高扬起，呈现出飘逸的动态美，仕女表情娇羞按住裙摆。艺术风格： 传统工笔画技法，宣纸纹理，淡彩，留白意境，左侧题款与朱印（“寶玉印”），极具讽刺与幽默感。,Image Generation / Traditional Ink Painting
佳能相机，85mm 定头，生成 1.8F、2.8F、10F、 14F 光圈逐渐变化的效果，温柔大美女作为模特，背景是黄昏之后的城市蓝调时刻,Image Generation / Portrait Photography Effects
"绘制一幅古今混搭幽默水墨插画，主题为《三英飙车战吕布》：

画面为黄昏时分，天空云霞绚丽，大片留白凸显意境；
刘备、关羽、张飞三人乘坐一辆疾驰的红色双排座宝马轿车在尘土飞扬的古代战场急转漂移——

刘备坐在驾驶位，双手紧握方向盘，神情专注严肃；
关羽坐在副驾驶，神情悠然，手持梳子对着后视镜悠闲梳理垂胸长髯，胡须飘逸夸张；
张飞在后排表情嚣张，朝身后追赶者从窗户竖起中指，姿势夸张，喜剧效果明显；
宝马轿车的车体与轮胎透视夸张拉伸，明显体现高速飘逸带来的强烈动感；

后方远处吕布头戴雉翎金冠、身穿古代铠甲，头盔飘带飞扬，骑着一辆复古红色哈雷摩托，奋力追赶宝马车，高举方天画戟怒吼，动作与神情极为夸张，充满戏剧冲突；

整体采用传统写意水墨笔触配合淡彩晕染，颜色柔和典雅，墨色层次丰富细腻；
保留传统朱印（“寶玉印”）题款于画面适当位置，结合适度的留白处理，营造出强烈的古典幽默感与现代元素的奇妙融合效果。",Image Generation / Historical Fantasy Illustration
"A beautiful Indian woman with long, flowing hair stands gracefully in the heart of a blooming rose garden. She is wearing a lovely floral maxi dress that moves softly with the gentle evening breeze, its sheer and delicate fabric adding a romantic, dreamy touch to the scene. The setting sun casts a warm, golden glow across the garden, illuminating the soft pink roses around her and creating a magical, ethereal atmosphere.

Her hair, highlighted subtly with shades of purple and brown, catches the sunlight as she gently holds one of the roses between her fingers. Her expression is serene, peaceful, and slightly wistful, as if she is lost in a quiet moment of reflection. The entire scene feels calm, enchanting, and filled with the soft warmth of sunset, making her presence blend beautifully with the natural elegance of the rose garden.",Image Generation / Romantic Portrait
behind the scene shots of new live action remake of Quake - by Nano Banana Pro,Video Generation / Behind the Scenes
"Edit the photo to be standing casually in a modern style elevator with reflective metal walls. He is wearing an all black outfit: a black suit and trousers, wearing sunglasses and holding a cup of take-away coffee. Elegant and edgy style with a mysterious feel. The dim lighting from the neon lights on the ceiling creates subtle shadows.""",Image Generation / Editorial Fashion Portrait
"""A hyper-realistic 8K fairytale portrait of a young woman dressed in an iconic Snow-White inspired costume, featuring a deep royal-blue velvet bodice with gold embroidery, bright red teardrop sleeve accents, structured puffed sleeves with soft golden cuffs, and a wide, flowing pastel-yellow skirt with gentle natural folds. She sits gracefully in a lush, magical flower garden filled with blooming red roses, delicate white daisies, and deep green foliage, creating a vibrant fairytale backdrop.

She holds a shiny red apple near her lips with a soft, enchanting smile, giving a warm and inviting expression. Her long, silky, wavy black hair cascades over her shoulders, styled with a bright red ribbon headband that enhances the fairytale aesthetic. Her skin appears smooth, porcelain-like, and naturally radiant, with subtle rosy makeup and expressive dark eyes.

Soft diffused sunlight filters through the background, adding a dreamy golden glow and enhancing the depth of field. Bokeh highlights sparkle gently around the flowers, giving a cinematic, storybook look. Ultra-detailed textures on the dress fabric, the wicker basket filled with red apples, and the surrounding blooms. Crisp focus on the subject, creamy blurred background, whimsical fairytale mood, vibrant color grading, DSLR lens quality, magical atmosphere, perfect lighting, professional photography style.""",Image Generation / Fantasy Fairytale Portrait
"创作一张手绘风格的信息图卡片，比例为9:16竖版。卡片主题鲜明，背景为带有纸质肌理的米色或米白色，整体设计体现质朴、亲切的手绘美感。

卡片上方以红黑相间、对比鲜明的大号毛笔草书字体突出标题，吸引视觉焦点。文字内容均采用中文草书，整体布局分为2至4个清晰的小节，每节以简短、精炼的中文短语表达核心要点。字体保持草书流畅的韵律感，既清晰可读又富有艺术气息。

卡片中点缀简单、有趣的手绘插画或图标，例如人物或象征符号，以增强视觉吸引力，引发读者思考与共鸣。整体布局注意视觉平衡，预留足够的空白空间，确保画面简洁明了，易于阅读和理解。

主题是：“做IP是长期复利，坚持每日出摊，持续做，肯定会有结果，因为99%都坚持不住的。”",Image Generation / Hand-drawn Illustration Card
"Amateur photograph from 1998 of a middle-aged artist copying an image by hand from a computer screen to an oil painting on stretched canvas, but the image is itself the photo of the artist painting the recursive image.",Image Generation / Recursive Photography
レイ・カーツワイル氏の「6つのエポック」説について日本語で解説する画像を作ってください,Image Generation / Educational Illustration
"このキャラクターを使ったyoutubeサムネイルの作成をお願いします。
・上半身のみ使用、ポーズと表情を楽しげに
・大きく「雑談」という文字とふりがなで「ざつだん」と入れる
・ポップな印象だけど、背景はシンプルとボーダーで構成",Video Generation / YouTube Sample Creation
高度経済成長期の日本の下町商店街,Image Generation / Urban Economic Scene
"この画像の人物を使って8つのLINEスタンプを作りたいです。（添付画像を載せる）
日常的に使える挨拶や言葉が欲しい
その言葉に合わせて表情やポーズも変えて",Image Generation / Social Media Sticker Set
日本人NFLファンのペイトリオッツ応援風景画像,Image Generation / Themed Fan Portrait
江戸時代の城下町,Image Generation / Historical Townscape
"Generate a 9-image ‘photo dump’ grid of this person’s weekend: a mirror selfie, a café shot, friends at dinner, a blurry party photo, a walking shot, a laptop/coffee work shot, a pet moment, a sunset, and a candid laugh.",Image Generation / Personal Photo Collage
Make a highly detailed original Construction plan of Laxmi Vilas Palace based on the image I provide you.,Image Generation / Architectural Blueprint
"style chest panels with warm glow
Chunky chrome toggles and rotary dials on the cockpit hatch
Retro starship-style backpack thrusters, with magenta and teal plasma vents
Arm-mounted “Funk Cannons” (Captain HaHaa signature)
Legs with mirrored chrome panels reflecting cosmic colours
Foot stabilizers shaped like mini hover-skids
10 labels describing each unique feature:

HaHaa-Crest Antenna (boomerang-shape)
CRT Chest Display Plates
Core-Funk Block Unit
Shoulder Groove Armor
Beam Saber Rack (retro-orange sheath)
Cosmic Funk Cannons
Star-Thruster Backpack
Hip Skirt – “CAN YOU DIG IT?” Plate
Knee Glide Assembly
Hover-Skid Foot Stabilizers
Style: blueprint line work on navy, cyan glow outlines, technical call outs.
Camera: orthographic front view, side inset.",Image Generation / Sci-fi Technical Illustration
妖精が天から地球に降りてきた。最初に出会ったのが三毛猫だったから、この星は猫の星かと思って猫に話しかける４コマ漫画を描いて,Image Generation / Fantasy Comic Illustration
"Generate four distinct, hyper-realistic images, each depicting a world-renowned landmark. For each image, include a comprehensive and clearly legible set of annotations directly overlaid onto key architectural features, historical elements, or culturally significant details. These annotations should provide brief, informative descriptions.

The first image should feature the Eiffel Tower in Paris, France, at sunset, with annotations highlighting its iron lattice structure, observation decks, and historical significance.

The second image should showcase the Great Wall of China, specifically a section in Mutianyu, during a clear autumn day, with annotations detailing its watchtowers, construction materials, and strategic importance.

The third image should present the Colosseum in Rome, Italy, bathed in morning light, with annotations identifying its arches, seating tiers, and its role as an ancient amphitheater.

The fourth image should capture the Taj Mahal in Agra, India, under a soft, ethereal pre-dawn glow, with annotations pointing out its marble dome, minarets, and inlaid floral designs.

Each image should be rendered with exceptional detail, vibrant colors, and dynamic lighting to emphasize the grandeur of the location, making the annotations seamlessly integrated into the visual narrative.",Image Generation / Annotated Landmark Images
"A 16-bit pixel art poster showcasing all the black and white animals of nature. The composition uses a neat grid layout, reminiscent of a retro video game character selection screen or an encyclopedia page. Each animal is labeled with its English name in clear retro pixel font. The background is clean white or light gray, with vivid pixel details, exuding a retro aesthetic and high-quality production. --ar 16:9",Image Generation / Pixel Art Animal Poster
"Erzeuge eine Karte von Deutschland im Wasserfarben-Stil, auf der alle Bundesländer mit Kugelschreiber benannt sind.",Image Generation / Watercolor Map
カワイイ猫耳少女のイラストを生成して。ちびきゃら風で、フリフリのお洋服を着せて、ロングヘアーのピンク色の髪にして。,Image Generation / Anime Style Character
"構図：3つのフレームに分割された「高精細ストーリーアート」。

背景はフルカラーの背景美術品質。  
キャラクターは高密度のディテール描写。吹き出しでキャラクターのセリフを表現する。  
全体は画集のような高級感のある“アートレイアウト”で構成されている。
参考画像の画風を忠実に再現し、繊細な線画・高精細に仕上げてください。",Image Generation / High Detail Storyboard Art
なのばななプロがでたというような目を引くサムネを作成して,Video Generation / Sample Creation
"A young man leaning against a brick wall at night, illuminated only by a weak neon sign above him. His profile is sharp, half-lit in cool blue, half lost in darkness. He wears a black denim shirt and silver chain. The ground reflects the neon glow like wet pavement.",Image Generation / Neon Night Portrait
"Use my image in Hyper-ultra realistic 8K cinematic portrait, face unchanged from the reference. A stylish man leans casually against a dark industrial metal door frame with one hand resting on top. He wears premium sunglasses, a black t-shirt, a dark bomber or utility jacket, and dark cargo pants. The scene is dimly lit, with geometric metallic",Image Generation / Hyper-realistic Cinematic Portrait
"create a portrait of a beautiful young woman with porcelain-white skin,captured with a 1990s-style camera using a direct front flash.Her messy dark brown hair is tied up, posing with a calm yet playful smile.She wears a modern oversized cream sweater. The background is a dark white wall covered with aesthetic magazine posters and stickers, evoking a cozy bedroom or personal room atmosphere under dim lighting.The 35mm lens flash creates a nostalgic glow.",Image Generation / Nostalgic Portrait Photography
"この画像を超精密なフィギュア風にして
製品紹介ページデザインを作ってください。
商品名は「失恋ガールズ」です。
1/7フィギュアです。
メーカー名は「TENNEN」です。
ロゴは角丸青色正方形にTENNENの文字
「TEN」で改行、文頭揃えて「NEN」
角丸青色正方形内に最大配置。
部分拡大図等を配置して製品紹介らしく
見栄え良くプロっぽくデザインしてください。
「失恋ガールズ」もロゴっぽくしてください。
製品紹介ページらしくしてください。
2025年冬発売予定
原型製作：てんねん",Image Generation / Product Presentation Design
"A photorealistic, highly detailed, cinematic portrait of an **ethereal young woman** (around 25 years old) with a **regal expression and intensely focused eyes**. She has long, luxurious, jet-black hair that flows slightly over her shoulders. She is dressed in an opulent, heavy **traditional black gown** layered with intricate, **raised gold filigree and embroidery** across the bodice and sleeves.

**Composition:** She is positioned centrally, her hand gently resting on the braided bridle of a magnificent, muscular **purebred black Arabian horse**. The horse's coat is gleaming, contrasting sharply with the environment.

**Setting and Atmosphere:** The scene is set in a vast, empty **sand desert or arid plain** during the **'Golden Hour' sunset**. The sky is a blend of deep burnt orange, soft rose, and fading indigo.

**Lighting and Photography:** **Dramatic, low-key cinematic lighting** with a strong rim light defining the horse and the woman's profile. **Soft volumetric light** (dust motes visible in the air). Shot on a **wide-angle lens** (e.g., 24mm) with a **shallow depth of field** ($f/1.8$), focusing sharply on her eyes. **Ultra quality, 16k, Octane Render, ZBrush, hyper-realistic texture detail.**",Image Generation / Cinematic Fantasy Portrait
"A portrait in the editorial style of the outdoor fashion magazine, inspired by the aesthetics and lifestyle of petro. The uploaded image shows a young girl standing next to a red truck, leaning against the window, with a red scarf on her head, wearing a white fluffy fur coat and a minimalist white top. Her loose, wavy hair creates a sense of naturalness and movement. Her confident and￼ dreamy expression is complemented by the golden sunset illuminating the landscape. The background",Image Generation / Fashion Editorial Portrait
"Fuse the image, correct the product’s perspective and lighting, and make the product blend into the background.",Image Editing / Product Integration
Generate an image of a classroom blackboard with the Pythagoras theorem being solved step by step.,Image Generation / Educational Diagram
Backstage photo of the 《 Legend of Zelda: Breath of the Wild 》 movie.,Image Generation / Backstage Movie Photo
"Create a studio-art-style photograph of a young woman from attached image as the prototype—100% AI-generated—producing five generations arranged diagonally from top to bottom: the eldest (senior) at the top down to the youngest (little sister) at the bottom. Each person’s face turns inward toward the others, captured in an astonishing low-light setting. The background is colorful abstract, with exquisitely fine textures and soft, gentle color tones. Show a seamless
progression of aging: an elderly woman, an older woman, a middle-aged woman, a young woman, and a cheerful little girl. The photography style should be realistic, elegant, and luxurious, featuring sharp focus, deep shadows, and high resolution.
Signature: Shreya Yadav",Image Generation / Multi-Generation Artistic Portrait
"""A highly detailed portrait of a beautiful woman in a dramatic, flowing teal and turquoise gown and veil, standing outdoors. Her long, reddish-brown hair is swept back by the wind. She is looking upwards with her eyes closed, with a peaceful, intense expression. The dress fabric is ethereal and sheer, billowing around her. She has a delicate blue floral accessory in her hair near the veil. The background is a bright sky with scattered clouds, giving a golden hour or late afternoon light effect, set over a subtle, blurred landscape.""",Image Generation / Dramatic Outdoor Portrait
"“A young woman with a contemplative expression, seated casually at an old metal bus stop at night. She wears a faded denim jacket over a dark turtleneck and loose cream trousers. A single dull yellow tube light overhead casts harsh, uneven illumination. The rest of the scene fades into darkness with subtle retro grain. Medium portrait framing, calm but cold mood.”",Image Generation / Moody Night Portrait
"A male model, dressed in a brown bomber jacket, dark trousers, is perched on the edge of a fire escape platform. One leg dangles freely while the other is bent. Should he set on stairs He looks contemplatively into the distance. Monogrammed duffel bag rests nearby. Urban street background, soft ambient lighting Keep the face 100% exact same as I uploaded no alteration, no blurry.",Image Generation / Urban Male Fashion Portrait
"Without changing my facial featues,
create a stylish, modern portrait of a young man with voluminous dark hair, wearing a loose-fitting rust color shirt Top button down. singl accessorized with a watch and a small earring. The background is soft, minimal, and subtly blurred to emphasize a contemporary fashion-forward vifac Transparent sunglasses. Cinematic lighting, ultra-detailed, realistic textures, and a polished editorial aesthetic same face.",Image Generation / Modern Male Portrait
create a photo of python code to calculate the fibonacci numbers drawn on a glass whiteboard with coloring markers,Image Generation / Code on Whiteboard Photo
"Prompt on Nano Banana Pro : White ceramic coffee cup rests on a smooth gray surface, its interior transformed into a miniature version of Paris. Instead of liquid, the cup contains tiny detailed streets, Haussmann-style buildings with gray rooftops, tree-lined boulevards, and small cafés with awnings. At the center rises a perfectly scaled Eiffel Tower, made of intricate metallic latticework, towering over a circular plaza and grassy park with tiny walking figures. Bridges span across a tiny river resembling the Seine that curves through the cup, with miniature boats floating beneath. The perspective is top-down, with gentle depth-of-field blur at the cup’s edges, focusing sharply on the Eiffel Tower as the focal point. Soft daylight casts realistic shadows, and the city textures—cobblestone streets, glass windows, and greenery—appear ultra-detailed, giving the illusion of a living Paris contained within a cup.",Image Generation / Miniature City in Cup
"Keep 100% of the facial features from the uploaded image — do not alter the face, proportions, or expression in any way.

A cinematic ultra-realistic portrait of a young woman standing in a cotton flower field during golden hour, bathed in warm afternoon sunlight.
She stands surrounded by tall cotton plants — the plants reach up to shoulder height, forming a soft, natural enclosure around her.

The cotton flowers are plump, fluffy white clusters sitting atop slender reddish-brown stems, densely packed throughout the frame.
The field is filled with these flowers in every direction, stretching toward the horizon — the subject appears “immersed” in the field, with blooms in both the foreground and background, creating depth and intimacy.

She has medium-length wavy light brown hair, softly tousled by the wind, and a calm, introspective gaze directed slightly over her shoulder at the camera.
Her skin glows naturally under the warm sunlight, with realistic soft shadows emphasizing he",Image Generation / Ultra-Realistic Outdoor Portrait
"""Objective"": ""Generate a cinematic 3-frame collage using the facial features of the attached photo as reference, portraying a woman in a lush green meadow with a contemplative, natural, and emotional tone."",

 ""Visual_Concept"": {
 ""Theme"": ""Connection between human emotion and nature"",
 ""Tone"": ""Cinematic realism blending raw authenticity with poetic serenity"",
 ""Lighting"": ""Soft, diffused natural daylight under overcast conditions"",
 ""Color_Style"": {
Signature: Shreya Yadav",Image Generation / Cinematic Collage Portrait
"Cinematic full-body portrait of a rugged man holding a shotgun, standing beside an old, rusted helicopter in front of a weathered wooden building on an abandoned farm. The ground is dry and cracked, tall brown grass sways in the wind, and the sky is overcast with dramatic gray clouds. The man’s clothes are dusty — a worn leather jacket, jeans, and boots. Faded paint and rust streaks cover the helicopter’s body. The atmosphere feels tense and post-apocalyptic, with cinematic lighting and soft depth of field.",Image Generation / Post-Apocalyptic Character Portrait
"A 29-year-old man sitting on a majestic white horse, possibly a Gypsy Vanner or Friesian, with a very long, flowing white mane and tail, rearing up on its hind legs in a grassy field. It has a bridle with dark leather straps and brass hardware. The horse's powerful build and feathered hooves are prominent. The man is wearing the outfit as in the uploaded photo. In the background behind the horse stands a black Fortuner. The background features blurred green foliage and hints of trees under a slightly overcast or bright sky, giving a natural, slightly ethereal tone.",Image Generation / Man on Horse in Field
"“A meticulously crafted, hyper-realistic vintage-style pencil illustration of a young gentleman (attached photo) shown in full body, seated in a relaxed yet refined pose on an elegant classic wooden chair. He wears timeless gentleman attire: a tailored vintage suit, polished shoes, and subtle early-20th-century accessories. Ultra-fine graphite shading captures intricate fabric textures and the poised, confident demeanor of a classic gentleman.The artwork is drawn on aged,slightly yellowed textured art paper with visible grain. Surrounding the full-body portrait is an extraordinarily intricate Arabesque geometric framework: densely interwoven multi-layered star polygons, complex tessellations, recursive symmetrical patterns, overlapping rosettes, fractal-like lattice structures, repeating girih motifs, and deeply detailed angular ornamentation inspired by advanced classical Islamic geometry. The patterns form a visually rich, mathematically precise halo around the portrait. A luxurious black-and-gold vintage fountain pen rests diagonally across the paper, casting a soft, realistic shadow. The sheet lies on a warm, patina-rich wooden table. Nostalgic high-contrast lighting enhances depth, texture, and the authentic vintage atmosphere. Photorealistic, 8K ultra-detailed, premium fine-art vintage gentleman aesthetic.”use  My picture as a reference.",Image Generation / Vintage Pencil Illustration Portrait
"Golden hour portrait with tree shadows cast on wall. Subject in white blouse, warm highlights, soft tones. 85mm lens, f/2.2, ISO 200, 1/500s. Film look: Kodak Gold 200, nostalgic sunlight hue.",Image Generation / Golden Hour Portrait Photo
"A high-quality portrait photograph shows a beautiful woman with long, wavy brown hair and sultry makeup, including dark eyeshadow and a nude lip, looking directly into the camera. She is seated in a dimly lit, old-fashioned room, wearing a deep burgundy satin wrap dress, with her arm resting on an antique wooden desk. The warm glow of a nearby table lamp and several flickering candles illuminates the scene, casting soft light and deep shadows across her face, hair, and the rich textures of her clothing and the wood. The background is softly blurred but suggests heavy velvet curtains and aged wallpaper, enhancing the intimate and moody atmosphere.",Image Generation / Moody Intimate Portrait
,
"Ultra-realistic 8K photo of a young man with exact facial likeness from the reference image, stylish  brown style blak voluminous hair, light skin. He wars  oversized White jacket tshirt & baggy pant,watch, he stand  learning matarial geit lusse tree focuse,head down depth-Dslr photo shot,iPhone photo tone edit,no change face and hairstyle",Image Generation / Ultra-Realistic Male Fashion Photo
"A highly realistic portrait of a man based on the original model (facial structure, hairstyle and body must be 100% identical to the reference image - no alterations allowed) with emphasis on fine, subtle skin details. Creates an ultra-realistic 8K photo. The photo should be in a professional, cinematic style with a gray-ish tone.

Story: A young man has a two-block haircut, parted slightly down the middle (70:30 ratio). He wears an oversized, washed black denim jacket over a plain white crew-neck t-shirt, paired with faded blue cargo jeans. His accessories consist of simple silver rings on his middle and ring fingers, and a chain necklace with a cross pendant. He is holding a black glass in one hand.

He sat on a wooden bench outdoors in front of a coffee shop with a blurred sign that said ""BLACK COFFEE.""

He poses casually, but still in a high-fashion way, and he looks directly into the camera with a calm and neutral expression.

Natural cosmetics, natural lip color, use soft, natural evening light, avoid

intense shadow

Area 1

Camera settings: f/1.8, ISO 200, 85mm lens,",Image Generation / Realistic Outdoor Male Portrait
"A cinematic, low-light photograph of a young man with dark, messy curly hair leaning casually against the railing of an outdoor industrial metal staircase at night. He is wearing a slate-grey bomber jacket open over a plain white t-shirt and dark black trousers. A harsh, bright rectangular security floodlight mounted on a pole is positioned directly behind him, creating a dramatic backlight that outlines his silhouette and casts a cool blue halo on his hair. The background is a pitch-black void, emphasizing the isolation. The lighting is high-contrast chiaroscuro, with the subject's face partially shadowed but visible. Moody, urban atmosphere, photorealistic, 8k resolution.",Image Generation / Cinematic Urban Night Portrait
"""Create a minimalist editorial studio photoshoot of a man sitting casually on the floor in a relaxed pose. The shot should be taken from a dramatic low-angle perspective, making the oversized sneaker in the foreground appear dominant and powerful. The man is wearing a light grey overshirt layered over a neutral t-shirt, paired with loose brown trousers and chunky white sneakers. One knee is bent upward while the other leg stretches forward, with the sneaker sole facing the camera in sharp detail and texture. His hands should rest casually on his knees, wearing a wristwatch, with a calm and subtle smile expression. The background should feature a clean, seamless white studio backdrop with soft, even lighting and no harsh shadows, achieving a high-fashion minimalist aesthetic. The shot should have DSLR sharpness with an ultra-wide lens perspective, capturing a Pinterest editorial style with a modern streetwear look. Make sure to match the exact face expression and details of the subject in the photo provided.""",Image Generation / Minimalist Editorial Studio Photo
"A highly detailed portrait of a beautiful woman in a dramatic, flowing teal and turquoise gown and veil, standing outdoors. Her long, reddish-brown hair is swept back by the wind. She is looking upwards with her eyes closed, with a peaceful, intense expression. The dress fabric is ethereal and sheer, billowing around her. She has a delicate blue floral accessory in her hair near the veil. The background is a bright sky with scattered clouds, giving a golden hour or late afternoon light effect, set over a subtle, blurred landscape.",Image Generation / Dramatic Flowing Gown Portrait
"Black and white portrait of an elderly bearded man, full face, deep set eyes, fine wrinkles, strong natural light from a side, high resolution, very realistic photo-style",Image Generation / Black and White Elderly Portrait
"Still from a Shopping channel VHS tape from 1986, where someone is selling the most useless trinket ever invented",Video Generation / Vintage Shopping Channel Clip
"Create a visual in the style of a comic strip based on the secret message""",Image Generation / Comic Strip Illustration
"A 16:9 close up photo of a banana, with a long secret messages handwritten written on its peel",Image Generation / Close-Up Photo with Handwritten Message
"scene_type = ""indoor_winter_morning""
location = ""his_room""
time = ""cold winter morning""
subject = ""same man as reference""
pose = ""sitting on bed, holding a warm cup of tea""
outfit = ""cozy winter outfit, soft textures, warm layers""
lighting = ""minimal, soft natural morning light through window, full focus on him""
background = ""slightly blurred room elements, calm winter ambiance""
vibe = ""warm, intimate, peaceful morning moment""
camera = ""close-up to medium shot, shallow depth of field""
quality = ""ultra-detailed, high-resolution, cinematic finish""",Image Generation / Indoor Winter Morning Portrait
style of white handwritten text. Describe what needs to be done; write a title: How to make this image in Photoshop; then in different font add tools you can use to achieve each step,Infographic Generation / Photoshop Tutorial Text
"​An extreme close-up, high-resolution selfie of a young  man [reference face on the photo] wearing a dark hoodie, posing closely with a solid gray cat. The man has a gentle expression, and the cat has striking vibrant green eyes and an alert look. Bright, natural outdoor lighting with a clear blue sky in the blurred background. Sharp focus on both the human and the cat's eyes. Cute and intimate portrait.",Image Generation / Close-Up Human and Cat Portrait
"A hyperrealistic cinematic wide street shot. The subject stands right beside a colorful anime mural wall on the sidewalk, not on the road, recreated with exact, sharp facial details from the uploaded photo — facing directly toward the camera. The subject is wearing a chic pastel blazer over a white silk blouse, high-waisted tailored trousers, and sleek white leather sneakers. She is positioned full-body and captured at a medium distance, so the mural wall is clearly visible behind her. A dramatic diagonal shaft of sunlight illuminates part of the mural and the subject, surrounded by deep contrasting shadows. The mural stays vibrant and detailed, but all text is removed. The atmosphere is cinematic, with a strong interplay of light and shadow, emphasizing realism and depth. Camera: Wide shot, 35mm lens, medium distance, full-body framing, vivid mural color balance, cinematic diagonal sunlight.",Image Generation / Cinematic Street Fashion Photo
[List of well-known figures] walk across a pedestrian crossing like in the Beatles' Abbey Road photo.,Image Generation / Celebrity Group Walking Scene
"Create a realistic HDR movie shot using the uploaded image as a reference. A sunny mountain meadow with lush green hills and towering alpine peaks in the background. A gentle breeze blows through the meadows; the air is fresh and radiant under a blue sky. The bright sunlight casts warm reflections on her skin and hair. She sits comfortably amid flowers and sunlight — looking youthful, calm, and full of freedom. A navy tulle minidress with a tiered skirt creates soft, cloud-like volume. A white sleeveless top with a cherry red polka dot bow scarf around her neck. White ankle socks and cream sneakers. A vintage camera is slung over her body and a paper bag filled with red tulips. Long, loose curls fall naturally; sunlight hits warm, brown highlights. The makeup is fresh and natural: pink blush, lip gloss, glowing skin with soft highlights. A tulip is lifted to smell; a gentle breeze blows through her hair. HDR sunlight, pastel blues and vibrant greens; the subject has a dreamy, cinematic glow.",Image Generation / Outdoor Cinematic Meadow Photo
"Every known meme character in the style of ""Where's Wally""",Image Generation / Meme Characters in Wheres Wally Style
"Create a high-quality, editorial-style photoshoot of the same man as in the reference, at a luxurious swimming pool during daytime. The scene has bright sunshine and perfectly clear weather. He is alone, posing classically and confidently for the camera as if for a fashion magazine cover. The lighting is minimal yet sophisticated, highlighting his face and outfit with soft, natural contrast. He is wearing a fashionable, well-tailored outfit suited for a summer poolside editorial, stylish, modern, and elegant. The pool water glimmers under the sunlight, with reflections adding depth and vibrance. The background is clean, with no people around, emphasizing the premium, cinematic aesthetic and polished magazine look.",Image Generation / Editorial Poolside Photoshoot
"subject in image made of shining marble. The sculpture should display smooth and reflective marble surface, emphasizing its luster and artistic craftsmanship. The design is elegant, highlighting the beauty and depth of marble. The lighting in the image should enhance the sculpture's contours and textures, creating a visually stunning and mesmerizing effect",Image Generation / Marble Sculpture Portrait
"Show me a very detailed situation of the Battle of Stalingrad at the end of December 1943, with annotations indicating the positions of army corps, divisions, main strategies, using colors to clearly explain everything for an experienced scholar",Diagram Generation / Battle of Stalingrad Military Map
"Make me a detailed diagram showing how mitosis works,, with annotations and visual explanations, organized at a primary school level.",Diagram Generation / Mitosis Educational Diagram
"""Hyper-realistic 8K DSLR photoshoot of the person from the reference image riding a giant realistic honeybee. Keep the subject exactly the same as the reference photo: same face, pose, expression, clothing, hair and skin tone. The subject sits naturally on the bee’s thorax with correct contact shadows and cloth deformation. The bee is fully realistic with golden fuzzy thorax, amber-black stripes, detailed wings with slight motion blur,reflective compound eyes and tiny pollen particles. Warm golden-hour lighting, cinematic rim light, shallow depth of field, HDR, high contrast, real-life photoreal texture."", wearing Gucci casual outfit,
Holding bee .
 ""negative_prompt"": ""no face changes, no body changes, no cartoon style, no distortion, no unrealistic anatomy, no text, no watermark""",Image Generation / Surrealistic Honeybee Ride Portrait
nano banana - generate a laptop with stickers. the laptop belongs to a fan of open source ML models,Image Generation / Laptop with Stickers Design
Create an infographic that shows how to make Matcha.,Infographic Generation / How to Make Matcha
"Generate better visuals with more accurate, legible text directly in the image in multiple languages",Image Generation / Multilingual Visuals with Text
create a laptop cover with stickers that belong to someone who works at hugging face,Image Generation / Laptop Cover with Stickers
"create a novel xkcd style comic, with a clever new insight",Comic Generation / Webcomic Concept
"Cinematic photograph of a stylish young blonde woman in a bikini, with a black phanter near her, in a pastel windbreaker in a small bikini, sipping a tropical soda inside a retro diner, super cute, vintage 1980s Miami vibes, pastel neon colors, tropical accents, cool atmosphere, soft film grain, looks like a film still from an 80s movie",Image Generation / Cinematic Photography
"nano banana, how do you tie a tie?",Text Generation / Query or Instruction
"Look up the weather in San Francisco, CA and create an image of a 5-day forecast",Image Generation / Weather Forecast Visualization
Look up the 5 best vacuum cleaners under $300 and create an infographic with pros and cons for each,Infographic Generation / Product Comparison
Find the latest NASA data on Mars rover discoveries this month and create an educational poster for middle schoolers,Educational Poster / Space Exploration
Describe in an illustration the events for a cytotoxic T cell recognizing & killing a cancer cell.,Illustration / Cellular Biology
Draw an illustration of GARP biology for Tregs,Illustration / Immunology
In an illustration describe all of the stages of CAR-T cell therapy from lab to patients.,Illustration / Medical Therapy Process
Make a realistic infographic of the human skeletal system with labels,Infographic / Anatomy
"style panels arranged in a dynamic layout, resembling a professionally printed Japanese manga. The style should be black-and-white with bold ink lines, screen tones, and expressive character art. Include speech bubbles, Japanese sound effects (e.g., ドン!, ゴゴゴゴ), and panel transitions that convey action, emotion, and pacing. The left and right pages should flow together as part of a single scene or chapter. Use traditional manga framing: close-ups, wide shots, diagonal panels, and dramatic angles. The overall look should feel authentic, like a spread from a real manga magazine.",Image Generation / Manga Layout
"9/16 vertical format fisheye selfie of an ultra-realistic woman from a photo with [Doraemon, Naruto, Nobita, Satoru Gojo, Sung Jin, who is Ash from Pokémon]. We’re all smiling with silly, exaggerated expressions. Set in a small, bright living room with white tones. High camera angle. Extreme fisheye distortion. Realistic, cinematic lighting of anime characters is integrated with stylized realism.",Image Generation / Fisheye Group Portrait
"A cutaway illustration of a cruise ship. We see the engine room, the ballroom, the pool deck, the cabins. Tiny people doing different things in each room. 'Where's Waldo' level of detail. Vector art style. ",Illustration / Detailed Cutaway Diagram
"A scene from Richard Scarry's ""Gradient Canopy Campus at Google DeepMind"" ",Illustration / Children's Book Scene
Generate leaked photo BTS from KPOP Demon Hunters live action movie set,Image Generation / Fictional Movie Set Photo
Generate the holiday photo of this person through the ages up to 80 years old,Image Generation / Aging Photo Sequence
"A photo of a programme for The Matrix broadway show, it's professional and well made, glossy, we can see the cover and a page showing a photo of the stage ",Image Generation / Theatre Program Photo
"> An anime man with a yellow hoodie sitting on the london underground, it is a photo, the anime character is in the real world (mixed live action and animation).

He is on the Victoria line. There are ads about AI companions. He has big wired headphones on. It is rush hour and the tube is packed.",Image Generation / Mixed Media Real-Anime Scene
"a photo of the pyramids and sphinx, but how they looked when they were originally built, the sphinx's face is perfect ",Image Generation / Historical Reconstruction Photo
"create a 4 panel manga titled ""I was reincarnated into another world as an ai researcher""",Comic Generation / Manga Story
"Create an image of an analog clock reading 15:32 [Not digital and no other time], a burger with grilled golden provolone cheese, and a glass of red wine filled to the brim.",Image Generation / Still Life Arrangement
"Create a close-up, eye-level selfie portrait of a young woman with a fair flawless complexion, captivating light brown eyes, and long, cascading wavy brown hair with subtle highlights. Her hair is parted down the side, framing her face and flowing over her shoulders. Her eyebrows are well-defined and natural, and her eyes feature delicate eyeliner and long,
feathery lashes. She has a natural, soft pink blush on her cheeks and a glossy pink lip color. She is wearing a loose brown cropped midriff t-shirt that says ""Coffee is my survival juice"" in a retro medium sized font. She wears a delicate silver chain necklace with a small circular pendant. She is holding up a cup of iced latte with straw. The background is softly blurred, showing hints of a modern balcony with reflective surfaces and warm lighting. The overall lighting is soft and even,

highlighting her features with a gentle glow, suggesting natural daylight or studio lighting. The image quality is sharp and high-resolution, capturing fine details as the light hits her face in a golden hour.",Image Generation / Realistic Portrait
"Create a flat, minimalist infographic illustration on a [pale cream/off-white] background. The layout should feature a scattered arrangement of [20] distinct circles. Each circle must have a thin, clean [coral-red] outline. Inside each circle, display the logo or name of a major beverage company including: [Coca-Cola, PepsiCo, Nestle, Starbucks, Red Bull, Heineken, Diageo, Dr Pepper, Monster, Budweiser, Suntory, Danone, Tropicana, Gatorade, Lipton, Fanta, Sprite, Evian, Twinings, Guinness].

Interspersed between the company circles, place minimalist black line-art icons representing the industry, such as [soda cans, glass bottles, coffee cups, droplets, and leaves]. Add small decorative graphic elements like tiny black plus signs (+), small filled dots, and thin black arrows pointing upwards to indicate growth.

In the top left corner, place a bold title graphic text reading ""[Top 20 Beverage Companies]"". In the top right corner, clearly display a modern logo with the text ""[SaaS Junction]"".

The overall style should be corporate but playful, 2D vector art, high contrast, with no shading or 3D effects. Maintain a color palette of [Cream, Coral-Red, Black, and varied logo colors].",Infographic / Corporate Branding
"A large brown bear dressed in intricate traditional Russian folk clothing, sitting at a rustic wooden table outdoors. The bear dips its paw slowly into an old wooden honey barrel, lifting it up with thick golden honey dripping in glistening streams. The scene is captured in close-up cinematic style, highlighting the rich texture of the honey shining in warm, golden sunlight. The bear joyfully licks its paw, with soft focus on the natural background to enhance the warm, inviting atmosphere, rendered in ultra-realistic detail, commercial quality, 4K resolution.",Image Generation / Realistic Animal Portrait
"Create a fashion product collage on a brown corkboard based on this outfit. Each product and the central model image should be presented as individual photos with distinct white borders, pinned organically and aesthetically to the board with small descriptive labels.""",Image Generation / Fashion Collage
Make an infographic of this person’s life based on this article: [Wikipedia Page],Infographic Generation / Biographical Timeline
"Ultra-detailed, hyper-realistic, cinematic, aspect ratio 9:16. Low-angle camera shot slightly looking upward, capturing a young man (face and hair 100% photo reference) wearing an earthy red coat and an olive-yellow knitted hood scarf that explicitly wraps around the head and neck without change. A bright-furred Maine Coon cat sits on top of the hood, looking towards the light coming from behind. Pose: the man stands upright, turning his head slightly to the side.",Image Generation / Cinematic Portrait
"A highly realistic portrait of a man based on the original model (facial structure, hairstyle and body must be 100% identical to the reference image - no alterations allowed) with emphasis on fine, subtle skin details. Creates an ultra-realistic 8K photo. The photo should be in a professional, cinematic style with a gray-ish tone.

Story: A young man has a two-block haircut, parted slightly down the middle (70:30 ratio).He wears an oversized, washed black denim jacket over a plain white crew-neck t-shirt, paired with faded blue cargo jeans. His accessories consist of simple silver rings on his middle and ring fingers, and a chain necklace with a cross pendant. He is holding a black glass in one hand.

He sat on a wooden bench outdoors in front of a coffee shop with a blurred sign that said ""BLACK COFFEE.""He poses casually, but still in a high-fashion way, and he looks directly into the camera with a calm and neutral expression.

Natural cosmetics, natural lip color, use soft, natural evening light, avoid

intense shadow

Area 1

Camera settings: f/1.8, ISO 200, 85mm lens,",Image Generation / Photorealistic Portrait
,
"Unplanned paparazzi style portrait, an intense, close-up moment capturing a man with striking features as he [looks over his shoulder with a confident smirk]. Shot from a slightly low angle, showing only his face and shoulders amidst a blurred, bustling crowd. The image feels raw and spontaneous, lit by a harsh flash, high-ISO texture. He's wearing [a dark turtleneck and stylish sunglasses], embodying effortless street style chic, the energy and atmosphere reminiscent of Paris Fashion Week chaos.",Image Generation / Paparazzi Style Portrait
"A bold, alternative-style young woman in her mid-20s with a powerful, confident attitude. She has a half-shaved undercut hairstyle: one side closely shaved, the other side long, straight platinum-blonde hair falling over her shoulder. Her skin is light-medium with a natural matte finish, showing realistic skin texture, subtle pores, faint micro-imperfections, and soft natural highlights. No plastic smoothness. Her makeup is sharp but realistic: defined brows, warm smokey eyes, clean eyeliner, and matte pink lips. Her gaze is piercing and dominant.
Her upper body and arms are covered in detailed black-and-grey tattoos: large floral pieces, bold linework, realistic shading, and a coiled dragon tattoo across her lower abdomen. Her neck features layered ornamental motifs. Tattoos look slightly textured.
She wears a black fitted crop top and an open beige shirt with rolled sleeves. Accessories include layered black chokers, thin chains, small black earrings, and subtle piercings.
Pose: She stands with both hands placed behind her head, elbows lifted wide in a strong V-shape. Fingers loosely interlocked. This pose raises her shoulders slightly and forms a subtle S-curve through her torso. Her head tilts a few degrees while maintaining direct eye contact with the viewer. Posture grounded and assertive.
Background: A deep red studio backdrop, matte and slightly textured. Subtle gradient shadows around the edges. Clean, minimal, high-fashion red atmosphere.
Lighting: Moody low-key studio lighting. A warm key light from the front-left enhances natural skin grain and pores without over-smoothing. A soft rim light from the right outlines her hair and shoulders. Gentle, realistic shadow transitions along her torso and arms. Balanced cinematic contrast.
Camera & Technical: Full-frame camera with a 50mm or 85mm lens at f/2.2. Wider composition to keep both elbows fully inside the frame.
High-resolution but non-airbrushed rendering, preserved micro-detail, slight film-like grain, soft vignette, deep red color depth. No beauty-filter effect.
Mood & Imperfections: Realistic, powerful, alternative, stylish. Visible fine skin texture, tiny freckles, mild uneven highlights, soft grain in shadows for natural authenticity.",Image Generation / Alternative Fashion Portrait
"Create a 90s style portrait of the same man as in the reference photo, keeping his exact facial features and expression. The image should look as if it was clicked with a 1990s film camera, slightly grainy with warm tones. The scene takes place in a cozy, dimly lit room where a camera flash is clearly visible, casting a focused light on the man while the background remains slightly shadowed.
Only the upper half of his body is visible in the frame. He is posing elegantly, wearing a simple yet stylish 90s outfit such as a casual shirt or turtleneck that complements the warm indoor setting.
The background features a white wall with a few magazine clippings and posters of Hollywood stars from the 90s pinned to it, adding a nostalgic touch. The overall mood should evoke a classic retro portrait look, natural yet artistically lit.",Image Generation / Retro 90s Portrait
"A high-resolution 8K full-length portrait of an attractive man [reference face in the photo] with dark, messy/wind-swept hair. His facial expression is calm, slightly melancholic, and he is looking back (toward the camera).

​Clothing: Wearing a dark brown or dark gray hoodie or oversized jacket with a geometric pattern on the back (white/light gray). The clothing appears loose and weathered.

​Action: Standing on the edge of a damaged wooden pier or rock, looking back toward the camera while facing the sea.

​Environment, Ambiance, and Lighting:
​Environment: Seashore or pier at sunset or dusk. Waves gently ripple and reflect light.

​Background: In the distance, the silhouettes of several sailing ships or boats anchored on the horizon.

​Aves: Numerous seabirds (Seagulls) fly in the sky, adding dynamics to the atmosphere.

​Lighting: Dramatic Golden Hour lighting. The orange-red light from the setting sun reflects strongly on the choppy water surface, creating intense orange/yellow specular highlights and glowing waves. The sky above is a deep blue/purple.

​Atmosphere: A cool, melancholic, and epic atmosphere.

​Composition:
​Composition: Vertical portrait. The character is in the center of the frame, with the wooden plank in the lower left drawing the eye inward. The waves in the lower right strongly reflect the sunset light.",Image Generation / Dramatic Landscape Portrait
"Portrait: A medium-length portrait of the subject (with the same face and hairstyle as the submitted image, without altering the facial expression) posing in a relaxed manner, with one leg crossed over the other and looking directly at the camera. Their right hand is raised near their face, forming a heart shape with the fingers curled inwards, suggesting a heart sign and conveying a warm and friendly feeling. They have a toned, flat abdomen. Their legs are long and slender, with defined calves.

Clothing and Footwear: Whenever a flat lay image is available alongside the reference image, priority should be given to dressing the subject in the clothing shown in the flat lay image. When this is not available, dress the subject according to the following description: the subject is wearing a basic black boxy T-shirt and light-wash jeans. The garment is fitted, accentuating their slender and athletic figure, with narrow shoulders and toned arms. On their feet, they are wearing white Nike Air Force 1 sneakers. On their left wrist, a red watch.  Around her neck, a discreet gold necklace, and Ray-Ban Wayfarer sunglasses.

Setting: The setting is an urban street with a vibrant pink mural in the background, depicting a pair of open angel wings in shades of blue, white, and gray, with yellow accents. Above the mural, dense foliage of lush green trees completes the background, with no other urban elements visible. The ground is a concrete sidewalk with colorful graffiti and subtle paint marks.

Lighting: The sun is directly in front of the subject during the golden hour, bathing both the model and the mural in a soft, diffused golden light. This lighting creates a warm, ethereal glow, with light glimmers and a delicate bokeh effect. The Lensbaby OMNI Filter System is used to enhance the highlights and light patterns, along with the Crystal Seahorse filter to add unique reflections and visual effects.  The sky visible above the mural displays blended shades of blue, pink, and yellow, with scattered clouds that absorb and reflect the golden light.

Style: The style is realistic and cinematic, with a dreamy and ethereal atmosphere characteristic of the golden hour. The scene conveys warmth, optimism, and naturalness. The use of the Lensbaby OMNI Filter System and the Crystal Seahorse adds a dreamlike and artistic touch, with light and reflection effects that create a unique aesthetic. The quality is top-notch, with a focus on textural details, saturated colors, and a soft rendering of light.

Composition: The camera is positioned in a medium shot, slightly below the subject's eye level, allowing the subject to appear closer to the camera while the wings of the mural appear complete and perfectly aligned behind them. The subject is centered in front of the mural, with one leg casually crossed. Their hands form a mini heart shape at chest level, with their arms semi-extended.  The focus is sharp on the subject, the sunglasses and the necklace, with a soft, artistic blur on the mural and the trees in the background, accentuated by the effects of the Lensbaby, creating a magical depth of field and subtle reflections.",Image Generation / Stylized Urban Portrait
"Edit this photo into a vertical portrait, hyper-realistic, shot in 1080x1920 format, with cinematic lighting featuring sharp, intense contrast. Captured from a slightly low angle pointing upward, emphasizing the subject’s jawline and neck, the composition exudes calm dominance and sculptural elegance. The background is a deep, rich crimson red, creating a striking visual contrast with the model’s glowing skin and dark clothing.

The lighting is highly directional, highlighting one side of the face with warm golden accents while the other side sinks into velvet shadows, emphasizing bone structure with almost architectural precision. The subject’s expression is unreadable, eyes cool-colored and half-closed, lips relaxed—suggesting nonchalance or quiet defiance.

The model wears a thick wool or felt coat, with richly defined textures atop the subtle dew-like glow of the skin. Minimal retouching preserves skin texture and slight imperfections, adding realism. Editorial tension is created through clo",Image Generation / Cinematic Vertical Portrait
,
Generate a diagram of a two-layer neural network in the style of Stephen Biesty,Diagram Generation / Neural Network
A photo of the world when GTA 6 is released.,Image Generation / Futuristic Scene
A photo of the sci-fi books I should read,Image Generation / Bookshelf Display
"i need a flowchart for how to toast bread, make it as wacky and over the top and complicated as possible.",Diagram Generation / Wacky Flowchart